date,wave_height,wave_period,swell_height,wind_speed,wind_dir,temp,sea_surface_temp,flood1,flood1_cm,flood2,flood2_cm,ebb1,ebb1_cm,ebb2,ebb2_cm,tide_range,tide_type,moon_age,area
2026-01-28,0.44,3.7,0.22,6.5,20,4.9,13.1,01:01,119.2,11:22,153.7,03:36,113.1,19:55,32.9,120.8,長潮,9.3,東京湾
2026-01-29,0.28,4.0,0.2,3.8,11,3.6,13.2,05:31,134.6,12:53,153.9,08:22,129.4,21:05,14.1,139.8,若潮,10.3,東京湾
2026-01-30,0.36,5.5,0.34,4.5,1,2.9,13.1,05:10,151.3,14:21,160.5,09:38,121.4,21:58,-1.8,162.3,中潮,11.3,東京湾
2026-01-31,0.36,4.9,0.24,5.3,2,2.3,13.4,05:32,165.2,15:35,171,10:26,109.6,22:43,-12.2,183.2,中潮,12.3,東京湾
2026-02-01,0.3,5.1,0.2,2.8,29,4.0,13.8,05:59,175.7,16:37,181.8,11:06,96,23:25,-16.4,198.2,大潮,13.3,東京湾
2026-02-02,0.34,4.55,0.26,2.9,354,4.4,13.8,06:26,183,17:30,190,11:44,81.6,,,108.4,大潮,14.3,東京湾
2026-02-03,0.38,3.9,0.26,6.4,3,5.1,13.6,06:52,187.1,18:17,193.6,00:04,-14.4,12:19,67.7,208.0,大潮,15.3,東京湾
2026-02-04,0.36,4.15,0.34,3.5,3,3.9,13.5,07:18,188.4,18:59,191.3,00:39,-7.1,12:53,55.6,198.4,大潮,16.3,東京湾
2026-02-05,0.3,5.05,0.26,2.5,11,7.2,13.4,07:42,187,19:38,183,01:12,4.4,13:26,46.7,182.6,中潮,17.3,東京湾
2026-02-06,0.58,5.7,0.58,1.1,15,6.5,13.2,08:03,183.2,20:14,169.3,01:41,19.2,13:57,41.8,164.0,中潮,18.3,東京湾
2026-02-07,0.66,3.85,0.26,7.8,29,5.6,12.9,08:24,177.3,20:51,151.8,02:06,35.7,14:27,41.3,141.6,中潮,19.3,東京湾
2026-02-08,0.38,4.65,0.2,6.8,17,0.8,12.8,08:43,169.9,21:33,132.7,02:27,52.9,15:00,44.8,125.1,中潮,20.3,東京湾
2026-02-09,0.58,7.25,0.44,4.5,280,1.9,12.5,09:05,161.3,22:37,115,02:45,70,15:39,51.4,109.9,小潮,21.3,東京湾
2026-02-10,0.24,5.65,0.2,4.0,14,4.4,12.7,09:34,151.8,,,02:56,86.6,16:44,59.1,92.7,小潮,22.3,東京湾
2026-02-11,0.96,4.7,0.64,5.4,247,10.8,12.9,00:38,105.6,10:21,142.3,02:50,102.3,19:33,57.1,85.2,小潮,23.3,東京湾
2026-02-12,0.84,7.15,0.72,6.4,10,6.0,11.6,05:50,123.3,11:48,136,07:40,121.7,20:50,43.3,92.7,長潮,24.3,東京湾
2026-02-13,0.26,6.45,0.22,3.4,359,6.2,11.9,05:00,136.7,13:27,138.1,09:11,113.4,21:35,29,109.1,若潮,25.3,東京湾
2026-02-14,0.24,5.45,0.22,2.1,22,8.4,12.1,05:07,151.1,14:45,147.7,09:56,102.9,22:12,16.4,134.7,中潮,26.3,東京湾
2026-02-15,0.78,4.95,0.74,2.4,291,11.3,12.2,05:26,164.2,15:42,160.5,10:32,92,22:46,6.7,157.5,中潮,27.3,東京湾
2026-02-16,0.52,5.45,0.48,5.5,1,10.9,11.8,05:49,174.7,16:29,173.3,11:05,81,23:20,0.7,174.0,大潮,28.3,東京湾
2026-02-17,0.52,4.15,0.18,6.7,28,4.7,11.9,06:13,182.1,17:11,184.2,11:36,69.6,23:52,-0.9,185.1,大潮,29.3,東京湾
2026-02-18,0.3,5.55,0.18,4.4,360,5.4,11.8,06:36,186,17:51,191.6,12:07,58,,,133.6,大潮,0.6,東京湾
2026-02-19,0.66,4.3,0.3,6.2,11,3.3,12.6,06:59,186.7,18:29,193.8,00:22,2.4,12:37,46.4,191.4,中潮,1.6,東京湾
2026-02-20,0.3,3.95,0.12,5.0,16,4.6,12.8,07:18,184.9,19:06,189.8,00:51,10.7,13:08,36.2,179.1,中潮,2.6,東京湾
2026-02-21,0.2,4.25,0.1,3.7,354,6.7,12.8,07:36,181.5,19:44,179,01:17,23.8,13:39,28.8,157.7,中潮,3.6,東京湾
2026-02-22,0.14,8.25,0.12,3.5,205,11.4,12.9,07:52,177.1,20:27,162,01:41,40.8,14:12,25.8,151.3,中潮,4.6,東京湾
2026-02-23,1.2,4.8,0.3,9.8,197,15.2,13.1,08:08,171.9,21:20,140.8,02:02,60.2,14:51,28.2,143.7,小潮,5.6,東京湾
2026-02-24,0.58,5.3,0.5,4.8,21,11.0,13.3,08:26,165.3,22:45,120.7,02:18,80.5,15:43,35.9,129.4,小潮,6.6,東京湾
2026-02-25,0.36,5.6,0.32,0.5,347,12.7,13.8,08:50,156.3,,,02:27,100.1,17:24,44.3,112.0,小潮,7.6,東京湾
2026-02-26,1.02,5.15,0.56,9.8,360,7.4,13.4,09:41,144.6,,,19:46,37.1,,,107.5,長潮,8.6,東京湾
2026-02-27,0.48,6.15,0.36,6.2,0,9.4,13.4,05:32,142.4,12:51,140.2,09:12,129.2,20:59,21.8,120.6,若潮,9.6,東京湾
2026-02-28,0.32,8.45,0.3,2.5,1,11.0,12.8,05:00,153.3,14:39,152.5,09:48,111.9,21:49,9.6,143.7,中潮,10.6,東京湾
2026-03-01,0.36,6.85,0.3,5.2,23,8.7,12.8,05:06,164.2,15:48,169.2,10:19,93.3,22:30,2.9,166.3,中潮,11.6,東京湾
2026-03-02,0.3,7.5,0.22,4.8,2,9.6,12.9,05:23,173.3,16:41,183.8,10:51,74.5,23:07,2.2,181.6,大潮,12.6,東京湾
2026-03-03,0.42,4.55,0.22,6.2,21,9.7,12.9,05:45,180.2,17:26,193.3,11:23,57,23:42,6.3,187.0,大潮,13.6,東京湾
2026-03-04,1.68,6.95,1.04,11.6,355,6.7,12.9,06:07,185,18:08,196.7,11:54,42,,,154.7,大潮,14.6,東京湾
2026-03-05,0.72,5.3,0.34,7.4,11,7.1,13.3,06:30,187.4,18:45,193.8,00:14,14,12:25,30.5,179.8,大潮,15.6,東京湾
2026-03-06,0.24,6.65,0.18,2.9,7,7.2,13.2,06:51,187.4,19:20,185.1,00:43,24.4,12:55,23.3,164.1,中潮,16.6,東京湾
2026-03-07,1.04,4.85,0.8,8.3,231,13.6,13.4,07:10,185,19:53,171.8,01:09,36.3,13:23,20.8,164.2,中潮,17.6,東京湾
2026-03-08,0.5,4.7,0.26,5.9,360,5.1,13.1,07:28,180.3,20:25,155.6,01:32,49.1,13:51,22.9,157.4,中潮,18.6,東京湾
2026-03-09,0.34,4.1,0.18,6.3,12,4.2,13.2,07:45,173.4,21:00,138.1,01:52,62.5,14:19,29.1,144.3,中潮,19.6,東京湾
2026-03-10,0.54,3.45,0.18,7.6,359,4.2,13.2,08:04,164.4,21:55,121.6,02:09,76.4,14:49,38.8,125.6,小潮,20.6,東京湾
2026-03-11,0.32,4.05,0.14,4.9,15,4.1,13.1,08:27,153.6,23:50,111.7,02:22,90.9,15:31,51,102.6,小潮,21.6,東京湾
2026-03-12,0.34,5.45,0.16,4.9,11,5.4,13.8,09:03,141.1,,,02:27,106.1,17:18,62.6,78.5,小潮,22.6,東京湾
2026-03-13,0.4,3.9,0.14,6.8,18,5.3,13.9,05:32,126.6,10:55,130.3,07:41,124.7,20:11,54,76.3,長潮,23.6,東京湾
2026-03-14,0.62,3.55,0.14,9.2,14,7.1,13.9,04:07,139.6,13:12,134,08:58,110.8,21:03,40.2,99.4,若潮,24.6,東京湾
2026-03-15,0.48,9.0,0.44,4.5,28,7.6,14.1,04:14,154.6,14:34,148.7,09:33,95.4,21:43,28.3,126.3,中潮,25.6,東京湾
2026-03-16,0.38,7.45,0.3,5.7,9,7.8,14.0,04:34,167.6,15:30,166,10:05,79.9,22:18,20.3,147.3,中潮,26.6,東京湾
2026-03-17,0.26,7.55,0.18,4.2,17,9.3,13.9,04:58,177.7,16:17,181.7,10:36,64.4,22:53,17,164.7,大潮,27.6,東京湾
2026-03-18,0.26,6.4,0.22,2.4,15,9.9,14.0,05:22,184.4,17:00,193.6,11:07,49.1,23:26,18.9,174.7,大潮,28.6,東京湾
2026-03-19,0.96,5.05,0.8,9.8,214,15.3,14.1,05:46,188,17:41,200.1,11:39,34.7,23:58,25.8,174.3,大潮,0.1,東京湾
2026-03-20,0.56,6.05,0.42,4.7,29,10.9,14.1,06:09,189,18:22,200.2,12:11,22.1,,,178.1,大潮,1.1,東京湾
2026-03-21,0.48,4.4,0.32,7.2,12,5.3,14.1,06:30,187.9,19:02,193.6,00:28,37.1,12:44,12.8,180.8,中潮,2.1,東京湾
2026-03-22,0.26,4.95,0.16,3.8,357,6.6,14.0,06:49,185.4,19:45,180.5,00:55,51.8,13:18,8.4,177.0,中潮,3.1,東京湾
2026-03-23,0.32,4.7,0.22,2.0,304,11.1,14.1,07:06,181.4,20:32,162.6,01:19,68.7,13:53,10.2,171.2,中潮,4.1,東京湾
2026-03-24,0.64,5.55,0.5,5.2,8,9.5,14.0,07:22,175.6,21:32,142.8,01:40,86.1,14:33,18.8,156.8,中潮,5.1,東京湾
2026-03-25,0.36,6.45,0.3,2.2,1,11.3,14.2,07:38,166.9,23:09,127.7,01:56,102.9,15:25,33.2,133.7,小潮,6.1,東京湾
2024-03-26,0.5,5.35,0.4,5.0,3,11.1,13.4,05:50,182,18:16,186.7,11:58,34.9,,,151.8,大潮,15.7,東京湾
2024-03-27,1.04,5.95,0.62,9.2,2,7.7,13.2,06:07,183.4,18:46,184.1,00:15,40.4,12:23,26.9,157.2,中潮,16.7,東京湾
2024-03-28,0.3,6.75,0.22,3.8,20,8.4,13.1,06:24,183.6,19:15,177.9,00:40,48.3,12:48,20.8,162.8,中潮,17.8,東京湾
2024-03-29,2.58,6.15,0.1,15.7,175,15.4,13.5,06:42,182.5,19:49,167.8,01:04,58.6,13:15,17.5,165.0,中潮,18.8,東京湾
2024-03-30,1.34,6.75,0.94,10.3,237,18.0,14.6,07:02,179.8,20:30,154.3,01:26,71.1,13:45,18.5,161.3,中潮,19.8,東京湾
2024-03-31,1.16,5.15,0.64,9.4,229,17.4,14.5,07:25,174.5,21:33,139.3,01:48,85.8,14:21,25,149.5,小潮,20.8,東京湾
2024-04-01,0.48,5.55,0.4,5.6,360,12.4,14.4,07:53,166,23:28,130.1,02:12,102,15:08,36.9,129.1,小潮,21.8,東京湾
2024-04-02,0.4,5.05,0.24,5.1,9,8.8,15.1,08:35,153.8,,,02:39,119.3,16:31,51.1,102.7,小潮,22.8,東京湾
2024-04-03,0.46,5.4,0.42,2.7,358,11.4,16.5,01:56,137.4,10:36,141.9,07:01,133.8,19:23,50.6,91.3,長潮,23.8,東京湾
2024-04-04,1.0,7.2,0.96,3.0,14,12.8,16.5,03:03,153.2,12:58,147.1,08:32,115.4,20:37,39.1,114.1,若潮,24.8,東京湾
2024-04-05,0.58,5.35,0.42,5.8,38,12.3,17.1,03:34,167.6,14:26,164.7,09:13,93.2,21:26,30.6,137.0,中潮,25.7,東京湾
2024-04-06,0.42,4.05,0.2,5.5,6,10.6,16.5,04:02,179.5,15:30,183.7,09:49,70.1,22:08,27.6,156.1,中潮,26.7,東京湾
2024-04-07,0.38,5.6,0.28,5.3,13,12.9,16.5,04:31,188.5,16:23,198.9,10:24,47.8,22:46,30.5,168.4,大潮,27.7,東京湾
2024-04-08,0.3,6.85,0.24,3.6,9,14.1,16.5,04:59,194.4,17:12,207.7,11:00,28.1,23:23,38.3,179.6,大潮,28.7,東京湾
2024-04-09,0.78,3.95,0.14,12.1,189,18.5,16.2,05:27,197.5,17:59,209.5,11:37,12.3,23:58,49.7,197.2,大潮,0.4,東京湾
2024-04-10,0.86,4.6,0.42,8.5,18,8.3,15.2,05:54,197.7,18:44,204.3,12:13,2.1,,,202.2,大潮,1.4,東京湾
2024-04-11,0.3,7.55,0.26,4.1,10,9.7,14.9,06:20,195.1,19:29,193.1,00:30,63.2,12:50,-1.5,196.6,中潮,2.4,東京湾
2024-04-12,0.38,6.45,0.32,4.7,354,12.3,14.9,06:44,189.6,20:15,177.5,01:00,77.6,13:27,2,187.6,中潮,3.4,東京湾
2024-04-13,0.48,4.55,0.26,6.3,25,13.0,14.7,07:06,181.1,21:05,160,01:26,91.6,14:05,12.3,168.8,中潮,4.4,東京湾
2024-04-14,0.26,7.6,0.2,3.9,15,13.2,15.0,07:24,169.7,22:08,144.1,01:49,104.7,14:47,28.2,141.5,中潮,5.4,東京湾
2024-04-15,0.26,7.85,0.16,2.5,194,15.5,15.5,07:38,155.9,23:36,134.8,02:09,116.5,15:41,47.2,108.7,小潮,6.4,東京湾
2024-04-16,0.46,4.35,0.16,6.5,210,16.6,15.9,07:28,140.1,,,02:26,127.2,17:26,63.2,76.9,小潮,7.4,東京湾
2024-04-17,0.64,4.75,0.42,6.5,214,17.1,16.1,01:51,137.3,11:53,127.6,03:05,137.1,08:57,122.1,72.1,小潮,8.4,東京湾
2024-04-18,0.52,5.9,0.48,4.7,17,15.4,16.5,02:52,146.8,13:47,135.9,09:02,104.6,20:27,61.2,85.6,長潮,9.4,東京湾
2024-04-19,0.52,4.3,0.22,6.9,340,14.3,16.5,03:11,156.3,14:54,150.2,09:21,87.4,21:09,57.8,98.5,若潮,10.4,東京湾
2024-04-20,0.38,7.95,0.34,4.5,29,14.2,16.6,03:30,165.3,15:40,163.8,09:44,71.7,21:43,56.3,109.0,中潮,11.4,東京湾
2024-04-21,0.3,6.1,0.22,4.0,16,15.7,17.0,03:50,173,16:18,174.7,10:08,57.8,22:15,57.1,117.6,中潮,12.4,東京湾
2024-04-22,0.32,4.25,0.18,5.8,54,15.7,17.7,04:11,179.1,16:53,182.4,10:34,45.7,22:46,60,136.7,大潮,13.4,東京湾
2024-04-23,0.36,5.8,0.26,3.9,17,15.3,17.9,04:32,183.2,17:28,186.9,11:01,35.2,23:17,64.9,151.7,大潮,14.4,東京湾
2024-04-24,0.34,5.5,0.28,1.9,47,14.8,17.9,04:53,185.7,18:04,188.2,11:28,26.2,23:47,71.8,162.0,大潮,15.4,東京湾
2024-04-25,0.7,6.5,0.66,1.5,360,15.9,18.1,05:15,187,18:40,186.3,11:57,18.8,,,168.2,大潮,16.4,東京湾
2024-04-26,0.42,5.7,0.4,4.8,10,15.8,18.0,05:37,187.4,19:19,181.3,00:16,80.2,12:27,13.9,173.5,中潮,17.4,東京湾
2024-04-27,0.3,6.2,0.26,1.8,133,18.8,18.5,06:00,186.6,20:03,173.4,00:45,90,12:58,12.4,174.2,中潮,18.4,東京湾
2024-04-28,0.4,6.2,0.4,2.1,14,16.7,18.5,06:26,184,20:55,163.8,01:13,100.6,13:32,15.8,168.2,中潮,19.4,東京湾
2024-04-29,0.34,4.8,0.26,1.8,209,17.8,19.0,06:55,178.4,22:03,155.2,01:43,111.7,14:12,24.7,153.7,中潮,20.4,東京湾
2024-04-30,0.38,4.55,0.28,4.5,159,18.7,19.0,07:33,168.8,23:26,151.8,02:20,122.7,15:02,38.7,130.1,小潮,21.4,東京湾
2024-05-01,0.46,5.45,0.46,3.3,3,17.8,19.3,08:37,155.5,,,03:23,132,16:20,54.8,100.7,小潮,22.4,東京湾
2024-05-02,0.82,3.75,0.12,7.8,354,12.5,18.6,00:46,155.7,10:54,146.7,06:33,128.6,18:32,62.8,92.9,小潮,23.4,東京湾
2024-05-03,0.22,7.15,0.16,2.4,17,14.0,18.4,01:44,164.3,12:50,153.9,07:52,107,19:55,61.5,102.8,長潮,24.4,東京湾
2024-05-04,0.24,5.1,0.14,4.0,356,15.2,18.2,02:25,173.9,14:11,169.1,08:37,81.7,20:50,60.8,113.1,若潮,25.4,東京湾
2024-05-05,0.3,4.25,0.14,5.5,196,18.5,18.5,02:59,182.9,15:14,184.5,09:16,56.4,21:34,63.6,128.1,中潮,26.4,東京湾
2024-05-06,0.66,3.6,0.14,7.8,214,19.1,18.5,03:30,190.5,16:10,195.8,09:54,33.7,22:14,69.8,162.1,中潮,27.4,東京湾
2024-05-07,0.92,4.5,0.5,8.7,210,19.6,18.3,04:01,195.9,17:02,201.7,10:33,15.3,22:53,78.3,186.4,大潮,28.4,東京湾
2024-05-08,1.02,6.9,1.02,3.9,356,17.3,18.1,04:32,198.9,17:53,202.3,11:12,2.6,23:30,87.8,199.7,大潮,29.4,東京湾
2024-05-09,0.72,4.4,0.3,8.4,22,12.2,18.2,05:04,199.1,18:42,198.3,11:52,-3.7,,,202.8,大潮,1.0,東京湾
2024-05-10,0.26,6.5,0.18,1.2,211,14.4,18.1,05:36,196.4,19:30,190.9,00:07,97,12:32,-3.4,199.8,中潮,2.0,東京湾
2024-05-11,0.52,3.6,0.14,6.8,207,17.6,18.2,06:08,190.6,20:18,181.3,00:42,105.2,13:11,3.2,187.4,中潮,3.0,東京湾
2024-05-12,0.44,4.2,0.3,6.8,223,18.6,18.3,06:40,181.7,21:07,171.1,01:16,112.2,13:51,15.3,166.4,中潮,4.0,東京湾
2024-05-13,1.42,5.3,0.52,12.9,204,20.7,18.4,07:12,169.8,21:58,162,01:51,118.2,14:33,31.6,138.2,中潮,5.0,東京湾
2024-05-14,0.84,6.55,0.78,4.7,31,15.5,18.4,07:53,155.6,22:55,156.2,02:33,123.2,15:21,49.9,106.3,小潮,6.0,東京湾
2024-05-15,0.46,7.05,0.42,3.8,14,15.6,18.6,09:25,141.2,23:55,155,03:43,126.6,16:27,67.2,87.8,小潮,7.0,東京湾
2024-05-16,0.56,5.1,0.38,7.1,359,16.1,18.9,11:28,134.9,,,06:55,119,18:01,78.4,56.5,小潮,8.0,東京湾
2024-05-17,1.32,5.75,0.92,6.4,228,17.5,18.1,00:48,158.3,13:00,139,07:56,102,19:19,82,76.3,長潮,9.0,東京湾
2024-05-18,0.42,5.45,0.38,5.8,4,16.3,18.5,01:32,164.3,14:10,149,08:30,84.9,20:13,82.5,81.8,若潮,10.0,東京湾
2024-05-19,0.32,7.5,0.24,1.1,360,18.1,18.9,02:06,171.1,15:03,160.2,09:00,68.8,20:56,83.1,102.3,中潮,11.0,東京湾
2024-05-20,0.36,5.65,0.22,5.2,23,16.3,18.9,02:37,177.5,15:49,170.2,09:30,54.2,21:35,85.2,123.3,中潮,12.0,東京湾
2024-05-21,0.58,6.5,0.54,0.4,225,18.9,19.1,03:05,182.5,16:33,178.1,10:00,41.5,22:12,89.1,141.0,大潮,13.0,東京湾
2024-05-22,0.42,5.35,0.3,6.1,32,17.7,19.5,03:33,186,17:17,183.8,10:32,30.4,22:49,94.6,155.6,大潮,14.0,東京湾
2024-05-23,0.32,7.15,0.26,2.8,212,19.3,19.6,04:01,188.1,18:03,187.2,11:05,21.3,23:26,101.2,166.8,大潮,15.0,東京湾
2024-05-24,0.28,7.1,0.18,1.9,328,19.2,19.8,04:30,189.3,18:50,188.6,11:40,14.5,,,174.8,大潮,16.0,東京湾
2024-05-25,0.56,4.45,0.4,5.8,45,18.6,19.7,05:02,189.7,19:37,187.8,00:03,108.1,12:16,10.6,179.1,中潮,17.0,東京湾
2024-05-26,0.3,5.85,0.3,1.4,73,17.7,19.8,05:35,188.9,20:24,184.9,00:40,114.6,12:53,10.7,178.2,中潮,18.0,東京湾
2024-05-27,0.52,4.3,0.36,9.1,207,20.3,19.9,06:12,186.1,21:12,180.4,01:17,120,13:32,15.6,170.5,中潮,19.0,東京湾
2024-05-28,1.12,5.05,0.72,10.0,216,21.6,19.4,06:55,180.3,22:02,175.5,01:58,124,14:14,25.9,154.4,中潮,20.0,東京湾
2024-05-29,1.54,6.7,1.4,5.7,45,20.4,18.9,07:50,171.1,22:54,171.9,02:47,125.8,15:01,41,130.9,小潮,21.0,東京湾
2024-05-30,0.58,7.1,0.48,1.5,62,19.0,19.6,09:11,160.3,23:45,170.9,03:56,124,16:01,58.8,112.1,小潮,22.0,東京湾
2024-05-31,0.56,6.35,0.38,2.8,27,16.5,19.9,10:55,154.4,,,05:36,114.1,17:27,75.4,79.0,小潮,23.0,東京湾
2024-06-01,0.54,7.65,0.54,2.6,67,18.4,19.9,00:33,173.1,12:29,157,07:00,94.2,18:59,86.1,87.0,長潮,24.0,東京湾
2024-06-02,0.36,5.7,0.26,3.0,63,17.7,20.4,01:15,177.7,13:51,165.4,07:57,70.1,20:06,93,107.6,若潮,25.0,東京湾
2024-06-03,0.36,4.35,0.22,6.5,358,17.1,20.4,01:54,183.6,15:02,175.3,08:44,46.5,20:59,99.3,137.1,中潮,26.0,東京湾
2024-06-04,0.34,4.0,0.14,5.3,6,17.2,20.6,02:31,189.4,16:05,183.5,09:28,26.2,21:45,105.6,163.2,中潮,27.0,東京湾
2024-06-05,0.18,5.85,0.12,4.4,13,17.5,20.6,03:08,194,17:04,188.9,10:12,11.2,22:28,111.3,182.8,大潮,28.0,東京湾
2024-06-06,0.26,7.85,0.22,1.5,233,20.2,20.9,03:46,196.3,17:58,191.6,10:54,2.2,23:11,115.7,194.1,大潮,29.0,東京湾
2024-06-07,0.22,6.95,0.22,2.2,85,19.9,21.0,04:26,196.2,18:48,192,11:37,-0.9,23:53,118.2,197.1,大潮,0.6,東京湾
2024-06-08,0.3,7.1,0.26,2.4,9,18.7,21.0,05:09,193.5,19:33,190.6,12:19,1.4,,,192.1,中潮,1.6,東京湾
2024-06-09,0.36,7.5,0.3,3.5,170,20.9,21.5,05:54,188.5,20:14,187.5,00:35,118.6,13:00,8.5,180.0,中潮,2.6,東京湾
2024-06-10,0.36,6.6,0.26,1.5,152,19.5,21.2,06:40,181.3,20:52,183.3,01:15,117.5,13:39,19.6,163.7,中潮,3.6,東京湾
2024-06-11,0.36,6.25,0.34,0.2,180,20.9,21.5,07:28,172.1,21:28,178.6,01:56,115.7,14:17,33.7,144.9,中潮,4.6,東京湾
2024-06-12,0.26,5.75,0.2,0.5,233,21.2,21.3,08:20,161.5,22:04,174.4,02:39,113.7,14:55,49.4,125.0,小潮,5.6,東京湾
2024-06-13,0.22,6.4,0.16,1.6,86,20.9,21.7,09:24,150.9,22:43,171.5,03:31,111.3,15:36,65.6,105.9,小潮,6.6,東京湾
2024-06-14,0.44,7.25,0.42,2.5,203,22.6,21.8,10:39,143,23:24,170.4,04:43,107.2,16:27,80.9,89.5,小潮,7.6,東京湾
2024-06-15,0.38,6.2,0.38,1.5,20,20.9,22.1,11:57,140.3,,,06:14,98.2,17:38,93.3,47.0,長潮,8.6,東京湾
2024-06-16,0.36,5.5,0.34,6.5,4,21.6,22.4,00:06,171.3,13:14,143.7,07:22,84.4,18:57,101.1,86.9,若潮,9.6,東京湾
2024-06-17,0.68,5.9,0.66,1.3,13,23.3,22.2,00:47,174,14:24,151.5,08:10,69.1,20:02,105.5,104.9,中潮,10.6,東京湾
2024-06-18,0.42,5.35,0.4,1.8,3,20.2,21.9,01:27,177.5,15:27,161.3,08:52,53.8,20:55,108.8,123.7,中潮,11.6,東京湾
2024-06-19,0.64,7.0,0.58,0.5,338,21.3,22.1,02:05,181.2,16:25,171.4,09:31,39.7,21:44,112.3,141.5,大潮,12.6,東京湾
2024-06-20,0.44,6.0,0.42,3.4,182,22.4,22.5,02:43,184.5,17:19,180.8,10:10,27.4,22:30,115.9,157.1,大潮,13.6,東京湾
2024-06-21,0.42,4.9,0.32,4.0,184,22.6,22.5,03:23,187.2,18:10,189,10:51,17.4,23:15,118.9,171.6,大潮,14.6,東京湾
2024-06-22,0.78,8.2,0.72,2.5,265,20.7,22.2,04:05,189.4,18:57,195.2,11:31,10.3,23:59,120.4,184.9,大潮,15.6,東京湾
2024-06-23,0.82,4.2,0.38,6.4,193,22.7,22.5,04:50,191,19:40,198.6,12:12,6.8,,,191.8,中潮,16.6,東京湾
2024-06-24,1.1,5.9,0.98,1.4,360,23.2,22.3,05:37,191.7,20:19,198.7,00:41,120,12:52,8,190.7,中潮,17.6,東京湾
2024-06-25,0.48,4.9,0.48,2.4,240,24.8,22.9,06:26,190.5,20:56,195.6,01:21,117.6,13:31,14.5,181.1,中潮,18.6,東京湾
2024-06-26,0.82,5.2,0.8,2.2,347,24.0,23.0,07:17,186.3,21:31,190.5,02:02,113.4,14:10,26.7,163.8,中潮,19.6,東京湾
2024-06-27,0.36,4.45,0.32,4.6,20,23.1,23.6,08:14,178.7,22:06,184.6,02:45,107.9,14:49,44,140.6,小潮,20.6,東京湾
2024-06-28,0.26,5.3,0.22,0.9,270,22.4,23.6,09:20,168.4,22:43,179.7,03:37,101.1,15:30,64.9,114.8,小潮,21.6,東京湾
2024-06-29,0.76,5.4,0.72,3.5,18,21.8,22.5,10:38,158.5,23:23,176.9,04:42,92.2,16:20,87.1,89.8,小潮,22.6,東京湾
2024-06-30,0.48,5.0,0.42,3.6,193,23.8,23.0,12:05,152.9,,,06:03,79.1,17:33,107.5,73.8,長潮,23.6,東京湾
2024-07-01,1.74,5.2,0.18,13.1,217,25.5,21.7,00:06,176.7,13:37,154,07:18,61.3,19:15,121.2,115.4,若潮,24.6,東京湾
2024-07-02,0.74,5.35,0.72,2.3,263,24.1,22.1,00:52,178.8,15:09,161,08:20,42.5,20:32,127.5,136.3,中潮,25.6,東京湾
2024-07-03,0.46,5.6,0.46,4.5,5,23.8,22.8,01:40,182.1,16:26,170.6,09:12,26.1,21:30,129.7,156.0,中潮,26.6,東京湾
2024-07-04,0.72,5.25,0.72,1.2,14,24.6,23.3,02:29,185.5,17:23,179.2,10:00,14.3,22:20,128.9,171.2,大潮,27.6,東京湾
2024-07-05,0.42,5.65,0.42,5.2,1,25.3,24.6,03:21,188,18:08,185.7,10:45,7.6,23:06,125.6,180.4,大潮,28.6,東京湾
2024-07-06,0.48,5.45,0.48,3.0,24,26.2,25.0,04:15,189.3,18:47,190,11:28,6,23:49,120.2,184,大潮,0.2,東京湾
2024-07-07,0.32,5.5,0.3,2.8,184,25.5,25.8,05:09,189.5,19:20,192.5,12:09,8.7,,,183.8,大潮,1.2,東京湾
2024-07-08,0.58,5.4,0.58,2.6,219,26.5,25.4,06:00,188.2,19:50,193.2,00:29,113.4,12:46,14.9,178.3,中潮,2.2,東京湾
2024-07-09,0.58,5.25,0.56,4.7,215,26.5,25.9,06:47,185.1,20:17,192.1,01:06,106.1,13:21,24,168.1,中潮,3.2,東京湾
2024-07-10,0.6,5.4,0.6,1.8,308,26.2,25.2,07:30,179.4,20:43,189.7,01:41,99.4,13:53,35.4,154.3,中潮,4.2,東京湾
2024-07-11,1.44,5.1,0.26,11.3,222,26.6,23.1,08:10,171.4,21:07,186.3,02:15,94,14:22,48.5,137.8,中潮,5.2,東京湾
2024-07-12,0.72,5.15,0.64,3.9,230,25.7,23.9,08:53,161.5,21:34,182.2,02:49,90,14:51,62.8,119.4,小潮,6.2,東京湾
2024-07-13,0.66,6.45,0.56,1.3,315,24.2,24.4,09:44,150.9,22:05,178.1,03:29,87.3,15:21,78.1,100.0,小潮,7.2,東京湾
2024-07-14,0.38,5.75,0.38,0.2,27,24.9,25.0,10:51,141.9,22:43,174.4,04:20,84.9,15:58,94.3,89.5,小潮,8.2,東京湾
2024-07-15,0.4,4.7,0.26,5.2,211,25.8,25.3,12:16,138,23:29,172.2,05:38,80.5,16:54,110.7,91.7,長潮,9.2,東京湾
2024-07-16,0.26,7.3,0.18,2.5,64,23.5,25.6,13:51,142.3,,,07:10,70.2,18:55,123.1,72.1,若潮,10.2,東京湾
2024-07-17,0.3,7.15,0.22,1.2,318,23.7,25.7,00:21,172.1,15:25,154.2,08:17,55.4,20:29,126.6,116.7,中潮,11.2,東京湾
2024-07-18,0.34,6.6,0.24,2.1,65,25.0,26.2,01:16,174.5,16:32,169.2,09:10,39.7,21:32,126,134.8,中潮,12.2,東京湾
2024-07-19,0.7,4.15,0.24,8.0,220,26.6,26.0,02:12,178.9,17:22,183.4,09:57,25.5,22:23,123.5,157.9,大潮,13.2,東京湾
2024-07-20,1.0,4.8,0.58,7.9,233,27.5,25.9,03:08,184.5,18:04,195.2,10:41,14.1,23:09,119.2,181.1,大潮,14.2,東京湾
2024-07-21,0.48,5.85,0.42,4.4,49,25.5,26.5,04:04,190.7,18:42,203.5,11:23,6.8,23:51,113.1,196.7,大潮,15.2,東京湾
2024-07-22,0.48,4.55,0.42,2.0,264,27.1,27.0,04:58,196.7,19:17,207.8,12:04,4.5,,,203.3,大潮,16.2,東京湾
2024-07-23,0.4,5.45,0.38,0.9,306,26.6,27.8,05:50,200.9,19:49,207.9,00:30,105.2,12:43,7.9,200.0,中潮,17.2,東京湾
2024-07-24,0.78,5.05,0.7,5.8,219,27.4,27.5,06:39,201.9,20:18,204.4,01:08,96.1,13:19,17.5,186.9,中潮,18.2,東京湾
2024-07-25,0.88,5.4,0.76,4.0,231,27.3,27.7,07:27,197.9,20:45,198.4,01:44,86.8,13:53,32.8,165.6,中潮,19.2,東京湾
2024-07-26,0.86,6.9,0.64,5.1,227,27.6,27.7,08:16,188.3,21:11,191.1,02:22,78.6,14:24,52.8,138.3,中潮,20.2,東京湾
2024-07-27,0.52,7.45,0.42,1.4,188,27.5,28.1,09:11,173.9,21:37,183.9,03:04,72.5,14:53,75.6,111.4,小潮,21.2,東京湾
2024-07-28,0.48,7.4,0.36,2.6,32,26.8,28.9,10:18,157.5,22:09,177.3,03:55,68.8,15:20,99.1,108.5,小潮,22.2,東京湾
2024-07-29,0.36,7.65,0.28,3.2,13,28.5,29.0,11:46,144.6,22:51,171.9,05:07,65.8,15:45,121.2,106.1,小潮,23.2,東京湾
2024-07-30,0.3,6.55,0.22,4.5,16,28.2,28.8,13:52,142.7,23:52,168.5,06:43,58.4,15:58,140.5,110.1,長潮,24.2,東京湾
2024-07-31,0.26,7.2,0.18,1.0,107,27.6,28.7,16:51,156.5,,,08:06,45.3,20:42,143.5,111.2,若潮,25.2,東京湾
2024-08-01,0.3,5.1,0.14,3.8,14,26.5,28.8,01:07,168.7,17:10,169,09:06,31.9,21:42,136.7,137.1,中潮,26.2,東京湾
2024-08-02,0.24,6.95,0.2,3.5,35,26.4,28.8,02:23,172.8,17:34,178.6,09:55,22,22:26,127.3,156.6,中潮,27.2,東京湾
2024-08-03,0.26,7.95,0.18,1.3,72,25.5,28.4,03:30,179.2,17:58,185.8,10:38,16.7,23:04,116.7,169.1,大潮,28.2,東京湾
2024-08-04,0.3,7.9,0.22,0.5,117,26.1,28.0,04:28,185.7,18:23,191.2,11:17,15.9,23:39,105.7,175.3,大潮,29.2,東京湾
2024-08-05,0.36,7.95,0.3,1.6,130,26.5,27.9,05:18,190.7,18:46,195,11:53,18.7,,,176.3,大潮,0.7,東京湾
2024-08-06,0.32,7.45,0.26,1.6,30,26.8,28.0,06:01,193.1,19:09,197.1,00:12,95,12:25,24.3,172.8,中潮,1.7,東京湾
2024-08-07,0.32,7.75,0.26,3.7,16,26.8,28.2,06:39,192.3,19:29,197.5,00:43,85.3,12:55,32,165.5,中潮,2.7,東京湾
2024-08-08,0.4,7.65,0.34,2.9,18,25.9,28.4,07:13,188.2,19:48,196.2,01:12,77.2,13:22,41.4,154.8,中潮,3.7,東京湾
2024-08-09,0.44,7.4,0.38,5.3,2,26.4,28.5,07:45,180.9,20:06,193.3,01:39,71.1,13:46,52.5,140.8,中潮,4.7,東京湾
2024-08-10,0.6,6.4,0.46,6.6,10,27.4,28.4,08:17,170.9,20:25,189,02:06,67.1,14:09,65.2,123.8,小潮,5.7,東京湾
2024-08-11,0.32,7.8,0.26,1.1,280,27.6,28.1,08:56,158.5,20:48,183.4,02:36,65.4,14:32,79.9,118.0,小潮,6.7,東京湾
2024-08-12,0.54,4.7,0.24,5.3,212,28.7,28.1,09:53,145.2,21:20,176.5,03:13,66.2,14:56,96.9,110.3,小潮,7.7,東京湾
2024-08-13,0.4,5.1,0.22,3.5,175,28.3,27.3,11:28,135.6,22:06,169.4,04:04,69,15:23,115.8,100.4,長潮,8.7,東京湾
2024-08-14,0.34,7.25,0.22,2.1,185,27.8,27.9,13:45,138.8,23:17,164.4,05:44,69.9,16:12,135.7,94.5,若潮,9.7,東京湾
2024-08-15,0.52,9.0,0.46,3.5,24,27.2,28.2,15:48,156.2,,,07:49,58.7,20:29,137.3,97.5,中潮,10.7,東京湾
2024-08-16,1.74,9.95,1.56,11.6,15,25.6,28.4,00:44,165.5,16:29,174.5,08:55,41.8,21:30,128.2,132.7,中潮,11.7,東京湾
2024-08-17,0.56,7.4,0.46,3.2,268,28.4,26.8,02:03,173.4,17:03,190.2,09:44,26.4,22:15,117.2,163.8,大潮,12.7,東京湾
2024-08-18,0.64,6.15,0.48,4.2,8,26.7,27.1,03:11,185.3,17:35,202,10:28,15.3,22:54,104.9,186.7,大潮,13.7,東京湾
2024-08-19,0.58,6.8,0.52,2.9,354,26.5,28.2,04:10,197.8,18:06,209.7,11:08,9.8,23:31,91.6,199.9,大潮,14.7,東京湾
2024-08-20,0.48,5.9,0.46,2.4,180,26.5,28.0,05:03,208.2,18:35,213.2,11:47,10.6,,,202.6,大潮,15.7,東京湾
2024-08-21,0.42,6.2,0.32,3.0,56,26.2,28.0,05:51,214.3,19:03,212.7,00:07,78,12:23,17.8,196.5,中潮,16.7,東京湾
2024-08-22,0.34,7.7,0.22,2.9,162,26.4,28.3,06:37,214.4,19:29,209.1,00:42,65.2,12:57,30.8,183.6,中潮,17.7,東京湾
2024-08-23,0.48,4.25,0.2,6.0,201,27.7,28.0,07:22,207.6,19:51,203.1,01:18,54.6,13:27,48.7,158.9,中潮,18.7,東京湾
2024-08-24,0.62,4.2,0.36,5.8,218,27.9,27.2,08:08,194,20:11,195.6,01:53,47.9,13:54,69.7,147.7,中潮,19.7,東京湾
2024-08-25,0.32,6.3,0.2,4.6,190,27.8,27.1,08:58,175.2,20:29,187.1,02:31,46.3,14:16,91.7,140.8,小潮,20.7,東京湾
2024-08-26,0.56,8.2,0.44,3.6,186,27.2,27.3,10:02,154.6,20:47,177.7,03:16,50.1,14:30,112.6,127.6,小潮,21.7,東京湾
2024-08-27,0.88,6.6,0.76,5.5,177,26.1,27.5,11:42,139.2,21:08,167.1,04:18,57.6,14:28,130.6,109.5,小潮,22.7,東京湾
2024-08-28,0.82,7.75,0.5,4.8,175,26.2,27.4,18:10,156.3,22:43,155.8,06:14,61.5,20:29,154.6,94.8,長潮,23.7,東京湾
2024-08-29,0.66,7.95,0.48,3.1,153,26.5,27.5,17:07,164.4,,,08:00,53,21:29,141.1,111.4,若潮,24.7,東京湾
2024-08-30,1.22,6.0,0.82,8.6,183,26.3,27.1,01:16,155,16:59,173.5,09:02,41.7,21:56,126.4,131.8,中潮,25.7,東京湾
2024-08-31,1.16,5.55,0.64,8.9,203,26.1,27.0,02:46,165,17:07,181.5,09:46,33.7,22:23,111.5,147.8,中潮,26.7,東京湾
2024-09-01,0.98,6.85,0.98,5.8,199,27.1,26.9,03:47,177.5,17:21,188.3,10:24,30.2,22:50,97.2,158.1,大潮,27.7,東京湾
2024-09-02,0.84,5.3,0.64,8.7,202,27.1,26.8,04:34,188.2,17:39,193.8,10:57,30.6,23:18,84.2,163.2,大潮,28.7,東京湾
2024-09-03,0.6,4.95,0.52,2.8,8,24.8,26.7,05:14,195.3,17:58,197.9,11:28,34,23:46,72.8,163.9,大潮,0.0,東京湾
2024-09-04,1.0,4.95,0.52,6.9,13,23.2,26.5,05:50,198.7,18:16,200.4,11:57,39.4,,,161.0,大潮,1.0,東京湾
2024-09-05,0.42,4.0,0.14,5.9,3,23.7,26.4,06:22,198.2,18:34,201.2,00:12,63.2,12:24,46.4,154.8,中潮,2.0,東京湾
2024-09-06,0.34,7.2,0.22,3.6,247,25.8,26.4,06:51,194.3,18:50,200.5,00:38,55.5,12:49,54.8,145.7,中潮,3.0,東京湾
2024-09-07,0.36,5.6,0.22,2.5,339,24.8,26.8,07:19,187.2,19:05,198.2,01:03,49.8,13:11,64.7,148.4,中潮,4.0,東京湾
2024-09-08,0.46,4.8,0.36,1.8,264,26.0,26.7,07:49,177.1,19:23,194.4,01:28,46.4,13:33,76.6,148.0,中潮,5.0,東京湾
2024-09-09,0.42,7.0,0.36,3.8,353,24.8,26.9,08:25,164.1,19:43,188.5,01:55,46,13:53,90.8,142.5,小潮,6.0,東京湾
2024-09-10,0.46,6.7,0.4,2.1,37,24.9,27.2,09:20,149.4,20:09,180.2,02:28,49.5,14:13,107.3,130.7,小潮,7.0,東京湾
2024-09-11,0.42,5.75,0.42,3.0,222,27.0,27.4,11:09,138.4,20:46,169.5,03:12,57.1,14:34,125.7,112.4,小潮,8.0,東京湾
2024-09-12,0.52,5.35,0.36,2.0,229,26.8,27.5,22:13,158.4,,,04:29,66.5,,,91.9,長潮,9.0,東京湾
2024-09-13,0.66,4.9,0.34,6.3,211,27.5,27.2,15:33,164.3,,,07:21,63,20:37,138,101.3,若潮,10.0,東京湾
2024-09-14,0.7,6.05,0.34,6.5,211,27.7,26.8,00:32,158.6,15:56,181.5,08:36,47.4,21:20,120.7,134.1,中潮,11.0,東京湾
2024-09-15,0.92,5.95,0.66,7.9,210,27.3,26.8,02:05,172.3,16:22,195.7,09:24,33.9,21:55,101.9,161.8,中潮,12.0,東京湾
2024-09-16,0.7,7.2,0.58,0.9,354,26.9,27.0,03:12,190.2,16:50,206.3,10:06,25.8,22:30,82.8,180.5,大潮,13.0,東京湾
2024-09-17,0.58,8.35,0.48,1.0,17,24.7,27.8,04:06,206.3,17:18,212.8,10:45,24.2,23:04,64.3,188.6,大潮,14.0,東京湾
2024-09-18,0.64,5.05,0.4,4.7,239,27.4,27.8,04:56,217.6,17:45,215.7,11:22,29.2,23:39,47.6,188.4,大潮,15.0,東京湾
2024-09-19,0.82,10.25,0.72,2.0,15,26.8,28.0,05:43,222.4,18:11,215.4,11:57,39.8,,,182.6,大潮,16.0,東京湾
2024-09-20,0.62,8.35,0.54,1.4,300,26.6,28.4,06:28,219.8,18:36,212.4,00:15,34.2,12:30,54.7,185.6,中潮,17.0,東京湾
2024-09-21,1.34,5.2,0.48,9.8,230,28.2,27.6,07:13,210,18:57,206.9,00:51,25.5,12:59,72.6,184.5,中潮,18.0,東京湾
2024-09-22,1.14,4.8,0.3,9.1,225,27.2,27.1,08:00,194,19:15,199.3,01:27,23.1,13:25,91.6,176.2,中潮,19.0,東京湾
2024-09-23,0.82,5.2,0.64,8.2,43,23.7,26.4,08:51,174.2,19:30,189.6,02:04,27.6,13:45,110,162.0,中潮,20.0,東京湾
2024-09-24,0.8,3.9,0.2,8.5,12,19.2,26.0,09:59,154.4,19:38,177.7,02:47,38.6,13:56,126.5,139.1,小潮,21.0,東京湾
2024-09-25,0.92,3.9,0.14,10.2,356,19.4,25.2,11:52,142.5,19:19,164.3,03:44,54,13:44,139.9,110.3,小潮,22.0,東京湾
2024-09-26,0.66,4.35,0.26,5.5,356,22.9,24.8,16:59,159.8,,,05:42,66.6,,,93.2,小潮,23.0,東京湾
2024-09-27,0.32,7.4,0.26,4.2,46,23.3,24.8,16:15,166.7,,,07:44,63.3,21:32,127.5,103.4,長潮,24.0,東京湾
2024-09-28,0.56,6.15,0.48,5.8,24,23.8,24.6,01:39,148.6,16:07,174.9,08:44,55.6,21:43,109.6,119.3,若潮,25.0,東京湾
2024-09-29,0.5,4.4,0.26,6.6,17,22.4,24.4,02:55,163.5,16:15,182.8,09:25,50.5,22:03,92.5,132.3,中潮,26.0,東京湾
2024-09-30,0.54,6.3,0.36,6.0,12,21.2,24.3,03:45,177.9,16:28,189.8,09:58,48.9,22:26,77.1,140.9,中潮,27.0,東京湾
2024-10-01,0.74,6.6,0.48,6.8,6,20.6,24.2,04:24,188.9,16:45,195.6,10:29,50.3,22:50,63.9,145.3,大潮,28.0,東京湾
2024-10-02,0.9,6.2,0.52,4.8,222,24.4,24.4,04:59,195.8,17:03,199.7,10:58,54.1,23:16,53.2,146.5,大潮,29.0,東京湾
2024-10-03,0.7,7.5,0.64,5.6,19,22.6,24.5,05:32,198.8,17:21,202.1,11:26,59.5,23:41,44.4,157.7,大潮,0.3,東京湾
2024-10-04,0.94,5.2,0.7,7.8,210,25.3,24.7,06:03,198.2,17:38,202.9,11:53,66.2,,,136.7,大潮,1.3,東京湾
2024-10-05,0.4,6.05,0.34,4.7,11,22.8,24.9,06:33,194.5,17:56,202.5,00:07,37.5,12:18,74.4,165.0,中潮,2.3,東京湾
2024-10-06,0.42,4.7,0.2,5.2,15,20.8,24.5,07:04,187.9,18:14,200.7,00:32,32.4,12:42,83.9,168.3,中潮,3.3,東京湾
2024-10-07,0.32,7.25,0.26,1.1,180,21.0,24.5,07:38,178.6,18:33,197.4,00:59,30,13:05,95,167.4,中潮,4.3,東京湾
2024-10-08,0.58,4.85,0.52,3.3,356,22.7,24.5,08:20,166.8,18:56,191.6,01:28,31.2,13:27,107.8,160.4,中潮,5.3,東京湾
2024-10-09,0.86,3.8,0.14,10.2,360,17.2,24.0,09:25,154.4,19:21,182.6,02:02,37.1,13:51,122.1,145.5,小潮,6.3,東京湾
2024-10-10,1.04,4.1,0.16,9.5,360,17.5,23.0,11:15,147.9,19:55,169.6,02:46,48,14:21,137.5,121.6,小潮,7.3,東京湾
2024-10-11,0.38,4.05,0.18,5.1,2,16.0,23.0,13:21,155.2,21:40,154.4,03:55,61.8,18:39,150.8,93.4,小潮,8.3,東京湾
2024-10-12,0.28,4.35,0.14,5.2,1,17.4,23.9,14:27,169.9,,,06:35,66.9,20:16,131,103.0,長潮,9.3,東京湾
2024-10-13,0.38,3.75,0.2,5.4,6,18.5,24.2,00:27,155.8,15:01,184,08:03,57.7,20:53,107.6,126.3,若潮,10.3,東京湾
2024-10-14,0.52,4.25,0.28,6.0,3,17.8,24.4,01:58,172.1,15:29,196,08:55,49.6,21:27,83.1,146.4,中潮,11.3,東京湾
2024-10-15,0.38,5.5,0.3,4.8,359,18.9,24.1,03:02,190.9,15:57,205.3,09:38,46.6,22:01,59.4,158.7,中潮,12.3,東京湾
2024-10-16,0.38,6.0,0.28,2.8,235,23.1,24.2,03:56,206.3,16:25,211.6,10:17,49.4,22:37,38.2,173.4,大潮,13.3,東京湾
2024-10-17,0.34,6.65,0.3,3.6,347,20.6,23.9,04:45,215.6,16:53,214.9,10:54,57.2,23:13,21.1,194.5,大潮,14.3,東京湾
2024-10-18,0.42,4.4,0.22,5.7,10,21.0,23.9,05:34,218.1,17:20,215.3,11:29,68.8,23:50,9.5,208.6,大潮,15.3,東京湾
2024-10-19,0.56,6.55,0.52,4.3,181,22.5,23.9,06:21,213.9,17:47,212.9,12:03,82.6,,,131.3,大潮,16.3,東京湾
2024-10-20,1.62,4.9,0.48,10.4,14,17.1,23.6,07:10,204.1,18:12,207.5,00:28,4.5,12:35,96.9,203.0,中潮,17.3,東京湾
2024-10-21,0.58,3.55,0.18,7.6,358,12.9,22.8,07:59,190.1,18:34,199,01:07,6.8,13:04,110.8,192.2,中潮,18.3,東京湾
2024-10-22,0.52,4.0,0.22,6.4,360,16.4,22.5,08:54,174.3,18:54,187.4,01:46,16.1,13:30,123.6,171.3,中潮,19.3,東京湾
2024-10-23,0.48,6.65,0.42,0.6,360,19.5,22.5,10:01,160.2,19:07,172.7,02:29,31.4,13:54,134.8,141.3,中潮,20.3,東京湾
2024-10-24,0.74,5.15,0.66,3.8,11,20.9,22.8,11:28,152.2,18:51,155.9,03:22,50.5,14:19,144.7,105.4,小潮,21.3,東京湾
2024-10-25,0.56,5.1,0.26,6.4,10,20.0,23.0,13:23,154.5,23:25,138,04:53,68.2,21:01,134.5,86.3,小潮,22.3,東京湾
2024-10-26,0.62,7.35,0.4,6.8,3,18.4,22.6,14:23,162.7,,,06:54,74,20:54,114.9,88.7,小潮,23.3,東京湾
2024-10-27,0.48,6.8,0.3,4.3,9,17.8,22.4,01:25,144.2,14:47,171.3,08:03,72.2,21:10,95.3,99.1,長潮,24.3,東京湾
2024-10-28,0.48,8.45,0.36,5.0,354,18.9,22.3,02:37,157.7,15:07,179.6,08:47,70.2,21:31,77.4,109.4,若潮,25.3,東京湾
2024-10-29,0.62,5.45,0.36,7.4,43,17.4,22.3,03:26,170.6,15:27,186.9,09:23,70,21:55,61.7,125.2,中潮,26.3,東京湾
2024-10-30,0.72,5.05,0.42,9.0,351,15.9,21.8,04:05,180.5,15:47,192.7,09:55,71.7,22:21,48.8,143.9,中潮,27.3,東京湾
2024-10-31,0.62,4.35,0.18,5.7,41,16.2,22.5,04:41,186.9,16:08,196.7,10:25,75.3,22:47,38.2,158.5,大潮,28.3,東京湾
2024-11-01,0.52,12.15,0.48,1.4,30,15.9,23.1,05:16,190.2,16:29,198.9,10:56,80.5,23:15,29.7,169.2,大潮,29.3,東京湾
2024-11-02,0.8,9.05,0.56,5.8,9,16.2,23.5,05:52,190.7,16:50,199.7,11:26,87,23:43,23.1,176.6,大潮,0.6,東京湾
2024-11-03,1.1,5.55,0.72,9.0,15,17.8,23.0,06:29,188.8,17:12,199.5,11:55,94.7,,,104.8,中潮,1.6,東京湾
2024-11-04,0.3,7.85,0.26,1.4,32,15.0,22.2,07:08,184.6,17:36,198.2,00:12,18.6,12:24,103,179.6,中潮,2.6,東京湾
2024-11-05,0.4,4.15,0.28,3.8,11,16.2,22.0,07:50,178.3,18:02,195.2,00:43,17.1,12:53,111.9,178.1,中潮,3.6,東京湾
2024-11-06,0.52,4.2,0.24,6.5,356,13.7,21.9,08:40,170.8,18:31,189.5,01:16,19.4,13:23,121.1,170.1,中潮,4.6,東京湾
2024-11-07,0.4,3.9,0.2,9.9,7,13.0,21.7,09:42,163.9,19:05,179.9,01:53,26.7,13:59,130.1,153.2,小潮,5.6,東京湾
2024-11-08,0.88,4.2,0.16,7.5,28,11.0,21.4,10:56,160.5,19:56,166.1,02:37,38.9,14:54,137.9,127.2,小潮,6.6,東京湾
2024-11-09,0.42,3.35,0.14,5.5,360,10.3,21.3,12:11,163.1,21:55,152.3,03:39,54.6,17:28,138.2,108.5,小潮,7.6,東京湾
2024-11-10,0.72,5.9,0.56,5.9,6,13.0,21.2,13:10,170.3,,,05:25,67.8,19:25,117.9,102.5,長潮,8.6,東京湾
2024-11-11,1.06,7.65,1.0,6.3,10,15.1,21.0,00:08,153.1,13:53,179.5,07:12,70.9,20:14,91.5,108.6,若潮,9.6,東京湾
2024-11-12,0.42,7.25,0.42,1.9,47,13.9,20.9,01:38,165.4,14:29,188.8,08:16,71,20:55,64.3,124.5,中潮,10.6,東京湾
2024-11-13,0.38,5.9,0.24,5.7,21,16.3,20.8,02:46,180.2,15:01,197.1,09:04,73.3,21:33,39,158.1,中潮,11.6,東京湾
2024-11-14,0.36,5.5,0.22,4.6,2,13.8,20.6,03:45,192.3,15:32,203.6,09:47,78.7,22:12,17.9,185.7,大潮,12.6,東京湾
2024-11-15,0.38,6.25,0.22,2.7,10,16.6,20.6,04:40,199.6,16:04,207.6,10:27,86.6,22:52,2.6,205.0,大潮,13.6,東京湾
2024-11-16,0.46,4.5,0.24,6.3,357,16.0,20.9,05:32,201.8,16:37,208.7,11:05,95.6,23:33,-6.1,214.8,大潮,14.6,東京湾
2024-11-17,0.42,5.25,0.26,6.0,355,16.7,20.7,06:24,199.7,17:10,206.6,11:43,104.3,,,102.3,大潮,15.6,東京湾
2024-11-18,0.58,3.95,0.26,7.9,34,15.4,20.9,07:14,194.3,17:44,201.2,00:14,-8,12:21,112,209.2,中潮,16.6,東京湾
2024-11-19,0.72,3.95,0.14,9.9,20,8.9,20.6,08:04,186.4,18:19,192.4,00:55,-3.1,12:57,118.2,195.5,中潮,17.6,東京湾
2024-11-20,0.38,4.4,0.14,5.6,5,8.4,20.4,08:53,177.5,18:54,180.1,01:36,8,13:35,123,172.1,中潮,18.6,東京湾
2024-11-21,0.84,7.0,0.58,6.3,1,11.5,20.4,09:43,168.8,19:35,164.8,02:18,23.9,14:17,126.7,144.9,中潮,19.6,東京湾
2024-11-22,0.38,6.9,0.3,2.8,38,12.2,20.5,10:36,162.3,20:49,148,03:03,42.7,15:19,128.9,119.6,小潮,20.6,東京湾
2024-11-23,0.52,3.65,0.22,7.0,18,10.9,20.5,11:32,159.4,22:53,136.5,04:00,61.9,18:11,123.6,97.5,小潮,21.6,東京湾
2024-11-24,0.34,3.3,0.1,5.4,24,10.4,19.9,12:25,160.5,,,05:22,77.3,19:43,105.3,83.2,小潮,22.6,東京湾
2024-11-25,0.36,3.3,0.1,6.2,22,9.2,19.8,00:34,135.8,13:11,165,06:50,85.1,20:22,86.2,79.9,長潮,23.6,東京湾
2024-11-26,0.16,6.65,0.12,4.3,3,9.7,20.1,01:55,142.9,13:48,170.9,07:52,87.6,20:53,68.4,102.5,若潮,24.6,東京湾
2024-11-27,1.7,7.3,1.56,3.5,353,12.0,20.9,02:56,152.7,14:20,176.9,08:38,88.9,21:23,52.5,124.4,中潮,25.6,東京湾
2024-11-28,1.34,5.0,0.42,11.2,241,15.3,21.0,03:45,162,14:49,182.1,09:18,90.6,21:53,38.9,143.2,中潮,26.6,東京湾
2024-11-29,1.16,4.55,0.22,9.3,241,13.7,20.0,04:29,169.7,15:17,186,09:55,93.5,22:24,27.4,158.6,大潮,27.6,東京湾
2024-11-30,1.3,5.9,0.9,6.4,262,11.2,19.2,05:12,175.7,15:45,188.6,10:32,97.5,22:56,17.9,170.7,大潮,28.6,東京湾
2024-12-01,0.42,6.05,0.36,3.6,27,9.9,19.1,05:56,180,16:15,190.2,11:09,102.4,23:30,10.5,179.7,大潮,29.6,東京湾
2024-12-02,0.3,5.0,0.26,3.8,350,10.4,19.6,06:39,182.6,16:46,190.9,11:45,107.4,,,83.5,大潮,0.9,東京湾
2024-12-03,0.28,5.0,0.22,1.9,343,10.7,19.8,07:22,183.5,17:20,190.8,00:04,5.7,12:21,111.8,185.1,中潮,1.9,東京湾
2024-12-04,0.48,4.4,0.46,3.4,8,11.7,19.5,08:05,182.2,17:56,188.9,00:39,4.3,12:57,115.3,184.6,中潮,2.9,東京湾
2024-12-05,0.34,5.55,0.22,4.4,17,10.2,19.5,08:47,178.9,18:36,184.3,01:15,7.1,13:35,117.5,177.2,中潮,3.9,東京湾
2024-12-06,0.62,5.15,0.58,3.5,47,10.5,19.5,09:30,174.4,19:22,175.9,01:52,15,14:16,118.2,160.9,中潮,4.9,東京湾
2024-12-07,0.94,5.8,0.88,3.6,359,8.8,19.0,10:15,169.8,20:24,164,02:33,28.1,15:09,116.8,141.7,小潮,5.9,東京湾
2024-12-08,0.62,5.65,0.62,1.8,54,7.9,18.8,11:03,166.9,21:54,151.9,03:19,45.5,16:27,111.5,121.4,小潮,6.9,東京湾
2024-12-09,0.58,3.95,0.16,7.2,12,7.8,18.5,11:51,166.8,23:36,146.4,04:19,65,18:10,97,101.8,小潮,7.9,東京湾
2024-12-10,0.2,4.55,0.12,4.5,8,9.0,18.0,12:38,169.9,,,05:48,82.3,19:27,74,95.9,長潮,8.9,東京湾
2024-12-11,0.14,6.65,0.1,4.0,17,8.5,18.4,01:11,149.6,13:22,175.3,07:22,93,20:23,48.7,126.6,若潮,9.9,東京湾
2024-12-12,0.66,3.55,0.12,8.1,23,5.5,18.4,02:35,158.3,14:04,181.8,08:29,99.5,21:11,25.2,156.6,中潮,10.9,東京湾
2024-12-13,0.2,6.55,0.14,4.3,43,6.9,17.8,03:47,168.2,14:45,187.9,09:21,104.5,21:56,6.3,181.6,中潮,11.9,東京湾
2024-12-14,0.56,4.8,0.52,8.0,357,6.6,17.7,04:50,176.7,15:27,192.3,10:09,108.5,22:40,-6.8,199.1,大潮,12.9,東京湾
2024-12-15,0.26,6.7,0.18,3.2,90,7.6,17.5,05:45,182.6,16:11,194.3,10:53,111.1,23:23,-13.5,207.8,大潮,13.9,東京湾
2024-12-16,0.9,6.05,0.8,3.4,350,6.6,17.0,06:34,185.8,16:56,193.8,11:37,111.7,,,82.1,大潮,14.9,東京湾
2024-12-17,0.38,5.4,0.36,1.9,354,7.4,17.0,07:18,186.3,17:43,190.6,00:06,-14,12:19,110.2,204.6,大潮,15.9,東京湾
2024-12-18,0.66,5.3,0.66,2.5,13,7.2,16.9,07:58,184.5,18:30,184.6,00:47,-8.9,12:59,107.3,193.5,中潮,16.9,東京湾
2024-12-19,0.46,3.5,0.16,6.4,17,6.1,16.8,08:33,180.7,19:16,175.7,01:26,1.2,13:38,103.9,179.5,中潮,17.9,東京湾
2024-12-20,0.18,7.55,0.14,3.3,5,5.9,16.5,09:07,175.5,20:03,163.9,02:03,15.2,14:18,100.7,160.3,中潮,18.9,東京湾
2024-12-21,0.72,4.0,0.26,8.6,232,13.0,16.6,09:40,170,20:55,150.4,02:38,31.9,15:02,98.2,138.1,中潮,19.9,東京湾
2024-12-22,0.86,5.8,0.84,5.9,345,8.8,16.8,10:14,164.9,22:00,137.1,03:13,49.8,15:57,95.9,115.1,小潮,20.9,東京湾
2024-12-23,0.48,5.7,0.36,3.9,18,4.4,16.4,10:52,161.1,23:20,127.4,03:52,67.6,17:22,91.2,93.5,小潮,21.9,東京湾
2024-12-24,0.38,5.3,0.36,4.6,3,5.9,16.1,11:35,159.2,,,04:43,84,19:00,80.1,79.1,小潮,22.9,東京湾
2024-12-25,0.32,4.6,0.24,4.2,13,6.5,16.4,00:49,124.8,12:20,159.5,06:10,96.7,20:04,64.8,94.7,長潮,23.9,東京湾
2024-12-26,0.86,4.45,0.46,8.4,229,13.6,16.4,02:18,130.1,13:06,161.8,07:38,102.8,20:49,48.8,113.0,若潮,24.9,東京湾
2024-12-27,0.74,5.9,0.66,4.1,15,8.2,16.2,03:35,140.4,13:50,165.3,08:42,105,21:29,33.5,131.8,中潮,25.9,東京湾
2024-12-28,0.9,5.65,0.88,1.6,50,5.8,16.0,04:33,152.2,14:33,169.4,09:34,105.9,22:08,19.8,149.6,中潮,26.9,東京湾
2024-12-29,0.34,6.35,0.26,2.7,42,5.5,15.6,05:21,163.7,15:16,173.7,10:20,106.5,22:45,8.1,165.6,大潮,27.9,東京湾
2024-12-30,0.34,5.0,0.22,4.4,10,5.5,15.4,06:05,173.8,15:59,178,11:03,106.5,23:23,-1,179,大潮,28.9,東京湾
2024-12-31,0.42,4.45,0.38,0.3,315,6.6,15.4,06:44,181.6,16:43,182,11:44,105.5,,,76.5,大潮,0.2,東京湾
2025-01-01,0.52,4.7,0.3,8.2,7,6.8,15.1,07:21,186.5,17:28,185.3,00:01,-6.8,12:23,103,193.3,大潮,1.2,東京湾
2025-01-02,0.26,6.05,0.26,2.9,357,6.2,15.2,07:55,187.8,18:12,186.5,00:37,-8.3,12:59,99,196.1,中潮,2.2,東京湾
2025-01-03,0.42,4.35,0.34,5.7,17,5.9,15.2,08:26,185.6,18:56,184.3,01:13,-4.5,13:35,93.7,190.1,中潮,3.2,東京湾
2025-01-04,0.42,3.65,0.22,6.2,1,4.7,15.2,08:56,180.8,19:42,177.4,01:47,5.2,14:12,87.7,175.6,中潮,4.2,東京湾
2025-01-05,0.2,6.35,0.14,3.9,19,4.9,15.1,09:26,174.6,20:35,165.6,02:20,20.5,14:53,81.9,154.1,中潮,5.2,東京湾
2025-01-06,0.28,4.6,0.26,0.6,321,7.3,15.1,09:57,168.4,21:39,150.5,02:53,40.3,15:43,76.3,128.1,小潮,6.2,東京湾
2025-01-07,1.14,7.3,1.12,2.8,57,10.0,15.1,10:32,163.3,23:03,136.3,03:27,63.2,16:54,69.8,100.1,小潮,7.2,東京湾
2025-01-08,1.32,6.6,0.88,8.0,257,6.0,14.9,11:16,160.4,,,04:06,86.8,18:31,58,102.4,小潮,8.2,東京湾
2025-01-09,1.14,5.6,0.68,8.2,260,7.0,13.9,00:47,129.5,12:08,160.1,05:11,108.9,19:55,39.5,120.6,長潮,9.2,東京湾
2025-01-10,1.16,6.4,0.98,2.4,358,2.3,13.9,02:51,134.9,13:08,162.6,07:58,120.3,20:57,19.8,142.8,若潮,10.2,東京湾
2025-01-11,0.34,7.2,0.26,2.5,336,4.9,13.9,04:34,148.6,14:10,167.2,09:15,120.7,21:49,3.4,163.8,中潮,11.2,東京湾
2025-01-12,0.22,5.4,0.16,4.3,355,4.8,14.1,05:23,161.3,15:12,172.8,10:09,116.7,22:35,-7.9,180.7,中潮,12.2,東京湾
2025-01-13,0.22,5.4,0.18,2.8,341,6.1,14.6,06:01,170.8,16:11,178.3,10:55,110.1,23:18,-13.6,191.9,大潮,13.2,東京湾
2025-01-14,0.34,7.95,0.28,1.9,3,6.5,15.1,06:34,177.4,17:06,182.6,11:36,101.6,23:58,-13.8,196.4,大潮,14.2,東京湾
2025-01-15,1.1,5.55,0.78,6.9,266,9.8,15.2,07:05,181.2,17:55,184.5,12:15,92.1,,,92.4,大潮,15.2,東京湾
2025-01-16,0.44,4.2,0.22,6.9,19,4.1,14.6,07:32,182.7,18:40,183,00:36,-9.3,12:50,82.7,192.3,大潮,16.2,東京湾
2025-01-17,0.46,5.45,0.46,5.6,359,5.3,14.6,07:58,181.9,19:19,177.5,01:10,-0.7,13:24,74.5,182.6,中潮,17.2,東京湾
2025-01-18,0.62,3.6,0.12,8.1,17,4.2,14.4,08:21,179.2,19:56,168.1,01:40,11,13:55,68.4,168.2,中潮,18.2,東京湾
2025-01-19,0.18,8.55,0.14,3.7,27,6.1,14.2,08:43,175,20:31,155.4,02:08,24.9,14:26,64.9,150.1,中潮,19.2,東京湾
2025-01-20,0.44,6.25,0.44,0.8,352,7.1,14.3,09:06,169.6,21:11,140.7,02:33,40.1,14:59,63.8,129.5,中潮,20.2,東京湾
2025-01-21,0.42,5.5,0.28,5.0,12,8.6,14.6,09:31,163.6,22:04,125.8,02:56,56.2,15:39,64.7,107.4,小潮,21.2,東京湾
2025-01-22,0.42,4.9,0.26,5.9,3,6.6,14.4,10:02,157.3,23:28,114.2,03:19,72.9,16:37,66.1,91.2,小潮,22.2,東京湾
2025-01-23,0.24,8.05,0.2,5.1,5,6.6,14.7,10:46,151.5,,,03:44,90.3,18:36,63,88.5,小潮,23.2,東京湾
2025-01-24,0.34,5.4,0.26,4.2,17,7.5,14.8,01:33,112.9,11:45,148,04:22,108.3,20:13,49.4,98.6,長潮,24.2,東京湾
2025-01-25,0.58,3.85,0.2,7.2,11,7.0,14.8,04:06,126.8,12:54,148.4,08:16,115.3,21:10,32.4,116.0,若潮,25.2,東京湾
2025-01-26,0.52,3.55,0.14,7.8,7,5.6,14.4,04:50,144.3,14:02,153.4,09:27,111.4,21:55,16.1,137.3,中潮,26.2,東京湾
2025-01-27,0.2,6.45,0.14,3.6,23,5.5,14.1,05:23,160.3,15:05,161.8,10:16,105.4,22:36,2.2,159.6,中潮,27.2,東京湾
2025-01-28,0.14,9.05,0.12,3.1,357,6.2,14.1,05:55,173.7,16:01,171.8,10:58,98.1,23:15,-7.9,181.6,大潮,28.2,東京湾
2025-01-29,1.7,5.55,0.4,11.1,253,8.0,14.1,06:26,183.6,16:52,181.6,11:36,89.8,23:52,-13.2,196.8,大潮,29.2,東京湾
2025-01-30,0.92,6.15,0.72,1.0,339,4.5,,06:56,189.4,17:39,189.3,12:11,80.2,,,109.2,大潮,0.6,東京湾
2025-01-31,0.46,6.1,0.38,4.1,24,4.4,,07:24,191,18:23,193.1,00:27,-12.7,12:45,70,205.8,中潮,1.6,東京湾
2025-02-01,0.32,4.2,0.2,4.1,28,5.2,,07:50,188.9,19:04,191.2,01:00,-6.1,13:19,59.8,197.3,中潮,2.6,東京湾
2025-02-02,0.26,3.6,0.1,5.8,5,5.4,,08:13,184,19:46,182.7,01:31,6.6,13:52,51.2,177.4,中潮,3.6,東京湾
2025-02-03,0.44,5.65,0.32,4.8,357,5.8,,08:34,177.5,20:31,167.5,01:59,24.5,14:27,45.4,153.0,中潮,4.6,東京湾
2025-02-04,0.54,5.2,0.52,2.5,57,7.1,,08:55,170.4,21:24,147.6,02:24,46,15:08,43.5,126.9,小潮,5.6,東京湾
2025-02-05,0.68,5.6,0.56,4.0,21,2.8,,09:17,163.2,22:37,127,02:45,68.9,16:01,45.4,117.8,小潮,6.6,東京湾
2025-02-06,1.18,6.2,0.88,2.1,239,2.4,,09:46,155.9,,,03:00,91.2,17:33,47.2,108.7,小潮,7.6,東京湾
2025-02-07,0.44,4.85,0.36,3.2,354,3.0,,00:41,114.8,10:39,148.4,02:53,110.7,19:36,38.6,109.8,長潮,8.6,東京湾
2025-02-08,0.92,6.6,0.82,5.4,353,2.3,,06:05,135.4,12:22,144.3,08:24,132,20:53,22.7,121.6,若潮,9.6,東京湾
2025-02-09,0.36,6.3,0.26,1.0,325,3.0,,05:29,147,14:08,148.9,09:39,121.9,21:46,8.7,140.2,中潮,10.6,東京湾
2025-02-10,0.26,4.9,0.2,3.6,14,3.5,,05:34,157.9,15:26,159.6,10:19,109,22:30,-0.6,160.2,中潮,11.6,東京湾
2025-02-11,0.34,5.85,0.26,3.6,6,4.4,,05:50,166.6,16:25,171.1,10:54,95,23:08,-4.4,175.5,大潮,12.6,東京湾
2025-02-12,0.2,5.5,0.18,2.5,43,4.2,13.4,06:10,173.4,17:14,180.2,11:27,80.9,23:44,-3.5,183.7,大潮,13.6,東京湾
2025-02-13,1.72,7.25,1.36,14.1,244,14.1,14.4,06:31,178.3,17:56,185.4,11:59,67.6,,,117.8,大潮,14.6,東京湾
2025-02-14,0.42,6.8,0.34,3.0,32,5.0,13.8,06:53,181.2,18:33,185.8,00:16,1.1,12:29,56.1,184.7,大潮,15.6,東京湾
2025-02-15,0.46,4.25,0.26,4.7,25,6.7,14.2,07:13,182.2,19:06,181.6,00:46,8.5,12:57,47,173.7,中潮,16.6,東京湾
2025-02-16,0.52,3.75,0.42,7.6,240,12.2,14.1,07:31,181.2,19:36,173.1,01:12,18,13:24,40.9,163.2,中潮,17.6,東京湾
2025-02-17,0.44,5.65,0.42,3.6,2,8.8,13.9,07:48,178.4,20:04,161.3,01:35,29.2,13:50,37.7,149.2,中潮,18.6,東京湾
2025-02-18,0.86,4.6,0.34,7.1,11,2.9,13.7,08:04,173.9,20:34,146.9,01:56,41.7,14:16,37.7,136.2,中潮,19.6,東京湾
2025-02-19,0.34,5.35,0.22,4.8,12,2.1,13.6,08:23,167.7,21:13,130.9,02:15,55.6,14:46,40.9,126.8,小潮,20.6,東京湾
2025-02-20,0.24,5.7,0.2,2.1,342,2.4,13.6,08:47,159.9,22:24,115.3,02:33,71.3,15:24,47.1,112.8,小潮,21.6,東京湾
2025-02-21,0.38,3.85,0.22,4.8,2,2.7,13.6,09:20,150.7,,,02:49,88.7,16:26,54.9,95.8,小潮,22.6,東京湾
2025-02-22,0.32,3.75,0.2,4.2,6,3.7,13.5,00:55,109.6,10:21,141.5,02:53,107.4,19:26,53.1,88.4,長潮,23.6,東京湾
2025-02-23,0.32,4.35,0.22,4.4,12,2.5,13.4,05:03,128.7,12:08,137.8,08:15,121.7,20:48,36.3,101.5,若潮,24.6,東京湾
2025-02-24,0.32,3.45,0.2,5.4,15,3.0,13.4,04:35,146.5,13:50,145.3,09:22,110.4,21:37,19.4,127.1,中潮,25.6,東京湾
2025-02-25,0.3,5.5,0.2,4.3,13,4.9,13.2,04:55,163,15:04,160,10:03,97.2,22:18,5.9,157.1,中潮,26.6,東京湾
2025-02-26,1.04,4.65,0.5,8.6,250,10.4,13.4,05:21,176.4,16:02,176.1,10:40,83,22:56,-2.3,178.7,大潮,27.6,東京湾
2025-02-27,0.34,5.55,0.32,4.5,17,7.0,12.8,05:48,185.8,16:51,190,11:14,68.3,23:33,-4.5,194.5,大潮,28.6,東京湾
2025-02-28,0.24,4.85,0.24,2.0,359,10.4,13.1,06:15,191.2,17:37,199.5,11:48,53.5,,,146.0,大潮,0.1,東京湾
2025-03-01,0.3,4.9,0.3,2.1,21,10.0,13.1,06:40,192.7,18:20,202.7,00:07,-0.3,12:21,39.5,203.0,大潮,1.1,東京湾
2025-03-02,0.38,4.9,0.36,2.3,335,11.0,13.4,07:04,191.1,19:01,198.5,00:40,9.8,12:55,27.8,188.7,中潮,2.1,東京湾
2025-03-03,0.56,4.6,0.46,8.0,23,10.7,13.6,07:25,187,19:43,186.8,01:09,25.1,13:28,20.2,166.8,中潮,3.1,東京湾
2025-03-04,0.52,5.1,0.32,6.6,23,3.4,13.1,07:44,181.2,20:26,168.6,01:35,44,14:03,18,163.2,中潮,4.1,東京湾
2025-03-05,1.16,4.85,0.48,8.8,359,4.3,12.9,08:00,174.2,21:18,146.3,01:57,64.6,14:41,22.2,152.0,中潮,5.1,東京湾
2025-03-06,0.46,6.1,0.38,6.1,18,9.8,13.2,08:14,165.7,22:34,124.9,02:12,84.8,15:28,32.3,133.4,小潮,6.1,東京湾
2025-03-07,0.72,3.85,0.14,8.8,2,5.7,13.3,08:27,155.5,,,02:17,102.9,16:50,44.8,110.7,小潮,7.1,東京湾
2025-03-08,0.32,3.4,0.12,5.2,39,3.4,13.4,08:17,143,,,19:23,45.1,,,97.9,小潮,8.1,東京湾
2025-03-09,0.48,3.7,0.14,6.8,355,4.0,13.4,05:29,142.1,12:30,132.1,09:38,127.4,20:45,33.3,108.8,長潮,9.1,東京湾
2025-03-10,0.26,4.25,0.16,5.1,10,5.5,13.3,05:01,150.1,14:31,142.8,09:49,110.7,21:35,23.2,126.9,若潮,10.1,東京湾
2025-03-11,0.2,5.7,0.12,1.7,213,11.0,13.4,04:59,158.5,15:39,158.9,10:12,93.2,22:14,17.6,141.3,中潮,11.1,東京湾
2025-03-12,0.52,5.2,0.52,2.4,32,10.6,13.2,05:09,166.1,16:28,173.1,10:37,76.2,22:48,16.6,156.5,中潮,12.1,東京湾
2025-03-13,0.94,7.2,0.94,2.2,18,12.3,13.6,05:25,172.7,17:08,183.1,11:05,60.7,23:19,19.1,164.0,大潮,13.1,東京湾
2025-03-14,0.52,5.0,0.32,5.9,34,8.6,13.7,05:43,178,17:45,188.1,11:32,47.5,23:49,24,164.1,大潮,14.1,東京湾
2025-03-15,0.42,4.35,0.26,6.2,33,7.6,13.9,06:02,181.5,18:18,188.4,12:00,36.9,,,151.5,大潮,15.1,東京湾
2025-03-16,0.72,4.8,0.4,9.1,355,5.9,13.7,06:21,183.3,18:48,184.4,00:16,30.7,12:26,29,155.4,大潮,16.1,東京湾
2025-03-17,1.6,6.0,0.78,11.1,241,11.0,13.4,06:37,183.2,19:16,176.9,00:41,38.5,12:51,23.9,159.3,中潮,17.1,東京湾
2025-03-18,0.48,5.35,0.32,4.0,12,5.6,13.4,06:53,181.5,19:43,166.6,01:04,47.6,13:16,21.7,159.8,中潮,18.1,東京湾
2025-03-19,0.38,4.35,0.22,7.1,318,3.9,13.8,07:10,178.1,20:14,153.8,01:25,58,13:42,22.6,155.5,中潮,19.1,東京湾
2025-03-20,0.42,6.15,0.32,4.0,22,5.4,13.6,07:29,172.7,20:54,139.4,01:45,70.2,14:10,27.3,145.4,中潮,20.1,東京湾
2025-03-21,0.38,5.3,0.36,2.2,356,6.6,14.2,07:52,164.9,22:08,125.4,02:04,84.4,14:46,36.1,128.8,小潮,21.1,東京湾
2025-03-22,1.22,5.3,0.7,9.1,245,14.5,14.6,08:22,154.6,,,02:25,100.6,15:39,48.4,106.2,小潮,22.1,東京湾
2025-03-23,0.86,5.45,0.76,7.7,249,15.2,14.3,00:31,121.7,09:21,142.2,02:47,118.2,18:07,57.4,84.8,小潮,23.1,東京湾
2025-03-24,0.38,6.1,0.36,3.4,10,11.1,14.4,03:08,136.2,11:48,136.5,08:07,123.4,20:12,46,90.5,長潮,24.1,東京湾
2025-03-25,0.76,6.25,0.72,4.5,258,13.8,14.6,03:34,153.4,13:41,147.9,08:59,106.1,21:06,32.5,120.9,若潮,25.1,東京湾
2025-03-26,1.1,4.8,0.46,9.4,228,17.2,14.4,04:00,168.3,14:53,166.6,09:36,86.9,21:49,23,145.3,中潮,26.1,東京湾
2025-03-27,0.42,6.4,0.36,3.1,5,12.7,14.8,04:27,180,15:50,184.9,10:10,67.1,22:28,19.3,165.6,中潮,27.1,東京湾
2025-03-28,1.04,4.85,0.76,9.6,197,17.1,15.1,04:55,188.4,16:39,199,10:44,47.9,23:05,21.6,177.4,大潮,28.1,東京湾
2025-03-29,0.8,6.25,0.7,5.2,25,10.9,15.2,05:22,193.3,17:26,207,11:19,30.2,23:41,29.5,177.5,大潮,29.1,東京湾
2025-03-30,0.22,6.65,0.22,3.6,18,6.4,14.9,05:49,195.2,18:12,207.8,11:54,15.6,,,192.2,大潮,0.7,東京湾
2025-03-31,0.66,3.85,0.2,7.6,32,6.3,14.8,06:14,194.4,18:56,201.4,00:14,41.8,12:30,5.5,195.9,中潮,1.7,東京湾
2025-04-01,0.72,3.85,0.18,9.9,360,5.6,14.4,06:37,191.3,19:41,188.4,00:45,57.3,13:06,1.5,189.8,中潮,2.7,東京湾
2025-04-02,0.86,4.85,0.4,9.8,337,8.5,14.4,06:58,185.9,20:30,170.7,01:13,74.2,13:44,4.5,181.4,中潮,3.7,東京湾
2025-04-03,0.62,6.0,0.46,5.3,29,9.3,14.3,07:16,178,21:27,151.2,01:37,91.2,14:24,14.8,163.2,中潮,4.7,東京湾
2025-04-04,0.32,7.05,0.26,3.3,12,9.0,13.8,07:32,167.4,22:49,135.2,01:56,106.9,15:12,30.9,136.5,小潮,5.7,東京湾
2025-04-05,0.38,5.15,0.26,4.2,33,8.2,13.9,07:41,153.9,,,02:06,120.6,16:30,49.1,104.8,小潮,6.7,東京湾
2025-04-06,0.42,4.25,0.32,5.0,234,14.6,14.3,05:53,140.1,,,18:53,56.4,,,83.7,小潮,7.7,東京湾
2025-04-07,0.58,6.0,0.56,5.7,359,11.9,14.4,04:01,144.2,12:58,132.6,09:09,117.9,20:17,51.5,92.7,長潮,8.7,東京湾
2025-04-08,0.32,6.2,0.2,1.5,112,12.8,14.6,03:43,152.6,14:33,146.8,09:22,98.5,21:06,46.9,105.7,若潮,9.7,東京湾
2025-04-09,0.76,5.7,0.76,3.9,16,11.6,14.6,03:51,160.9,15:31,162.8,09:44,79.4,21:44,45.3,117.5,中潮,10.7,東京湾
2025-04-10,0.28,5.25,0.18,3.4,169,14.7,15.1,04:07,168.6,16:14,175.4,10:08,62.2,22:17,46.7,128.7,中潮,11.7,東京湾
2025-04-11,0.72,5.1,0.7,6.4,220,15.7,15.6,04:25,175.2,16:52,183.6,10:35,47.7,22:47,50.3,135.9,大潮,12.7,東京湾
2025-04-12,0.4,4.65,0.3,5.6,24,12.5,16.0,04:45,180.2,17:27,187.3,11:02,36.2,23:17,55.3,151.1,大潮,13.7,東京湾
2025-04-13,0.32,6.9,0.3,1.9,78,12.1,16.6,05:05,183.5,18:01,187.3,11:29,27.6,23:45,61.3,159.7,大潮,14.7,東京湾
2025-04-14,1.32,6.6,1.1,1.2,265,13.7,17.4,05:25,185.1,18:33,184.3,11:56,21.4,,,163.7,大潮,15.7,東京湾
2025-04-15,1.26,5.4,0.68,10.6,208,14.9,16.8,05:44,185.3,19:05,178.8,00:12,68.1,12:23,17.6,167.7,中潮,16.7,東京湾
2025-04-16,0.84,6.35,0.64,2.1,237,11.3,16.1,06:04,184.3,19:38,171.1,00:37,75.7,12:50,16.2,168.1,中潮,17.7,東京湾
2025-04-17,0.48,5.75,0.42,1.4,336,12.2,15.4,06:25,181.7,20:16,161.7,01:02,84.3,13:18,17.8,163.9,中潮,18.7,東京湾
2025-04-18,0.7,4.75,0.62,6.7,232,17.3,15.6,06:49,177.2,21:06,151.6,01:27,94.2,13:50,23.3,153.9,中潮,19.7,東京湾
2025-04-19,0.42,4.3,0.4,2.0,242,16.3,15.6,07:17,169.8,22:22,143.7,01:55,105.4,14:28,33.3,136.5,小潮,20.7,東京湾
2025-04-20,0.72,3.75,0.18,8.3,210,17.8,16.3,07:56,159.1,23:57,143.3,02:31,117.4,15:22,47.1,112.0,小潮,21.7,東京湾
2025-04-21,0.36,4.8,0.34,5.5,32,16.0,16.4,09:17,146.4,,,03:46,128.5,17:02,60,86.4,小潮,22.7,東京湾
2025-04-22,0.26,5.65,0.22,3.3,187,15.9,17.0,01:20,151.4,11:40,143.5,07:20,121,19:16,59.9,91.5,長潮,23.7,東京湾
2025-04-23,0.9,4.55,0.46,8.6,179,16.3,17.5,02:13,163.2,13:21,155.6,08:18,99.9,20:23,54.1,109.1,若潮,24.7,東京湾
2025-04-24,0.88,7.3,0.88,2.5,42,17.2,16.8,02:51,174.6,14:33,173,08:58,76.5,21:12,51.1,123.5,中潮,25.7,東京湾
2025-04-25,0.48,6.35,0.46,1.9,195,16.7,17.2,03:24,184.2,15:31,189,09:35,53.2,21:54,52.8,136.2,中潮,26.7,東京湾
2025-04-26,0.38,4.85,0.32,4.9,58,13.5,16.9,03:54,191.4,16:24,200.2,10:13,31.9,22:34,58.9,168.3,大潮,27.7,東京湾
2025-04-27,0.26,5.45,0.22,1.5,153,12.6,16.8,04:25,196.2,17:16,205.7,10:51,14.2,23:12,68.5,191.5,大潮,28.7,東京湾
2025-04-28,0.68,4.3,0.46,6.8,218,17.5,16.9,04:55,198.4,18:07,205.2,11:30,1.4,23:49,80.1,203.8,大潮,0.3,東京湾
2025-04-29,0.42,5.25,0.42,1.5,305,13.5,16.6,05:25,198.1,18:57,199.6,12:10,-5.3,,,204.9,大潮,1.3,東京湾
2025-04-30,0.44,6.8,0.34,2.0,11,11.9,16.6,05:55,195.1,19:48,189.8,00:25,92.2,12:50,-5,200.1,中潮,2.3,東京湾
2025-05-01,0.24,6.4,0.22,3.0,358,13.3,16.5,06:25,189,20:41,177.5,00:59,103.8,13:31,2.3,186.7,中潮,3.3,東京湾
2025-05-02,0.46,5.15,0.46,4.6,139,16.7,16.8,06:54,179.5,21:38,165,01:32,114.2,14:15,16.1,163.4,中潮,4.3,東京湾
2025-05-03,0.92,7.45,0.78,1.6,40,15.5,16.8,07:26,166.5,22:44,155.4,02:07,123.1,15:05,34.6,131.9,中潮,5.3,東京湾
2025-05-04,0.78,4.75,0.48,7.3,209,18.6,17.0,08:17,150.5,23:56,151.3,02:55,130.2,16:12,54.3,97.0,小潮,6.3,東京湾
2025-05-05,0.42,5.95,0.4,1.1,195,15.6,17.1,10:48,137.9,,,06:37,129.6,17:55,68.4,69.5,小潮,7.3,東京湾
2025-05-06,0.36,4.6,0.22,3.0,151,16.8,17.1,01:04,153.3,12:43,139.3,08:02,110.2,19:24,73,80.3,小潮,8.3,東京湾
2025-05-07,0.76,7.6,0.76,1.5,103,15.7,17.0,01:52,159,14:06,149.6,08:36,90.1,20:20,74.2,84.8,長潮,9.3,東京湾
2025-05-08,0.46,6.0,0.32,4.2,27,15.0,17.0,02:26,165.9,15:06,161.5,09:05,71.5,21:02,75.8,94.4,若潮,10.3,東京湾
2025-05-09,0.4,5.75,0.36,0.7,86,16.4,17.4,02:53,172.6,15:53,171.3,09:34,55.4,21:38,78.4,117.2,中潮,11.3,東京湾
2025-05-10,1.04,5.0,0.56,8.0,180,18.2,17.5,03:18,178.3,16:33,177.8,10:02,42.6,22:11,82.1,135.7,中潮,12.3,東京湾
2025-05-11,1.32,6.35,1.2,2.2,266,17.8,17.2,03:43,182.5,17:12,181.5,10:32,32.7,22:44,86.8,149.8,大潮,13.3,東京湾
2025-05-12,0.6,5.0,0.48,4.1,230,15.9,17.5,04:07,185,17:51,183,11:01,25.5,23:17,92,159.5,大潮,14.3,東京湾
2025-05-13,0.32,5.6,0.3,3.2,13,16.3,17.5,04:32,186.2,18:30,182.7,11:32,20.3,23:49,97.5,165.9,大潮,15.3,東京湾
2025-05-14,0.2,6.75,0.18,0.7,60,17.3,18.0,04:57,186.3,19:09,181.1,12:02,17.1,,,169.2,大潮,16.3,東京湾
2025-05-15,0.2,7.8,0.14,0.7,60,17.4,18.5,05:25,185.6,19:50,178.1,00:21,103.1,12:34,15.9,169.7,中潮,17.3,東京湾
2025-05-16,0.22,6.2,0.12,2.3,220,18.8,18.8,05:55,183.8,20:33,174,00:53,108.7,13:07,17.7,166.1,中潮,18.3,東京湾
2025-05-17,0.56,3.4,0.12,5.0,186,18.6,18.7,06:28,180.1,21:21,169.5,01:27,114.2,13:43,23.2,156.9,中潮,19.3,東京湾
2025-05-18,1.64,5.65,0.48,8.8,211,20.9,17.4,07:08,173.7,22:14,165.8,02:05,119.2,14:23,33.1,140.6,中潮,20.3,東京湾
2025-05-19,0.92,5.1,0.84,2.6,280,20.2,17.8,08:04,164.2,23:12,164.8,02:56,122.8,15:13,46.8,118.0,小潮,21.3,東京湾
2025-05-20,0.84,4.15,0.3,8.7,215,20.2,18.0,09:34,154.7,,,04:17,122.6,16:22,62.1,92.6,小潮,22.3,東京湾
2025-05-21,0.56,5.0,0.52,0.9,260,19.7,18.3,00:08,167.1,11:22,152.7,06:11,111.6,18:01,73.8,93.3,小潮,23.3,東京湾
2025-05-22,0.52,4.4,0.4,6.9,198,19.3,18.5,00:57,172.5,12:53,159.9,07:25,90.6,19:27,79.4,93.1,長潮,24.3,東京湾
2025-05-23,0.64,5.25,0.54,7.1,24,16.7,18.5,01:40,179.5,14:08,171.5,08:17,66.3,20:28,83.7,113.2,若潮,25.3,東京湾
2025-05-24,0.42,4.65,0.22,5.3,4,16.2,18.6,02:17,186.7,15:15,182.9,09:02,42.5,21:18,89.4,144.2,中潮,26.3,東京湾
2025-05-25,0.3,5.95,0.22,4.3,343,15.8,18.6,02:54,192.9,16:16,191.5,09:45,21.9,22:03,96.6,171.0,中潮,27.3,東京湾
2025-05-26,0.7,5.7,0.56,5.7,27,17.9,18.6,03:30,197.3,17:15,196.6,10:28,6.3,22:47,104.3,191.0,大潮,28.3,東京湾
2025-05-27,0.32,4.75,0.24,5.2,13,16.6,18.7,04:08,199.4,18:11,198.4,11:12,-3.5,23:31,111.2,202.9,大潮,29.3,東京湾
2025-05-28,0.56,5.35,0.36,5.7,18,16.5,18.9,04:48,198.9,19:05,197.4,11:56,-6.9,,,205.8,大潮,1.0,東京湾
2025-05-29,0.22,6.6,0.2,2.4,59,17.0,18.9,05:30,195.7,19:55,193.9,00:14,116.4,12:40,-3.9,199.6,中潮,2.0,東京湾
2025-05-30,0.52,3.5,0.28,8.2,15,15.6,18.8,06:16,189.5,20:42,188.3,00:56,119.5,13:24,5.1,184.4,中潮,3.0,東京湾
2025-05-31,1.04,4.25,0.26,9.7,20,16.2,18.3,07:05,180.5,21:26,181.5,01:40,120.7,14:08,19.3,162.2,中潮,4.0,東京湾
2025-06-01,0.48,7.4,0.46,2.8,106,16.0,17.9,08:02,169,22:10,175,02:27,120.5,14:53,37.4,137.6,中潮,5.0,東京湾
2025-06-02,0.36,6.8,0.3,0.4,40,18.1,19.1,09:14,156.8,22:54,170,03:24,118.7,15:42,57,113,小潮,6.0,東京湾
2025-06-03,0.48,4.65,0.38,5.6,220,20.2,19.8,10:37,147.2,23:39,167.5,04:50,113.6,16:44,75.5,92.0,小潮,7.0,東京湾
2025-06-04,0.82,7.0,0.82,1.0,117,19.4,20.2,12:01,143.5,,,06:31,101.7,18:01,89.3,54.2,小潮,8.0,東京湾
2025-06-05,0.56,5.7,0.42,0.9,68,19.1,20.2,00:22,168,13:21,146.1,07:35,85.5,19:13,97.3,82.5,長潮,9.0,東京湾
2025-06-06,0.48,4.85,0.34,2.1,231,20.3,20.1,01:02,170.6,14:32,152.8,08:20,69.4,20:10,101.7,101.2,若潮,10.0,東京湾
2025-06-07,0.54,4.05,0.34,6.2,215,21.4,19.5,01:39,174.4,15:30,160.5,08:57,55,20:56,104.8,119.4,中潮,11.0,東京湾
2025-06-08,0.34,5.4,0.32,2.2,345,20.4,19.9,02:13,178.1,16:21,167.7,09:32,43.1,21:38,107.8,135.0,中潮,12.0,東京湾
2025-06-09,0.36,5.1,0.32,4.3,179,20.9,20.0,02:45,181.1,17:08,174.1,10:06,33.6,22:18,110.9,147.5,大潮,13.0,東京湾
2025-06-10,0.32,5.6,0.28,1.7,49,19.1,20.1,03:18,183.1,17:53,179.7,10:41,26.2,22:58,114,156.9,大潮,14.0,東京湾
2025-06-11,1.44,5.15,0.4,11.2,217,23.4,19.6,03:52,184.4,18:36,184.4,11:16,20.5,23:38,116.5,163.9,大潮,15.0,東京湾
2025-06-12,0.54,5.55,0.54,2.6,23,21.1,20.0,04:28,185.3,19:17,187.9,11:52,16.6,,,171.3,大潮,16.0,東京湾
2025-06-13,0.26,5.55,0.26,2.9,41,20.0,20.6,05:07,185.9,19:55,189.6,00:17,118,12:27,15,174.6,中潮,17.0,東京湾
2025-06-14,0.28,5.1,0.26,4.3,181,21.5,21.1,05:48,185.8,20:32,189.1,00:55,118.1,13:03,16.5,172.6,中潮,18.0,東京湾
2025-06-15,1.46,5.0,0.32,11.5,206,23.3,20.8,06:33,184.2,21:07,186.6,01:32,116.8,13:39,22.2,164.4,中潮,19.0,東京湾
2025-06-16,0.64,6.35,0.54,0.7,318,23.5,20.7,07:22,179.9,21:43,183,02:11,114.1,14:16,32.5,150.5,中潮,20.0,東京湾
2025-06-17,0.7,5.0,0.66,3.3,254,25.4,21.1,08:20,172.7,22:20,179.5,02:56,110,14:57,47.4,132.1,小潮,21.0,東京湾
2025-06-18,0.52,5.6,0.52,4.0,9,24.6,22.4,09:32,164,23:01,177.4,03:52,104,15:43,65.8,111.6,小潮,22.0,東京湾
2025-06-19,0.38,6.75,0.36,2.3,48,23.7,23.2,10:56,157.4,23:45,177.5,05:05,94.2,16:42,85.5,92.0,小潮,23.0,東京湾
2025-06-20,0.18,6.25,0.16,0.6,51,23.3,23.5,12:24,156.3,,,06:28,78.3,18:08,102.9,78.0,長潮,24.0,東京湾
2025-06-21,0.14,6.5,0.12,2.5,180,23.0,23.5,00:30,180,13:50,161,07:38,57.8,19:38,114.3,122.2,若潮,25.0,東京湾
2025-06-22,0.7,3.6,0.14,8.3,211,23.8,22.4,01:15,184.3,15:13,169.5,08:35,36.8,20:47,120.9,147.5,中潮,26.0,東京湾
2025-06-23,0.8,3.95,0.22,8.0,211,24.8,21.5,02:01,189,16:26,179,09:26,18.8,21:44,124.8,170.2,中潮,27.0,東京湾
2025-06-24,0.42,5.25,0.38,4.4,194,24.3,22.1,02:49,192.9,17:28,187.6,10:15,5.7,22:35,126.1,187.2,大潮,28.0,東京湾
2025-06-25,0.72,8.9,0.72,3.0,15,23.3,23.0,03:39,195.3,18:21,194,11:02,-1.7,23:24,124.7,197.0,大潮,29.0,東京湾
2025-06-26,0.76,7.1,0.76,4.1,322,24.7,24.0,04:34,195.9,19:05,197.8,11:48,-3.3,,,201.1,大潮,0.7,東京湾
2025-06-27,0.82,5.0,0.78,3.3,243,24.6,23.5,05:31,195,19:44,198.8,00:10,120.7,12:32,0.7,198.1,中潮,1.7,東京湾
2025-06-28,0.38,5.6,0.36,2.8,24,24.8,24.6,06:27,192.1,20:19,197.1,00:53,114.6,13:13,9.7,187.4,中潮,2.7,東京湾
2025-06-29,0.26,7.25,0.18,1.6,178,23.9,25.1,07:19,186.6,20:51,193.4,01:35,107.8,13:52,23.2,170.2,中潮,3.7,東京湾
2025-06-30,0.32,6.1,0.2,2.9,195,25.6,25.1,08:11,178,21:22,188.3,02:16,101.4,14:28,39.9,148.4,中潮,4.7,東京湾
2025-07-01,0.5,4.15,0.32,5.0,207,25.8,24.9,09:03,166.8,21:52,182.8,02:58,96.3,15:03,58.3,124.5,小潮,5.7,東京湾
2025-07-02,0.34,5.05,0.22,4.2,195,25.5,25.0,10:00,154.6,22:24,177.7,03:46,92.3,15:39,77,100.7,小潮,6.7,東京湾
2025-07-03,0.28,7.25,0.22,2.8,200,25.6,25.2,11:07,144.2,23:01,173.8,04:47,88.5,16:20,94.7,85.3,小潮,7.7,東京湾
2025-07-04,0.4,7.55,0.34,3.6,176,25.2,25.2,12:26,138.8,23:42,171.4,06:09,82.1,17:22,110,89.3,長潮,8.7,東京湾
2025-07-05,0.58,7.5,0.48,3.9,221,26.1,25.4,13:53,140.6,,,07:25,71.6,18:59,120,69.0,若潮,9.7,東京湾
2025-07-06,0.32,6.45,0.26,3.1,14,26.2,26.1,00:27,170.8,15:20,148.9,08:21,59.1,20:17,123.7,111.7,中潮,10.7,東京湾
2025-07-07,0.26,7.25,0.16,1.3,34,25.7,26.9,01:14,172,16:25,160.2,09:07,46.9,21:16,124.2,125.1,中潮,11.7,東京湾
2025-07-08,0.22,7.15,0.2,2.1,154,26.4,27.2,02:01,174.3,17:12,171.7,09:48,35.8,22:06,123.3,138.5,大潮,12.7,東京湾
2025-07-09,0.34,4.55,0.16,4.5,195,27.2,26.9,02:48,177.5,17:53,182.2,10:27,26.5,22:50,121.5,155.7,大潮,13.7,東京湾
2025-07-10,0.28,6.0,0.24,2.4,194,27.5,27.0,03:36,181.3,18:30,191,11:06,19.1,23:32,118.6,171.9,大潮,14.7,東京湾
2025-07-11,0.5,4.2,0.32,6.3,26,23.7,27.0,04:25,185.6,19:04,197.2,11:43,14.2,,,183.0,大潮,15.7,東京湾
2025-07-12,0.54,4.65,0.32,5.6,17,22.2,26.0,05:13,189.9,19:36,200.3,00:11,114.1,12:20,12.7,187.6,中潮,16.7,東京湾
2025-07-13,0.38,7.0,0.3,2.3,35,23.8,25.9,05:59,193.1,20:04,200.2,00:47,108.1,12:55,15.3,184.9,中潮,17.7,東京湾
2025-07-14,0.34,6.75,0.28,5.6,30,24.7,26.2,06:44,193.7,20:31,197.3,01:21,100.8,13:28,22.9,174.4,中潮,18.7,東京湾
2025-07-15,1.48,6.1,0.72,9.9,179,26.3,26.0,07:30,190.2,20:57,192.5,01:56,92.9,14:00,35.8,156.7,中潮,19.7,東京湾
2025-07-16,1.34,7.1,1.0,7.5,197,25.2,26.0,08:20,181.8,21:23,187.2,02:33,85.2,14:31,53.3,133.9,小潮,20.7,東京湾
2025-07-17,0.88,5.45,0.76,8.0,193,25.6,26.2,09:18,169.4,21:52,182.3,03:17,78.6,15:03,74.3,108.0,小潮,21.7,東京湾
2025-07-18,0.72,6.2,0.64,5.6,202,25.2,26.3,10:31,155.8,22:29,178.3,04:12,73.1,15:36,97,105.2,小潮,22.7,東京湾
2025-07-19,0.52,6.45,0.4,3.9,199,26.1,26.5,12:03,146.7,23:17,175.9,05:32,66.3,16:15,119.6,109.6,長潮,23.7,東京湾
2025-07-20,0.54,4.95,0.28,5.4,204,26.1,26.5,13:58,148,,,07:05,54,18:32,138.9,94,若潮,24.7,東京湾
2025-07-21,0.56,5.05,0.34,4.8,212,26.6,26.6,00:18,175.7,16:02,160.4,08:20,37.4,20:45,141.3,138.3,中潮,25.7,東京湾
2025-07-22,0.58,6.0,0.38,4.2,213,27.0,26.8,01:26,178.3,17:01,174.6,09:19,21.9,21:48,136.4,156.4,中潮,26.7,東京湾
2025-07-23,0.5,5.2,0.32,4.7,215,26.8,27.0,02:35,183.1,17:39,185.7,10:09,10.7,22:37,128.1,175.0,大潮,27.7,東京湾
2025-07-24,0.4,4.9,0.26,4.3,220,27.2,27.1,03:42,189,18:13,193.8,10:55,4.9,23:20,117.7,188.9,大潮,28.7,東京湾
2025-07-25,0.46,4.55,0.3,4.4,221,27.4,27.0,04:44,194.6,18:44,199,11:37,4.7,,,194.3,大潮,0.3,東京湾
2025-07-26,0.66,5.45,0.4,5.8,219,27.6,26.8,05:40,198.5,19:12,201.6,00:00,106.1,12:17,9.6,192.0,大潮,1.3,東京湾
2025-07-27,0.78,5.8,0.48,5.8,216,27.3,26.7,06:29,199,19:39,201.7,00:37,94.4,12:53,18.6,183.1,中潮,2.3,東京湾
2025-07-28,0.66,7.0,0.42,3.8,229,27.1,26.9,07:14,195.2,20:03,199.7,01:12,84.1,13:26,31.1,168.6,中潮,3.3,東京湾
2025-07-29,0.94,12.8,0.9,1.3,77,25.7,27.5,07:54,186.8,20:25,195.7,01:46,76.3,13:55,45.8,149.9,中潮,4.3,東京湾
2025-07-30,0.72,9.0,0.68,4.6,32,26.2,28.0,08:34,174.6,20:47,190.3,02:18,71.6,14:22,61.8,128.5,中潮,5.3,東京湾
2025-07-31,0.58,6.8,0.46,6.2,23,26.0,28.0,09:16,159.9,21:10,183.7,02:51,70.1,14:45,78.3,113.6,小潮,6.3,東京湾
2025-08-01,1.26,7.7,0.74,7.9,5,25.1,27.2,10:10,145.1,21:37,176.6,03:29,71.3,15:07,94.9,105.3,小潮,7.3,東京湾
2025-08-02,0.62,6.65,0.44,3.4,310,28.7,26.2,11:27,133.8,22:16,169.4,04:21,74,15:29,111.5,95.4,小潮,8.3,東京湾
2025-08-03,0.64,7.85,0.56,2.8,26,26.5,26.3,13:21,132.3,23:12,163.7,05:56,74.5,15:55,128.2,89.2,長潮,9.3,東京湾
2025-08-04,0.74,6.2,0.56,6.3,217,27.9,27.0,15:58,144.9,,,07:45,65.8,19:59,136,79.1,若潮,10.3,東京湾
2025-08-05,1.12,5.25,0.7,7.2,221,28.3,25.9,00:24,161.8,16:33,161.2,08:47,52.2,21:13,130.5,109.6,中潮,11.3,東京湾
2025-08-06,0.66,5.85,0.66,1.2,263,28.0,26.4,01:37,165.3,17:02,176.1,09:33,38.7,22:00,123,137.4,中潮,12.3,東京湾
2025-08-07,0.98,5.4,0.7,9.3,231,30.4,27.4,02:42,172.9,17:31,188.8,10:14,27.2,22:40,114.6,161.6,大潮,13.3,東京湾
2025-08-08,0.66,5.9,0.52,1.7,39,26.6,27.4,03:39,182.7,18:01,198.6,10:52,18.9,23:17,105.5,179.7,大潮,14.3,東京湾
2025-08-09,0.52,6.1,0.46,3.3,3,26.1,27.8,04:31,192.6,18:29,204.7,11:29,14.7,23:52,95.3,190.0,大潮,15.3,東京湾
2025-08-10,0.88,4.8,0.4,6.6,211,26.6,27.8,05:18,200.9,18:56,207.2,12:04,15.3,,,191.9,大潮,16.3,東京湾
2025-08-11,1.42,5.7,0.7,10.7,214,26.3,25.3,06:02,205.9,19:21,206.3,00:25,84.5,12:37,21.1,185.2,中潮,17.3,東京湾
2025-08-12,1.34,5.6,0.72,8.2,222,26.9,25.0,06:45,205.8,19:43,202.8,00:58,73.5,13:08,32.4,173.4,中潮,18.3,東京湾
2025-08-13,0.68,6.25,0.66,3.1,17,26.2,25.9,07:27,199.7,20:03,197.8,01:31,63.8,13:36,48.4,151.3,中潮,19.3,東京湾
2025-08-14,0.36,7.35,0.28,2.4,54,24.4,26.6,08:11,187.2,20:21,191.9,02:05,56.7,14:01,68,135.2,中潮,20.3,東京湾
2025-08-15,0.32,7.5,0.16,3.1,212,26.2,27.0,09:03,169.7,20:41,185.6,02:43,53.6,14:23,89.5,132.0,小潮,21.3,東京湾
2025-08-16,0.3,6.1,0.14,3.3,208,26.1,27.0,10:14,150.8,21:05,178.5,03:31,54.9,14:40,111,123.6,小潮,22.3,東京湾
2025-08-17,0.54,4.15,0.2,4.7,215,26.7,26.8,12:05,138.5,21:46,170.1,04:44,58.8,14:45,130.9,111.3,小潮,23.3,東京湾
2025-08-18,0.42,4.95,0.4,1.4,253,26.6,26.9,18:15,156.2,23:30,162.8,06:45,56.2,19:51,155.2,106.6,長潮,24.3,東京湾
2025-08-19,0.36,4.3,0.3,2.5,236,26.8,27.6,17:03,166.9,,,08:17,43.2,21:20,143.6,123.7,若潮,25.3,東京湾
2025-08-20,0.52,4.45,0.42,3.0,228,27.1,27.2,01:30,165.2,17:03,178.3,09:16,29.8,21:59,128.8,148.5,中潮,26.3,東京湾
2025-08-21,0.52,4.85,0.48,2.1,231,26.5,27.2,02:55,175.8,17:19,187.7,10:02,20.9,22:34,112.9,166.8,中潮,27.3,東京湾
2025-08-22,0.34,5.2,0.34,3.3,9,27.1,27.9,03:59,188.2,17:40,194.9,10:43,17.7,23:06,97,177.2,大潮,28.3,東京湾
2025-08-23,0.42,4.0,0.32,4.1,242,27.3,28.1,04:51,198.4,18:03,200,11:20,19.6,23:39,82.1,180.4,大潮,29.3,東京湾
2025-08-24,0.42,4.35,0.36,3.4,245,27.1,27.6,05:37,204.3,18:25,203.2,11:54,25.6,,,178.7,大潮,0.9,東京湾
2025-08-25,0.26,4.9,0.24,3.0,26,26.8,28.0,06:18,205.2,18:47,204.2,00:11,69.2,12:25,34.7,170.5,中潮,1.9,東京湾
2025-08-26,0.26,5.15,0.16,1.8,218,26.5,28.5,06:56,200.8,19:07,203.1,00:41,59.2,12:54,45.6,157.5,中潮,2.9,東京湾
2025-08-27,0.58,3.45,0.12,6.2,209,27.5,27.0,07:30,191.8,19:25,200,01:10,52.7,13:19,57.9,147.3,中潮,3.9,東京湾
2025-08-28,0.36,5.1,0.34,4.8,39,27.2,26.9,08:02,179.2,19:42,195,01:38,49.9,13:41,70.9,145.1,中潮,4.9,東京湾
2025-08-29,0.2,9.35,0.16,0.9,56,26.1,27.9,08:36,164.3,19:59,188.3,02:05,50.8,14:00,84.7,137.5,小潮,5.9,東京湾
2025-08-30,0.3,5.55,0.22,1.3,307,26.9,28.0,09:20,148.6,20:20,179.7,02:35,55,14:18,99.3,124.7,小潮,6.9,東京湾
2025-08-31,0.3,6.4,0.18,1.3,21,26.3,28.1,10:38,135.2,20:50,169.4,03:12,62.2,14:33,115.1,107.2,小潮,7.9,東京湾
2025-09-01,0.26,5.75,0.18,3.8,197,27.0,28.2,13:01,133.1,21:46,158.4,04:10,71,14:35,131.9,87.4,長潮,8.9,東京湾
2025-09-02,0.5,3.65,0.2,7.1,217,28.2,26.9,16:25,150.6,23:45,152.6,06:55,72.4,20:12,141.2,80.2,若潮,9.9,東京湾
2025-09-03,0.48,3.85,0.36,5.6,213,28.0,26.4,16:05,167.2,,,08:23,58.8,21:09,128,108.4,中潮,10.9,東京湾
2025-09-04,0.4,5.4,0.4,3.5,19,25.0,27.7,01:30,159.5,16:24,182.7,09:12,44.3,21:46,113.7,138.4,中潮,11.9,東京湾
2025-09-05,0.54,5.3,0.34,6.8,207,25.5,27.9,02:42,173.8,16:49,195.3,09:52,32.7,22:19,99,162.6,大潮,12.9,東京湾
2025-09-06,0.86,7.85,0.76,1.6,59,24.8,26.8,03:38,189.5,17:15,204.3,10:30,25.8,22:52,84.2,178.5,大潮,13.9,東京湾
2025-09-07,0.46,5.65,0.34,4.4,216,25.9,27.0,04:26,203.2,17:41,209.5,11:05,24.5,23:25,69.4,185.0,大潮,14.9,東京湾
2025-09-08,0.38,4.9,0.34,0.4,315,25.7,27.2,05:12,212.6,18:07,211.2,11:40,28.8,23:58,55.5,183.8,大潮,15.9,東京湾
2025-09-09,0.34,5.35,0.32,2.5,354,26.3,27.8,05:55,216.4,18:30,210.1,12:12,38.5,,,177.9,中潮,16.9,東京湾
2025-09-10,0.38,3.95,0.32,1.4,274,26.3,27.9,06:37,213.5,18:51,206.9,00:31,43.5,12:42,52.9,170.0,中潮,17.9,東京湾
2025-09-11,0.42,3.85,0.34,6.3,222,26.1,27.6,07:20,203.7,19:09,202.2,01:04,35,13:09,70.6,168.7,中潮,18.9,東京湾
2025-09-12,0.26,4.6,0.2,4.5,26,24.1,27.7,08:06,187.7,19:24,196.2,01:39,31.7,13:32,90,164.5,中潮,19.9,東京湾
2025-09-13,0.22,7.05,0.2,1.1,112,23.0,27.5,09:00,167.8,19:38,188.5,02:17,34.6,13:50,109.4,153.9,小潮,20.9,東京湾
2025-09-14,1.14,4.9,0.42,8.7,224,27.2,26.5,10:19,148.6,19:49,178.5,03:03,43.7,13:59,127.1,134.8,小潮,21.9,東京湾
2025-09-15,0.42,5.3,0.4,4.4,20,25.7,26.9,19:30,166.1,,,04:12,56.5,,,109.6,小潮,22.9,東京湾
2025-09-16,0.26,6.4,0.18,2.8,344,25.1,27.5,17:03,164,23:47,149.7,06:35,61.7,21:44,147.8,102.3,長潮,23.9,東京湾
2025-09-17,0.36,4.15,0.14,4.7,208,26.3,27.5,16:24,172.1,,,08:11,52.4,21:32,129.7,119.7,若潮,24.9,東京湾
2025-09-18,0.88,4.55,0.46,7.4,218,28.0,27.4,02:00,159.1,16:22,181,09:05,43,21:51,110.1,138,中潮,25.9,東京湾
2025-09-19,0.46,4.5,0.28,7.6,35,22.0,27.1,03:11,175.6,16:34,189,09:46,38,22:16,90.8,151,中潮,26.9,東京湾
2025-09-20,0.2,6.4,0.12,3.4,33,22.2,26.6,04:03,190.5,16:52,195.7,10:22,37.8,22:44,73.2,157.9,大潮,27.9,東京湾
2025-09-21,0.82,4.6,0.66,7.2,230,26.6,26.2,04:46,200.8,17:11,200.9,10:54,41.7,23:12,58.4,159.2,大潮,28.9,東京湾
2025-09-22,0.46,4.8,0.18,6.0,18,21.9,26.2,05:25,205.6,17:32,204.2,11:25,48.4,23:41,47.1,158.5,大潮,0.3,東京湾
2025-09-23,0.56,10.0,0.4,5.2,3,19.5,25.9,06:02,205.1,17:52,205.5,11:54,56.7,,,148.8,大潮,1.3,東京湾
2025-09-24,0.46,9.35,0.32,5.0,1,19.4,25.6,06:35,200.1,18:10,204.8,00:09,39.3,12:20,65.9,165.5,中潮,2.3,東京湾
2025-09-25,0.42,10.15,0.34,1.0,21,20.4,25.0,07:07,191.5,18:27,202.3,00:36,35,12:45,75.6,167.3,中潮,3.3,東京湾
2025-09-26,0.38,7.9,0.26,0.6,59,22.5,25.0,07:38,180.3,18:44,197.8,01:03,34.1,13:07,85.9,163.7,中潮,4.3,東京湾
2025-09-27,0.28,6.95,0.14,4.8,45,22.3,25.3,08:12,167.5,19:03,191.4,01:29,36.4,13:27,97.2,155.0,中潮,5.3,東京湾
2025-09-28,0.24,6.5,0.18,2.4,2,22.3,25.2,08:57,154.1,19:24,182.5,01:57,42.1,13:46,109.9,140.4,小潮,6.3,東京湾
2025-09-29,0.9,4.3,0.4,9.3,219,24.9,25.5,10:17,142.9,19:50,171.1,02:32,51.3,14:07,124.1,119.8,小潮,7.3,東京湾
2025-09-30,0.48,6.25,0.36,4.8,46,22.0,25.5,12:28,142.6,20:33,157,03:21,63.5,14:35,139.7,93.5,小潮,8.3,東京湾
2025-10-01,0.34,6.15,0.24,5.0,5,21.2,25.4,14:28,156.3,23:23,148,05:19,74.1,20:05,139.6,82.2,長潮,9.3,東京湾
2025-10-02,0.2,6.85,0.14,1.0,47,20.0,24.8,15:02,172.2,,,07:42,66.4,20:45,120.9,105.8,若潮,10.3,東京湾
2025-10-03,0.16,7.95,0.12,3.8,4,20.8,24.6,01:19,158.3,15:28,186.4,08:39,54.6,21:17,100.9,131.8,中潮,11.3,東京湾
2025-10-04,0.28,5.95,0.24,4.5,1,21.4,24.5,02:30,176.2,15:55,197.9,09:21,46.1,21:49,80.6,151.8,中潮,12.3,東京湾
2025-10-05,0.42,6.75,0.34,2.2,360,21.4,24.3,03:25,194,16:21,206.1,10:00,42.7,22:22,60.9,163.4,大潮,13.3,東京湾
2025-10-06,0.42,7.95,0.38,1.8,341,22.5,24.6,04:14,207.9,16:48,210.9,10:36,45.2,22:56,42.9,168.0,大潮,14.3,東京湾
2025-10-07,0.58,6.25,0.42,6.7,25,20.8,24.8,05:00,215.9,17:14,212.9,11:12,52.9,23:31,27.8,188.1,大潮,15.3,東京湾
2025-10-08,0.48,7.6,0.44,4.8,2,20.1,24.5,05:46,217.4,17:39,212.3,11:46,65,,,152.4,大潮,16.3,東京湾
2025-10-09,1.56,11.15,1.42,11.1,26,22.6,24.3,06:32,212.3,18:02,209.6,00:07,17.1,12:18,79.9,195.2,中潮,17.3,東京湾
2025-10-10,0.36,8.15,0.28,3.8,6,18.1,24.2,07:20,201.2,18:23,204.8,00:43,12,12:47,96.2,192.8,中潮,18.3,東京湾
2025-10-11,0.42,9.75,0.42,3.7,38,19.5,24.1,08:11,185.8,18:42,197.4,01:21,13.6,13:13,112.4,183.8,中潮,19.3,東京湾
2025-10-12,0.74,7.3,0.62,2.6,25,17.7,23.9,09:13,168.8,18:59,187.1,02:02,22.4,13:35,127.3,164.7,中潮,20.3,東京湾
2025-10-13,0.66,7.65,0.48,5.8,15,20.9,23.9,10:35,155.1,19:07,173.4,02:49,37.4,13:51,140.5,136.0,小潮,21.3,東京湾
2025-10-14,0.46,6.55,0.38,5.8,40,18.9,23.8,12:44,152,17:47,158.6,03:57,55.5,13:50,151.6,103.1,小潮,22.3,東京湾
2025-10-15,0.42,3.4,0.14,6.3,6,16.2,23.8,15:11,161.9,,,06:06,67,21:01,133.8,94.9,小潮,23.3,東京湾
2025-10-16,0.3,4.05,0.14,5.7,359,17.9,23.6,00:22,144.5,15:05,170.7,07:43,65.1,21:06,112.2,105.6,長潮,24.3,東京湾
2025-10-17,0.38,4.2,0.26,7.2,24,20.4,23.6,02:04,157.3,15:19,179.1,08:38,61.5,21:26,90.5,117.6,若潮,25.3,東京湾
2025-10-18,0.18,6.25,0.12,0.5,49,18.3,23.6,03:07,173.2,15:37,186.9,09:18,60.5,21:50,70.5,126.4,中潮,26.3,東京湾
2025-10-19,0.42,5.0,0.38,5.4,15,22.0,23.6,03:54,186.1,15:56,193.6,09:52,62.6,22:17,53.8,139.8,中潮,27.3,東京湾
2025-10-20,0.4,4.25,0.24,3.9,17,17.1,23.5,04:34,194.1,16:17,198.7,10:24,67.2,22:45,40.8,157.9,大潮,28.3,東京湾
2025-10-21,0.6,3.45,0.12,6.9,32,15.7,23.2,05:12,197.2,16:38,201.8,10:54,73.2,23:13,31.7,170.1,大潮,29.3,東京湾
2025-10-22,0.56,3.45,0.16,8.1,17,14.3,23.1,05:47,196.3,16:59,202.9,11:23,80,23:42,26,176.9,大潮,0.6,東京湾
2025-10-23,0.56,3.85,0.18,7.7,1,13.8,22.8,06:22,192.3,17:19,202.3,11:51,87.1,,,115.2,中潮,1.6,東京湾
2025-10-24,0.56,3.7,0.18,7.4,11,13.7,22.8,06:57,186.2,17:40,200.1,00:10,23.3,12:18,94.5,176.8,中潮,2.6,東京湾
2025-10-25,0.64,4.1,0.26,6.2,2,14.0,22.6,07:32,178.6,18:02,196.3,00:37,23.2,12:44,102.2,173.1,中潮,3.6,東京湾
2025-10-26,0.46,4.8,0.3,5.0,5,15.8,22.5,08:11,170.1,18:26,190.5,01:06,25.8,13:09,110.6,164.7,中潮,4.6,東京湾
2025-10-27,0.46,7.0,0.36,3.6,13,18.9,22.5,09:00,161.6,18:53,182.2,01:36,31.5,13:38,119.9,150.7,小潮,5.6,東京湾
2025-10-28,0.46,5.35,0.36,4.3,24,15.2,22.3,10:10,155.4,19:27,170.7,02:12,40.9,14:14,129.9,129.8,小潮,6.6,東京湾
2025-10-29,0.48,3.35,0.12,7.4,20,13.5,22.1,11:35,155.2,20:30,156.2,02:59,53.6,15:24,139.1,102.6,小潮,7.6,東京湾
2025-10-30,0.56,3.45,0.12,6.6,356,11.6,21.6,12:51,162.2,23:01,148,04:16,67.3,18:57,132.8,94.9,長潮,8.6,東京湾
2025-10-31,0.4,4.9,0.22,5.1,8,14.8,21.4,13:44,172.9,,,06:31,72.5,20:00,111.1,100.4,若潮,9.6,東京湾
2025-11-01,1.56,6.8,1.32,1.9,299,17.6,21.0,00:51,156.4,14:22,183.9,07:50,68.8,20:39,86.9,115.1,中潮,10.6,東京湾
2025-11-02,0.68,5.75,0.66,2.6,12,15.6,21.0,02:07,172.2,14:55,193.8,08:42,66,21:16,62.4,131.4,中潮,11.6,東京湾
2025-11-03,0.92,4.75,0.54,6.9,250,17.0,21.1,03:07,187.8,15:25,201.5,09:26,67,21:52,39.7,161.8,大潮,12.6,東京湾
2025-11-04,0.38,4.0,0.14,4.8,9,11.4,20.9,04:00,199.6,15:55,206.9,10:06,72.3,22:30,20.4,186.5,大潮,13.6,東京湾
2025-11-05,0.26,4.0,0.12,4.8,8,11.7,20.4,04:52,206.2,16:25,209.7,10:45,81.2,23:09,6,203.7,大潮,14.6,東京湾
2025-11-06,0.48,3.95,0.2,7.4,352,13.6,19.9,05:44,207.2,16:55,210,11:23,92.1,23:49,-2.4,212.4,大潮,15.6,東京湾
2025-11-07,0.34,7.9,0.28,2.1,1,14.6,19.6,06:37,203.6,17:26,207.5,12:00,103.6,,,103.9,中潮,16.6,東京湾
2025-11-08,0.34,4.6,0.2,5.9,25,13.2,19.4,07:29,196.1,17:57,201.9,00:30,-4.2,12:36,114.4,206.1,中潮,17.6,東京湾
2025-11-09,0.34,4.95,0.18,5.2,1,11.8,19.1,08:23,186.2,18:28,192.7,01:12,1.1,13:11,123.9,191.6,中潮,18.6,東京湾
2025-11-10,1.1,8.1,1.1,0.3,9,14.4,18.8,09:20,175.5,19:00,179.7,01:55,13.1,13:48,131.6,166.6,中潮,19.6,東京湾
2025-11-11,0.52,7.7,0.4,3.8,12,11.3,19.0,10:22,166.5,19:42,163,02:43,30.5,14:36,137.5,136.0,小潮,20.6,東京湾
2025-11-12,0.66,8.6,0.5,6.6,24,11.0,18.9,11:29,161.6,21:56,146,03:41,50.7,16:50,138.7,110.9,小潮,21.6,東京湾
2025-11-13,0.32,9.05,0.3,0.9,25,12.8,18.8,12:33,161.9,,,05:08,68.5,19:41,119.6,93.4,小潮,22.6,東京湾
2025-11-14,0.36,6.9,0.32,3.7,20,13.9,18.6,00:05,142,13:24,166.1,06:45,77.7,20:20,96.9,88.4,長潮,23.6,東京湾
2025-11-15,0.36,5.95,0.26,5.4,3,11.9,18.5,01:39,149.3,14:01,172.3,07:52,81.1,20:51,75.4,96.9,若潮,24.6,東京湾
2025-11-16,0.24,5.95,0.22,3.9,7,11.7,18.5,02:48,160.3,14:31,179,08:39,83.4,21:21,56.7,122.3,中潮,25.6,東京湾
2025-11-17,0.36,6.1,0.36,0.4,34,12.4,18.5,03:40,170,14:58,185,09:18,86.2,21:51,41.5,143.5,中潮,26.6,東京湾
2025-11-18,0.5,4.85,0.46,5.0,359,12.8,18.6,04:24,176.5,15:24,189.5,09:53,89.8,22:21,30.3,159.2,大潮,27.6,東京湾
2025-11-19,0.38,4.15,0.22,5.5,27,8.8,18.6,05:04,180.1,15:49,192.3,10:26,94,22:52,22.4,169.9,大潮,28.6,東京湾
2025-11-20,0.26,4.5,0.16,4.3,13,8.8,17.9,05:44,181.5,16:15,193.4,10:59,98.5,23:22,17.4,176.0,大潮,29.6,東京湾
2025-11-21,0.38,4.85,0.36,0.7,69,9.6,18.0,06:23,181.4,16:42,193.1,11:32,102.9,23:53,14.6,178.5,大潮,0.8,東京湾
2025-11-22,0.38,4.8,0.32,3.8,29,11.5,18.0,07:01,180.2,17:10,191.8,12:04,107.1,,,84.7,中潮,1.8,東京湾
2025-11-23,0.32,4.2,0.14,4.9,348,11.2,17.9,07:40,178.1,17:40,189.5,00:24,13.8,12:37,111,175.7,中潮,2.8,東京湾
2025-11-24,0.3,7.25,0.22,2.1,27,11.5,17.9,08:19,175.1,18:12,185.5,00:56,15.4,13:10,114.5,170.1,中潮,3.8,東京湾
2025-11-25,0.26,7.7,0.2,3.1,12,12.0,17.9,09:00,171.4,18:50,179.1,01:28,19.9,13:46,117.7,159.2,中潮,4.8,東京湾
2025-11-26,0.58,5.9,0.56,2.7,4,10.9,18.0,09:46,167.7,19:37,169.5,02:04,28.3,14:30,120,141.2,小潮,5.8,東京湾
2025-11-27,0.26,6.15,0.2,3.6,358,10.7,17.0,10:37,165.4,20:46,157.6,02:46,40.5,15:32,120.3,124.9,小潮,6.8,東京湾
2025-11-28,0.58,4.05,0.42,7.4,222,16.5,17.7,11:31,165.7,22:30,148.9,03:38,55.9,17:13,114.2,109.8,小潮,7.8,東京湾
2025-11-29,0.48,4.5,0.26,6.4,25,10.1,17.5,12:22,169.2,,,04:53,71.6,18:52,96.3,97.6,長潮,8.8,東京湾
2025-11-30,0.26,4.55,0.12,3.5,7,9.8,17.5,00:11,149.7,13:08,175.2,06:35,82.4,19:54,72,103.2,若潮,9.8,東京湾
2025-12-01,0.34,4.5,0.3,6.2,222,16.7,17.8,01:37,158,13:50,182.5,07:53,88.1,20:43,46.7,135.8,中潮,10.8,東京湾
2025-12-02,0.34,4.7,0.32,3.4,357,12.8,17.7,02:51,169.2,14:29,189.6,08:50,92.9,21:28,23.6,166.0,中潮,11.8,東京湾
2025-12-03,0.3,5.55,0.24,2.8,17,13.6,17.6,03:57,179.5,15:07,195.5,09:39,98.5,22:11,4.8,190.7,大潮,12.8,東京湾
2025-12-04,1.02,6.15,0.88,2.4,322,7.2,17.5,04:58,187.3,15:46,199.3,10:25,104.5,22:56,-8.3,207.6,大潮,13.8,東京湾
2025-12-05,0.9,5.1,0.7,6.7,258,8.5,17.5,05:55,192.2,16:28,200.6,11:10,109.8,23:40,-15.1,215.7,大潮,14.8,東京湾
2025-12-06,0.36,5.3,0.28,3.9,11,6.7,17.1,06:48,194,17:12,199.2,11:54,113.4,,,85.8,大潮,15.8,東京湾
2025-12-07,0.48,4.55,0.42,1.9,333,8.2,17.0,07:36,192.8,17:58,194.6,00:24,-15.2,12:37,115,209.8,中潮,16.8,東京湾
2025-12-08,0.3,5.75,0.26,1.9,343,8.6,17.1,08:21,188.8,18:46,186.8,01:07,-8.7,13:19,114.7,197.5,中潮,17.8,東京湾
2025-12-09,0.56,3.4,0.18,8.0,20,10.2,16.9,09:03,182.7,19:38,175.5,01:49,3.9,14:03,113.2,178.8,中潮,18.8,東京湾
2025-12-10,0.2,7.2,0.14,3.2,16,8.6,16.7,09:43,175.6,20:39,161.5,02:31,21.4,14:51,110.9,154.2,中潮,19.8,東京湾
2025-12-11,0.22,6.9,0.14,3.6,358,8.1,16.9,10:24,168.9,21:53,147.3,03:15,41.9,15:55,107.3,127.0,小潮,20.8,東京湾
2025-12-12,0.84,4.75,0.56,9.4,5,8.2,16.9,11:06,164.1,23:19,137,04:04,63.1,17:35,99.6,101.0,小潮,21.8,東京湾
2025-12-13,0.5,3.8,0.14,6.9,20,5.3,16.4,11:51,162,,,05:10,81.9,19:09,84.5,80.1,小潮,22.8,東京湾
2025-12-14,0.58,4.1,0.34,6.6,3,5.0,16.2,00:50,134,12:35,162.7,06:34,94.8,20:08,66.8,95.9,長潮,23.8,東京湾
2025-12-15,0.88,6.35,0.58,0.1,27,8.7,16.1,02:18,138.2,13:18,165.5,07:45,101.2,20:51,50.3,115.2,若潮,24.8,東京湾
2025-12-16,0.4,5.4,0.22,4.9,11,6.8,15.8,03:31,146.2,13:57,169.1,08:40,104,21:28,36.4,132.7,中潮,25.8,東京湾
2025-12-17,0.38,5.55,0.36,2.9,356,7.7,16.2,04:26,154.6,14:35,172.7,09:26,105.4,22:03,25.4,147.3,中潮,26.8,東京湾
2025-12-18,0.52,4.0,0.34,7.6,20,8.6,15.4,05:11,162.1,15:11,175.7,10:07,106.3,22:38,16.9,158.8,大潮,27.8,東京湾
2025-12-19,0.3,3.9,0.14,4.9,13,6.4,15.2,05:52,168.7,15:47,178,10:47,106.9,23:12,10.5,167.5,大潮,28.8,東京湾
2025-12-20,0.22,5.55,0.2,1.9,359,10.2,15.2,06:30,174.4,16:25,179.9,11:26,107,23:45,5.9,174.0,大潮,0.1,東京湾
2025-12-21,0.96,5.55,0.76,5.4,233,16.8,15.7,07:05,178.6,17:03,181.5,12:03,106.2,,,75.3,大潮,1.1,東京湾
2025-12-22,0.98,6.15,0.72,9.9,10,10.7,15.1,07:38,181,17:41,182.5,00:19,3.4,12:38,104.3,179.1,中潮,2.1,東京湾
2025-12-23,0.52,5.25,0.34,5.7,4,4.4,15.5,08:09,181.2,18:21,182,00:51,3.6,13:12,101.5,178.4,中潮,3.1,東京湾
2025-12-24,0.42,5.5,0.28,4.2,7,8.0,15.9,08:39,179.2,19:03,178.7,01:23,7.5,13:46,97.8,171.7,中潮,4.1,東京湾
2025-12-25,0.94,7.65,0.94,1.7,41,11.4,16.3,09:08,175.5,19:49,171.6,01:55,15.7,14:23,93.5,159.8,中潮,5.1,東京湾
2025-12-26,1.28,6.35,1.0,7.4,267,10.0,16.5,09:40,171.1,20:45,160.6,02:28,28.7,15:07,88.9,142.4,小潮,6.1,東京湾
2025-12-27,0.56,4.9,0.3,5.9,12,3.0,15.8,10:15,167.1,21:58,147.9,03:04,46.2,16:05,83.4,120.9,小潮,7.1,東京湾
2025-12-28,0.28,6.0,0.22,3.5,9,4.3,15.7,10:58,164.7,23:29,138.4,03:45,66.8,17:29,74.4,97.9,小潮,8.1,東京湾
2025-12-29,0.2,5.3,0.12,3.9,355,5.6,15.9,11:46,164.7,,,04:40,88.5,19:02,57.8,106.9,長潮,9.1,東京湾
2025-12-30,0.78,4.55,0.52,3.7,250,11.3,15.9,01:10,137.3,12:40,167.4,06:28,107.1,20:14,36.2,131.2,若潮,10.1,東京湾
2025-12-31,0.4,5.15,0.4,3.4,2,7.0,15.6,02:53,145.4,13:35,172.2,08:19,115.1,21:11,14.8,157.4,中潮,11.1,東京湾
2026-01-01,0.34,4.35,0.22,4.9,12,5.9,14.9,04:19,158.5,14:31,178,09:27,116.8,22:02,-2.8,180.8,中潮,12.1,東京湾
2026-01-02,0.4,4.55,0.3,3.6,1,5.4,14.6,05:20,171.3,15:28,183.6,10:21,115.1,22:49,-14.9,198.5,大潮,13.1,東京湾
2026-01-03,0.26,6.05,0.2,2.8,331,3.9,14.5,06:07,181.2,16:25,188.2,11:09,110.9,23:34,-20.8,209.0,大潮,14.1,東京湾
2026-01-04,0.26,6.35,0.2,2.7,359,5.0,14.6,06:48,187.5,17:21,191,11:53,104.3,,,86.7,大潮,15.1,東京湾
2026-01-05,0.52,5.85,0.46,0.2,104,6.7,14.6,07:24,190.3,18:13,191.1,00:17,-20.2,12:35,96.1,211.3,大潮,16.1,東京湾
2026-01-06,0.48,4.4,0.3,7.0,14,5.2,14.4,07:57,189.7,19:02,187.2,00:57,-13.5,13:14,87.6,203.2,中潮,17.1,東京湾
2026-01-07,0.28,3.65,0.14,5.4,353,4.6,14.4,08:27,186.2,19:49,178.6,01:35,-1.3,13:51,80,187.5,中潮,18.1,東京湾
2026-01-08,0.62,4.95,0.54,4.1,263,8.4,14.1,08:55,180.6,20:34,165.5,02:09,15.3,14:29,74.6,165.3,中潮,19.1,東京湾
2026-01-09,0.52,4.05,0.26,7.5,1,4.4,13.8,09:22,173.9,21:24,149.3,02:41,34.7,15:09,71.7,139.2,中潮,20.1,東京湾
2026-01-10,0.26,3.9,0.22,1.9,334,4.4,13.9,09:51,166.8,22:24,132.6,03:11,55.1,15:57,70.9,111.7,小潮,21.1,東京湾
2026-01-11,2.24,6.8,0.8,10.5,232,15.6,14.1,10:23,160.1,23:44,119.6,03:40,75,17:10,70.1,90.0,小潮,22.1,東京湾
2026-01-12,0.88,6.85,0.66,4.6,266,3.6,13.8,11:03,154.6,,,04:10,93.5,19:00,63.8,90.8,小潮,23.1,東京湾
2026-01-13,1.02,5.2,0.56,7.9,245,8.5,13.6,01:35,116.2,11:55,151,05:30,109.8,20:19,51.1,99.9,長潮,24.1,東京湾
2026-01-14,1.12,6.75,0.98,1.9,2,7.4,13.2,04:05,126,12:54,150.5,08:03,115.1,21:10,37.3,113.2,若潮,25.1,東京湾
2026-01-15,0.32,6.8,0.24,2.5,20,5.8,13.3,04:52,139.7,13:54,153,09:12,112.9,21:51,24.7,128.3,中潮,26.1,東京湾
2026-01-16,0.94,4.9,0.7,6.8,236,13.9,13.5,05:23,152.3,14:50,157.9,10:02,108.5,22:28,13.9,144.0,中潮,27.1,東京湾
2026-01-17,0.26,5.6,0.2,3.0,3,7.7,13.2,05:52,163.6,15:41,164.2,10:44,103.4,23:03,5.2,159.0,大潮,28.1,東京湾
2026-01-18,0.36,3.55,0.22,4.5,23,7.4,13.2,06:21,173.1,16:28,171.2,11:21,97.7,23:37,-1.1,174.2,大潮,29.1,東京湾
2026-01-19,0.22,3.9,0.12,4.7,7,7.0,13.3,06:49,180.1,17:11,178,11:56,91.1,,,89.0,大潮,0.3,東京湾
2026-01-20,0.8,4.3,0.7,5.7,352,9.5,13.4,07:15,184.1,17:52,183.4,00:10,-4.4,12:29,83.7,188.5,大潮,1.3,東京湾
2026-01-21,0.52,3.9,0.14,7.5,21,2.2,13.1,07:40,185,18:30,185.7,00:41,-3.8,13:00,75.5,189.5,中潮,2.3,東京湾
2026-01-22,0.58,4.75,0.42,6.6,3,2.2,12.9,08:03,183,19:09,183.6,01:11,1.4,13:31,67.1,182.2,中潮,3.3,東京湾
2026-01-23,0.4,5.65,0.38,1.9,343,3.3,12.9,08:24,179,19:49,175.8,01:39,11.7,14:03,59.6,167.3,中潮,4.3,東京湾
2026-01-24,0.96,5.65,0.86,4.2,270,4.2,12.9,08:44,174.1,20:35,162.2,02:05,26.8,14:38,54,147.3,中潮,5.3,東京湾
2026-01-25,0.76,6.35,0.56,5.8,359,3.0,12.6,09:06,168.8,21:32,144.3,02:31,46,15:22,51.3,122.8,小潮,6.3,東京湾
2026-01-26,0.46,5.55,0.36,6.8,8,3.2,12.1,09:35,163.3,22:55,126.7,02:56,67.9,16:23,50.8,112.5,小潮,7.3,東京湾
2026-01-27,0.4,4.0,0.32,3.9,348,3.4,12.0,10:16,158,,,03:20,90.9,18:07,47.4,110.6,小潮,8.3,東京湾
2024-01-01,1.04,6.45,0.78,12.5,354,10.1,15.8,08:56,172.1,19:56,158.1,02:01,20,14:15,90.3,152.1,中潮,19.1,東京湾
2024-01-02,0.36,4.35,0.2,3.9,6,5.9,14.5,09:23,168.5,20:39,147.3,02:30,32.4,14:51,87.8,136.1,中潮,20.1,東京湾
2026-03-27,0.88,7.8,0.76,3.0,338,11.8,14.1,05:55,141.7,,,19:29,47.5,,,94.2,小潮,8.1,東京湾
2026-03-28,0.32,7.1,0.24,2.6,180,15.1,14.2,04:16,146.4,13:20,138.8,09:10,118.6,20:40,38.7,107.7,長潮,9.1,東京湾
2026-03-29,0.22,6.1,0.14,4.2,158,17.2,14.4,03:59,156.2,14:49,155.8,09:30,97.3,21:27,32.5,123.7,若潮,10.1,東京湾
2026-03-30,0.22,5.1,0.18,4.2,180,17.2,14.8,04:11,165.5,15:46,173.3,09:56,75.9,22:05,30.9,142.4,中潮,11.1,東京湾
