fish,ship,n,wind_speed,wind_dir,temp,pressure,weather_code,wave_height,wave_period,wave_dir,swell_height,swell_period,sst,current_spd,current_dir,tide_type_n,tide_range,moon_age,flood1_t,flood1_cm,ebb1_t,ebb1_cm
クロダイ,山本釣船店,3986,-0.095,-0.025,+0.386,-0.138,+0.005,+0.007,+0.154,-0.147,+0.061,+0.106,+0.431,+0.153,+0.091,-0.023,-0.026,-0.005,+0.066,+0.091,-0.028,-0.061
クロダイ,ふじや釣舟店,2172,-0.045,+0.039,+0.196,-0.028,-0.027,-0.009,+0.089,-0.058,+0.000,+0.072,+0.247,+0.141,+0.048,-0.027,-0.045,-0.004,+0.016,+0.024,+0.008,-0.029
マダイ,幸丸,970,-0.096,+0.139,-0.415,+0.249,+0.046,-0.097,+0.051,-0.043,-0.075,-0.004,-0.364,-0.055,+0.073,+0.015,+0.009,+0.031,-0.021,-0.245,-0.074,+0.171
アジ,庄治郎丸,798,-0.052,-0.005,+0.059,-0.005,+0.029,+0.015,+0.085,-0.025,+0.024,+0.061,+0.032,-0.019,+0.047,-0.045,-0.034,+0.012,-0.003,+0.007,-0.036,+0.053
カワハギ,山下丸,746,-0.064,+0.011,-0.076,+0.149,+0.011,-0.060,-0.031,-0.098,-0.079,-0.002,+0.086,-0.128,-0.069,-0.058,-0.080,+0.044,+0.063,-0.176,-0.028,-0.064
マダイ,梅花丸,740,-0.056,+0.173,-0.463,+0.212,-0.085,-0.078,+0.090,-0.131,-0.105,+0.055,-0.372,-0.066,+0.076,-0.051,-0.053,+0.078,-0.046,-0.242,+0.024,+0.182
アジ,釣船 五郎丸,739,-0.040,+0.023,-0.012,+0.061,+0.074,-0.050,-0.015,-0.005,-0.029,+0.016,-0.044,-0.016,+0.028,-0.061,-0.071,+0.053,+0.019,-0.075,+0.039,+0.019
マルイカ,秀丸,739,-0.001,-0.132,-0.233,+0.107,+0.004,-0.002,-0.013,+0.074,+0.004,-0.049,-0.189,-0.075,-0.039,-0.077,-0.045,-0.034,+0.047,-0.013,-0.109,+0.054
シロギス,長崎屋,732,-0.165,-0.009,-0.039,+0.032,-0.069,-0.176,+0.034,-0.020,-0.101,-0.023,+0.049,-0.145,+0.036,-0.011,+0.008,-0.027,+0.126,-0.072,-0.063,-0.058
タチウオ,吉久,716,-0.091,+0.001,+0.310,-0.113,+0.039,-0.045,+0.062,+0.008,+0.016,-0.014,+0.407,+0.170,+0.106,+0.000,-0.006,+0.019,+0.121,-0.132,-0.047,-0.164
マダイ,新幸丸,712,-0.011,+0.150,+0.095,+0.222,+0.052,-0.048,+0.119,-0.086,-0.031,+0.082,+0.363,-0.070,+0.025,+0.003,+0.007,+0.012,+0.125,+0.203,-0.043,+0.021
アジ,光進丸,677,-0.038,-0.051,+0.074,+0.037,+0.060,-0.075,+0.007,+0.048,-0.065,-0.033,+0.080,-0.084,+0.030,+0.007,-0.001,+0.013,+0.048,+0.002,-0.003,-0.120
ヒラメ,幸丸,673,+0.054,+0.036,-0.113,+0.175,+0.014,-0.218,-0.191,-0.005,-0.230,-0.133,-0.015,-0.014,-0.013,-0.059,-0.030,-0.037,+0.145,+0.029,-0.057,+0.011
マダイ,あまさけや丸,623,+0.111,-0.003,-0.139,-0.008,+0.090,-0.020,-0.100,-0.014,-0.034,-0.054,-0.195,-0.130,-0.053,-0.089,-0.067,-0.034,-0.040,-0.066,-0.045,+0.119
マダイ,海上つり堀まるや,601,,,,,,,,,,,,,,,,,,,,
アジ,船宿 まる八,596,+0.124,-0.057,-0.266,+0.234,+0.030,-0.022,-0.176,-0.031,-0.074,-0.088,-0.221,+0.096,-0.042,+0.046,+0.108,-0.010,+0.042,+0.148,+0.018,-0.044
タチウオ,釣船 五郎丸,588,-0.029,+0.012,+0.116,-0.036,+0.065,+0.012,+0.096,-0.002,+0.038,+0.039,+0.232,-0.019,-0.016,-0.108,-0.096,+0.024,+0.268,-0.187,-0.131,-0.102
マダコ,長崎屋,577,-0.123,-0.107,+0.362,-0.194,+0.100,+0.036,+0.073,+0.030,+0.024,+0.028,+0.328,+0.048,+0.018,-0.004,+0.027,-0.072,+0.043,-0.006,-0.046,+0.018
マダイ,幸栄丸,561,-0.101,+0.076,-0.018,+0.004,-0.077,+0.046,+0.045,-0.083,+0.049,+0.020,+0.027,-0.073,-0.049,+0.118,+0.103,+0.061,-0.022,+0.095,+0.022,-0.089
マダイ,第三幸栄丸,561,-0.099,+0.074,-0.012,+0.002,-0.076,+0.050,+0.048,-0.084,+0.053,+0.017,+0.030,-0.070,-0.050,+0.115,+0.101,+0.058,-0.021,+0.096,+0.020,-0.095
マダイ,日正丸,540,-0.018,+0.054,+0.059,-0.004,-0.037,-0.046,+0.047,+0.004,-0.031,+0.043,+0.201,-0.026,-0.032,+0.017,-0.013,-0.014,+0.109,+0.091,-0.071,+0.006
ワラサ,海上つり堀まるや,517,,,,,,,,,,,,,,,,,,,,
アジ,勘次郎丸,513,-0.027,-0.075,+0.032,+0.088,+0.058,-0.102,-0.022,+0.026,-0.122,-0.035,+0.100,-0.022,-0.005,+0.049,+0.040,+0.010,+0.006,-0.057,-0.014,-0.103
アジ,かめだや,497,+0.007,-0.058,-0.275,+0.049,+0.047,+0.053,-0.042,+0.029,+0.072,-0.038,-0.240,-0.033,-0.124,+0.052,-0.006,+0.054,-0.005,-0.030,+0.037,+0.059
アマダイ,山天丸,493,-0.070,+0.071,+0.188,-0.048,-0.036,-0.079,+0.105,-0.022,-0.000,+0.017,+0.171,+0.024,+0.020,-0.057,-0.014,+0.071,-0.032,-0.072,+0.043,+0.033
クロダイ,林遊船,475,+0.081,+0.000,-0.006,+0.087,-0.069,+0.037,-0.069,+0.014,+0.015,-0.095,-0.068,+0.019,-0.047,-0.010,-0.042,+0.001,+0.007,+0.014,-0.023,+0.049
マダイ,ちがさき丸,469,+0.121,-0.040,+0.145,+0.052,+0.179,+0.063,-0.084,-0.151,+0.037,-0.023,+0.263,+0.132,+0.053,+0.006,-0.021,-0.028,+0.007,-0.028,+0.132,-0.139
アマダイ,庄治郎丸,455,+0.062,-0.050,-0.082,+0.050,-0.031,+0.001,+0.028,-0.017,+0.004,+0.090,-0.040,+0.105,+0.111,+0.053,+0.039,-0.013,+0.035,+0.038,-0.005,+0.012
アジ,林遊船,438,-0.002,+0.102,-0.223,+0.195,-0.086,+0.026,-0.126,+0.014,+0.017,-0.096,-0.150,-0.116,-0.040,+0.042,+0.018,-0.056,+0.108,-0.039,+0.032,-0.001
アジ,渡辺釣船店,425,-0.022,+0.064,-0.181,-0.101,+0.013,+0.098,-0.170,+0.119,+0.093,-0.239,-0.173,-0.043,-0.033,+0.020,+0.018,+0.046,-0.019,-0.007,-0.012,+0.080
サワラ,林遊船,419,+0.042,+0.007,-0.033,+0.122,+0.003,-0.019,-0.090,-0.050,-0.099,-0.059,-0.026,+0.069,+0.063,+0.050,+0.069,-0.012,-0.056,+0.071,+0.089,+0.070
シロギス,かめだや,412,-0.147,-0.014,+0.116,-0.041,-0.058,-0.105,+0.118,+0.048,-0.020,+0.012,+0.180,+0.064,+0.079,+0.018,-0.025,+0.009,+0.145,-0.158,-0.012,-0.131
アジ,こなや丸,409,+0.046,-0.122,-0.199,+0.171,-0.001,+0.063,-0.040,-0.026,+0.049,+0.067,-0.119,-0.113,-0.113,-0.086,-0.009,-0.016,+0.113,-0.075,-0.006,-0.051
アマダイ,ちがさき丸,394,+0.108,-0.006,+0.212,+0.030,+0.132,+0.072,+0.065,-0.162,+0.071,+0.103,+0.230,+0.135,+0.106,-0.029,-0.030,-0.009,+0.059,-0.069,-0.017,-0.108
マルイカ,喜平治丸,388,-0.078,-0.010,+0.036,-0.097,+0.117,+0.024,-0.006,+0.016,+0.067,-0.074,-0.075,-0.007,-0.009,-0.029,+0.027,-0.018,-0.105,-0.012,-0.025,+0.049
ヒラメ,明広丸,381,+0.121,+0.001,-0.052,-0.090,+0.017,-0.102,-0.171,+0.018,-0.133,-0.124,+0.076,-0.027,+0.170,-0.078,+0.012,-0.020,+0.131,+0.023,-0.110,-0.045
タチウオ,こなや丸,379,-0.099,+0.037,+0.411,-0.205,-0.016,-0.005,+0.089,+0.035,+0.069,+0.020,+0.452,+0.026,-0.024,+0.003,+0.052,-0.102,+0.090,+0.076,-0.035,-0.111
フグ,野毛屋釣船店,379,-0.107,+0.101,+0.348,-0.081,+0.084,-0.011,+0.196,-0.009,+0.065,+0.102,+0.340,+0.161,-0.049,+0.074,-0.000,+0.104,-0.071,-0.038,+0.028,-0.052
マダイ,大貫丸,372,-0.037,+0.030,+0.149,+0.051,+0.017,-0.071,-0.014,-0.002,-0.065,-0.012,+0.284,+0.019,+0.070,-0.032,-0.084,+0.039,+0.094,+0.080,-0.089,+0.059
アマダイ,山下丸,370,-0.061,+0.032,+0.028,-0.065,-0.039,-0.035,-0.017,-0.005,-0.029,-0.006,+0.039,-0.045,-0.053,+0.004,+0.033,-0.022,-0.044,+0.064,+0.111,+0.017
タチウオ,福よし丸,364,+0.002,-0.052,+0.172,-0.024,+0.099,-0.039,+0.096,-0.019,-0.056,+0.100,+0.259,+0.086,+0.056,-0.099,-0.066,+0.035,+0.186,-0.181,-0.060,-0.071
アジ,長崎屋,358,+0.102,-0.012,-0.281,+0.019,-0.010,+0.050,-0.060,-0.052,-0.039,-0.006,-0.078,-0.026,-0.036,-0.018,-0.036,+0.021,+0.070,-0.137,+0.064,-0.012
フグ,敷嶋丸,342,-0.166,+0.042,-0.035,+0.041,-0.016,-0.241,-0.145,+0.180,-0.202,-0.201,-0.019,-0.035,-0.067,-0.003,-0.049,-0.013,-0.048,-0.111,+0.028,+0.011
アカムツ,仁徳丸,340,-0.061,-0.013,+0.099,-0.014,+0.037,+0.076,+0.069,-0.040,+0.076,+0.068,+0.206,+0.029,+0.011,+0.091,-0.051,-0.113,+0.016,+0.069,-0.010,+0.033
ヒラメ,第三幸栄丸,340,+0.009,+0.140,-0.179,+0.055,-0.050,-0.068,-0.084,-0.158,-0.103,-0.048,-0.155,-0.067,+0.038,+0.033,+0.139,+0.002,-0.063,-0.123,-0.120,+0.068
ヒラメ,幸栄丸,338,+0.010,+0.140,-0.178,+0.055,-0.050,-0.067,-0.083,-0.159,-0.103,-0.049,-0.154,-0.067,+0.037,+0.032,+0.139,+0.000,-0.062,-0.122,-0.121,+0.067
タイ五目,庄治郎丸,328,-0.063,+0.025,+0.035,-0.049,-0.105,+0.030,-0.017,+0.075,+0.025,+0.002,+0.124,+0.033,+0.092,+0.001,+0.050,+0.001,+0.047,-0.072,+0.037,-0.035
アジ,村井丸,320,-0.014,-0.028,+0.019,+0.011,-0.014,-0.008,-0.003,-0.061,+0.001,-0.057,+0.060,+0.026,+0.057,-0.058,-0.077,+0.020,-0.010,-0.068,+0.003,+0.003
カワハギ,山天丸,320,-0.100,+0.008,-0.140,+0.065,-0.003,+0.036,+0.043,-0.001,+0.073,+0.014,-0.000,-0.135,-0.084,-0.076,-0.109,-0.057,+0.068,-0.232,-0.057,-0.058
ヒラメ,大盛丸,313,+0.052,-0.011,-0.006,+0.115,-0.012,-0.009,-0.046,-0.090,-0.070,+0.009,+0.116,+0.078,+0.026,+0.016,+0.010,-0.141,+0.049,+0.130,+0.021,-0.058
アジ,ちがさき丸,310,-0.036,+0.033,+0.007,-0.034,+0.099,+0.088,+0.048,-0.037,+0.074,+0.076,+0.003,+0.075,-0.016,+0.121,+0.092,-0.112,+0.027,+0.106,-0.036,-0.030
マルイカ,たいぞう丸,308,-0.147,-0.044,-0.075,-0.084,+0.117,-0.267,-0.135,+0.183,-0.215,-0.156,-0.111,-0.034,+0.168,-0.079,-0.034,-0.074,-0.092,+0.075,-0.028,+0.098
シーバス,林遊船,290,+0.008,+0.147,-0.194,+0.108,+0.126,-0.021,-0.007,+0.100,-0.027,-0.019,-0.216,-0.065,+0.091,-0.031,-0.003,-0.078,-0.034,-0.077,+0.050,+0.108
アマダイ,たいぞう丸,286,+0.012,-0.023,-0.139,-0.007,-0.053,-0.039,+0.024,+0.061,-0.054,-0.057,-0.123,+0.015,+0.068,-0.020,+0.010,-0.132,+0.020,+0.022,+0.006,+0.086
マダイ,弘漁丸,281,-0.038,+0.008,+0.172,-0.053,-0.059,-0.048,-0.143,+0.038,-0.048,-0.175,+0.184,+0.063,+0.011,-0.129,-0.130,+0.022,+0.023,-0.002,-0.042,+0.039
アジ,山下丸,280,-0.098,-0.031,+0.023,-0.098,+0.076,-0.041,+0.180,+0.046,+0.070,+0.101,-0.019,+0.018,+0.131,-0.062,-0.064,-0.003,+0.055,-0.116,+0.040,-0.004
アジ,野毛屋釣船店,274,-0.134,-0.087,-0.237,+0.026,-0.002,-0.051,-0.030,-0.007,-0.041,-0.072,-0.255,+0.070,-0.004,-0.010,+0.026,+0.048,-0.037,-0.099,-0.028,+0.126
アジ,須原屋,274,+0.290,-0.071,-0.441,+0.321,+0.056,-0.058,-0.180,-0.178,-0.063,-0.071,-0.354,+0.110,-0.199,+0.058,+0.192,+0.043,+0.068,+0.336,-0.021,+0.095
サワラ,吉久,274,+0.002,+0.115,-0.067,+0.018,+0.048,-0.031,-0.054,-0.060,-0.006,-0.086,-0.099,-0.072,-0.018,+0.013,+0.095,-0.090,+0.002,+0.021,-0.147,-0.175
マダコ,第三幸栄丸,274,-0.204,-0.207,+0.395,-0.220,+0.132,-0.236,-0.367,+0.207,-0.176,-0.319,+0.312,+0.101,+0.003,+0.006,+0.020,+0.059,-0.075,+0.099,-0.022,-0.120
マダコ,幸栄丸,273,-0.204,-0.207,+0.394,-0.220,+0.132,-0.237,-0.368,+0.208,-0.177,-0.319,+0.312,+0.101,+0.003,+0.007,+0.021,+0.059,-0.075,+0.100,-0.021,-0.119
クロダイ,岩崎レンタルボート(岩崎つり具店),271,+0.016,+0.144,+0.036,+0.071,-0.011,-0.044,-0.055,-0.097,-0.061,-0.026,+0.032,+0.067,-0.040,+0.075,-0.038,+0.084,-0.073,-0.038,+0.052,+0.016
ヤリイカ,喜平治丸,268,-0.017,-0.009,+0.231,-0.183,+0.022,+0.026,+0.102,+0.080,+0.105,-0.028,+0.221,-0.031,+0.138,-0.003,+0.027,+0.117,-0.028,-0.034,-0.005,-0.016
マダコ,吉久,267,-0.006,+0.047,+0.399,-0.238,+0.104,+0.165,+0.018,+0.056,+0.167,-0.027,+0.240,+0.091,-0.172,+0.035,-0.013,+0.075,-0.113,+0.007,+0.036,-0.018
カワハギ,光進丸,264,-0.026,+0.082,+0.128,-0.009,-0.018,+0.170,+0.057,-0.075,+0.142,+0.063,+0.156,-0.018,+0.003,-0.003,+0.038,+0.020,+0.119,-0.089,-0.003,-0.120
カワハギ,釣船 五郎丸,262,-0.146,+0.081,+0.115,-0.141,-0.021,+0.143,+0.199,+0.044,+0.227,+0.048,+0.195,-0.073,-0.019,-0.038,-0.134,-0.024,-0.024,-0.107,+0.076,+0.012
タチウオ,庄治郎丸,258,+0.165,-0.204,-0.153,+0.194,+0.146,-0.033,-0.062,-0.110,-0.045,+0.001,-0.170,-0.037,-0.030,+0.083,+0.080,+0.112,-0.004,+0.100,+0.092,-0.074
ヒラメ,つる丸,256,+0.134,-0.005,+0.128,-0.058,-0.017,-0.036,-0.048,+0.026,-0.131,+0.058,+0.186,-0.068,+0.001,+0.055,+0.014,-0.033,+0.034,+0.197,+0.037,-0.013
カンパチ,龍正丸,255,-0.103,-0.066,-0.091,-0.075,-0.062,-0.081,-0.011,-0.092,-0.028,-0.015,-0.146,+0.111,-0.050,-0.101,-0.050,+0.070,-0.003,-0.015,-0.058,+0.109
タチウオ,第八幸松丸,255,-0.062,-0.105,-0.334,+0.247,-0.063,-0.124,-0.070,+0.073,-0.076,-0.134,-0.309,-0.052,+0.047,-0.015,+0.038,-0.037,-0.008,+0.009,-0.060,+0.100
スルメイカ,不動丸,250,-0.109,+0.107,-0.031,+0.011,+0.006,-0.080,+0.017,-0.041,-0.060,-0.026,-0.005,+0.037,+0.036,-0.140,-0.078,+0.130,+0.148,-0.164,-0.089,+0.038
アジ,石田丸,249,-0.065,-0.024,-0.491,+0.280,-0.084,-0.237,+0.020,+0.056,-0.222,+0.078,-0.362,-0.277,-0.047,+0.016,+0.018,-0.076,+0.115,-0.017,-0.135,+0.187
マダイ,岩崎レンタルボート(岩崎つり具店),246,-0.062,+0.031,+0.049,+0.007,-0.076,-0.032,+0.080,+0.069,-0.003,-0.035,+0.106,-0.086,+0.015,+0.038,-0.027,-0.015,+0.134,+0.002,-0.114,-0.096
マルイカ,庄治郎丸,245,-0.022,+0.050,+0.133,-0.203,+0.175,+0.116,-0.101,-0.001,+0.118,-0.114,+0.090,+0.100,+0.033,-0.142,-0.097,+0.007,-0.071,-0.081,-0.057,+0.057
イナダ,庄治郎丸,243,-0.241,+0.078,+0.476,-0.210,-0.145,-0.139,-0.088,+0.165,-0.168,-0.128,+0.397,+0.260,+0.357,+0.019,+0.012,-0.076,+0.048,+0.087,+0.017,-0.195
シイラ,庄治郎丸,237,-0.135,+0.086,+0.190,+0.137,-0.073,-0.141,+0.058,-0.029,-0.176,+0.061,+0.201,+0.107,+0.097,+0.012,+0.012,-0.059,+0.109,-0.001,-0.063,-0.130
イサキ,佐衛美丸,234,-0.024,+0.060,+0.325,-0.083,+0.075,-0.036,-0.027,+0.160,-0.030,+0.052,+0.337,+0.196,-0.212,-0.122,-0.073,+0.021,+0.154,-0.173,-0.130,-0.016
タイ五目,ちがさき丸,231,-0.045,-0.045,+0.003,-0.053,+0.174,+0.017,+0.016,-0.029,+0.030,+0.004,-0.154,+0.047,+0.036,+0.084,+0.039,+0.092,-0.123,+0.073,+0.090,+0.026
フグ,幸栄丸,226,+0.023,+0.065,-0.110,+0.021,+0.016,-0.114,+0.102,+0.229,-0.137,+0.206,+0.007,-0.035,-0.027,-0.054,+0.010,-0.146,+0.104,+0.041,+0.132,-0.024
フグ,第三幸栄丸,226,+0.023,+0.063,-0.110,+0.022,+0.015,-0.112,+0.103,+0.228,-0.135,+0.206,+0.008,-0.036,-0.026,-0.053,+0.009,-0.144,+0.103,+0.042,+0.132,-0.024
カサゴ,山下丸,223,-0.228,+0.094,+0.339,-0.052,+0.006,-0.258,-0.019,+0.111,-0.242,-0.076,+0.286,+0.093,+0.056,-0.254,-0.338,+0.003,+0.089,-0.411,-0.166,+0.137
マルイカ,山天丸,221,-0.111,+0.066,-0.032,-0.041,+0.093,+0.007,-0.028,-0.064,+0.024,-0.122,-0.049,-0.052,-0.045,-0.012,+0.111,-0.015,-0.003,+0.096,-0.034,+0.005
マダイ,つる丸,218,+0.016,+0.037,+0.122,+0.115,+0.102,+0.066,+0.060,-0.028,+0.048,+0.032,+0.374,-0.042,+0.042,-0.085,+0.008,-0.043,+0.157,+0.132,-0.075,+0.007
マダイ,共栄丸,218,+0.098,+0.038,-0.084,+0.062,+0.133,+0.025,-0.014,+0.071,-0.027,-0.033,-0.127,-0.188,+0.206,+0.047,+0.073,-0.032,+0.122,+0.040,-0.113,-0.006
ヤリイカ,平安丸,218,+0.005,+0.132,+0.080,+0.022,-0.002,-0.110,+0.155,+0.093,-0.046,-0.032,+0.169,-0.023,+0.008,-0.011,+0.019,-0.012,-0.001,-0.098,+0.038,-0.056
サワラ,こなや丸,217,-0.071,-0.086,-0.118,+0.134,+0.180,-0.094,-0.067,-0.015,-0.094,-0.088,-0.105,-0.111,-0.083,-0.141,-0.096,-0.014,-0.014,-0.064,-0.066,+0.047
アカメフグ,吉久,210,+0.016,+0.021,-0.056,-0.005,-0.016,+0.008,-0.060,+0.019,-0.016,+0.021,-0.020,-0.076,-0.130,-0.013,-0.005,+0.036,+0.052,-0.093,-0.029,+0.035
タチウオ,渡辺釣船店,208,-0.070,+0.019,+0.496,-0.271,+0.068,+0.156,+0.120,+0.141,+0.192,-0.013,+0.508,+0.185,+0.063,+0.033,-0.049,-0.039,+0.039,-0.147,-0.045,-0.154
ヒラメ,庄治郎丸,205,-0.051,-0.051,+0.181,-0.176,+0.253,+0.276,+0.055,-0.010,+0.294,+0.043,+0.085,-0.031,+0.086,-0.321,-0.148,-0.083,-0.075,+0.030,+0.009,+0.037
ヒラメ,家田丸,201,+0.125,-0.066,+0.012,+0.095,-0.070,-0.058,-0.063,-0.116,-0.144,+0.032,+0.072,+0.056,-0.013,+0.030,-0.060,-0.025,-0.017,+0.100,+0.105,-0.016
クロダイ,村松釣具店,197,-0.053,+0.121,-0.008,+0.048,-0.016,+0.076,+0.071,+0.099,+0.081,+0.063,+0.087,+0.096,+0.002,+0.039,+0.101,-0.070,+0.089,+0.096,-0.070,-0.158
スルメイカ,喜平治丸,197,+0.048,+0.118,+0.030,-0.038,-0.050,-0.058,-0.150,+0.031,-0.030,-0.011,-0.048,-0.092,-0.120,-0.015,+0.023,-0.055,-0.028,-0.074,-0.013,+0.050
マダイ,平安丸,196,-0.149,-0.055,-0.208,-0.066,-0.013,-0.100,-0.117,+0.057,-0.094,-0.136,-0.178,-0.167,+0.015,-0.141,-0.064,-0.011,-0.037,-0.110,-0.115,+0.021
ムギイカ,秀丸,196,-0.001,-0.112,+0.195,-0.187,+0.311,+0.022,+0.004,-0.209,+0.008,+0.142,+0.085,+0.100,-0.063,+0.184,+0.261,+0.186,-0.033,+0.203,+0.136,-0.253
シロギス,ちがさき丸,189,-0.191,-0.075,-0.044,-0.022,+0.072,-0.163,+0.099,+0.009,-0.124,+0.038,-0.052,+0.125,+0.122,-0.005,+0.065,-0.081,+0.068,-0.012,-0.155,+0.157
アジ,村松釣具店,182,+0.054,+0.062,+0.211,-0.165,-0.026,+0.229,+0.143,-0.067,+0.258,+0.019,+0.094,-0.056,-0.216,+0.028,-0.018,-0.057,-0.043,-0.048,+0.081,-0.076
シーバス,長崎屋,174,+0.158,+0.142,-0.086,+0.014,+0.175,+0.131,-0.013,-0.057,+0.091,+0.163,-0.107,+0.154,+0.096,+0.047,+0.047,-0.063,+0.064,+0.150,-0.101,-0.152
ヒラメ,大貫丸,167,+0.012,-0.199,+0.183,+0.049,+0.106,-0.264,-0.050,+0.046,-0.280,+0.051,+0.505,-0.160,+0.103,+0.019,-0.044,-0.083,+0.076,-0.011,-0.116,-0.098
スルメイカ,平安丸,165,+0.024,-0.186,-0.022,-0.135,+0.322,-0.054,-0.265,+0.092,-0.045,-0.251,-0.185,-0.061,+0.002,-0.011,-0.000,+0.067,-0.127,+0.059,+0.022,+0.034
トラフグ,吉久,164,-0.170,-0.098,-0.287,-0.029,-0.052,-0.102,-0.082,+0.002,-0.071,-0.084,-0.202,-0.172,+0.015,-0.050,+0.044,-0.098,-0.045,-0.064,-0.032,-0.086
ワラサ,あまさけや丸,164,-0.101,-0.006,+0.107,-0.064,-0.121,-0.089,-0.051,-0.060,-0.101,+0.000,+0.121,+0.038,-0.190,+0.009,-0.021,+0.010,+0.038,-0.032,-0.034,-0.140
イナダ,平安丸,162,-0.050,-0.017,+0.401,-0.020,+0.040,-0.122,+0.032,+0.060,-0.075,-0.061,+0.431,+0.343,+0.157,-0.034,+0.021,+0.021,+0.023,+0.013,-0.086,-0.151
イサキ,岩崎レンタルボート(岩崎つり具店),154,-0.077,+0.222,+0.053,+0.044,-0.064,-0.004,+0.018,+0.047,+0.009,+0.001,-0.032,-0.048,-0.072,-0.117,-0.107,-0.012,-0.171,-0.035,+0.092,-0.052
マダイ,野毛屋釣船店,151,-0.186,+0.065,-0.002,+0.026,-0.047,-0.076,+0.143,+0.066,+0.011,+0.095,+0.075,+0.012,-0.018,-0.063,-0.019,+0.017,+0.145,+0.060,+0.017,+0.122
フグ,吉久,143,-0.097,+0.177,+0.218,-0.113,+0.020,-0.045,+0.104,+0.149,+0.068,+0.010,+0.236,+0.137,+0.020,+0.149,+0.165,+0.085,-0.064,+0.059,+0.170,-0.181
シロアマダイ,たいぞう丸,142,+0.064,+0.192,-0.068,-0.051,-0.009,+0.051,-0.153,+0.098,+0.051,-0.174,-0.119,-0.090,-0.016,-0.012,+0.135,-0.050,+0.061,+0.032,-0.150,+0.093
シロギス,村松釣具店,142,-0.059,+0.014,+0.159,+0.004,-0.047,-0.064,+0.140,-0.002,+0.013,+0.013,+0.104,+0.129,-0.004,-0.058,-0.110,-0.064,-0.055,+0.002,+0.051,-0.009
アジ,平安丸,141,-0.181,+0.030,-0.210,+0.322,+0.133,-0.121,+0.147,+0.117,-0.078,+0.114,-0.132,+0.129,-0.075,+0.031,+0.005,+0.086,+0.102,-0.032,-0.136,+0.015
アジ,恒丸,139,-0.089,-0.033,+0.007,+0.043,-0.015,-0.072,+0.061,-0.020,-0.005,-0.066,-0.114,+0.182,+0.176,+0.058,+0.005,-0.043,-0.020,+0.111,+0.084,+0.091
マダコ,林遊船,139,-0.275,+0.131,-0.144,-0.032,-0.048,-0.004,-0.006,+0.159,+0.111,-0.116,-0.273,-0.299,+0.048,-0.021,-0.005,-0.060,-0.028,+0.009,-0.108,+0.215
イサキ,つる丸,137,+0.033,-0.094,-0.526,+0.253,-0.051,+0.083,-0.037,-0.214,+0.172,-0.014,-0.389,+0.313,-0.242,+0.103,+0.115,-0.016,-0.246,+0.022,+0.144,-0.083
カワハギ,あまさけや丸,135,-0.145,+0.146,-0.063,-0.075,-0.135,+0.190,+0.057,+0.107,+0.199,-0.061,-0.011,-0.136,-0.182,+0.001,+0.051,-0.014,-0.075,-0.096,-0.037,-0.044
カワハギ,須原屋,133,+0.021,-0.043,+0.300,-0.242,-0.035,+0.279,+0.008,-0.080,+0.268,+0.046,+0.303,+0.188,-0.022,-0.009,-0.168,-0.180,+0.011,-0.154,+0.089,-0.061
カツオ,平安丸,131,+0.180,-0.122,-0.190,+0.063,-0.078,+0.043,-0.016,-0.219,-0.055,+0.163,-0.165,-0.067,-0.016,+0.088,+0.013,-0.018,-0.218,+0.057,+0.169,+0.094
ビシアジ,さえむ丸,131,-0.125,-0.101,+0.244,+0.180,+0.005,-0.344,-0.173,-0.118,-0.336,-0.113,+0.324,+0.111,+0.180,-0.065,-0.003,+0.112,+0.117,-0.069,-0.078,-0.160
イサキ,村井丸,129,-0.256,+0.173,+0.366,-0.291,-0.011,+0.056,+0.170,+0.093,+0.183,-0.054,+0.260,+0.280,-0.175,+0.024,+0.004,-0.070,-0.083,-0.050,-0.079,+0.032
コハダ,村松釣具店,127,+0.160,-0.131,-0.114,+0.011,+0.065,+0.180,+0.043,-0.146,+0.141,+0.084,-0.159,-0.219,-0.050,-0.019,-0.055,+0.042,-0.020,-0.048,-0.168,+0.009
マダイ,喜平治丸,127,+0.070,+0.038,-0.067,-0.213,-0.025,+0.070,-0.127,+0.105,+0.026,-0.143,-0.115,+0.065,-0.061,+0.017,-0.054,+0.061,-0.061,-0.060,+0.045,+0.010
マダイ,青木丸,126,-0.027,-0.031,+0.011,+0.154,-0.108,+0.077,+0.221,-0.146,+0.056,+0.236,+0.058,+0.030,-0.041,+0.053,-0.014,-0.052,+0.038,+0.119,+0.029,-0.137
タチウオ,かめだや,125,-0.085,-0.208,+0.349,-0.079,+0.007,-0.005,+0.195,-0.030,+0.123,+0.115,+0.399,+0.198,+0.106,-0.066,-0.159,-0.023,+0.104,-0.289,-0.074,-0.230
ワラサ,幸栄丸,124,-0.008,-0.019,-0.157,-0.001,+0.004,+0.053,+0.123,-0.059,+0.049,+0.037,-0.310,-0.006,+0.159,-0.083,+0.015,-0.044,+0.047,-0.048,-0.055,+0.066
ワラサ,第三幸栄丸,124,-0.008,-0.019,-0.157,-0.001,+0.004,+0.053,+0.123,-0.059,+0.049,+0.037,-0.310,-0.006,+0.159,-0.083,+0.015,-0.044,+0.047,-0.048,-0.055,+0.066
マダイ,庄治郎丸,123,+0.018,-0.104,-0.031,+0.088,-0.088,+0.136,+0.053,+0.005,+0.107,+0.002,-0.057,+0.034,+0.090,+0.059,+0.197,-0.063,+0.015,+0.024,-0.005,-0.026
マゴチ,林遊船,122,+0.003,-0.162,+0.088,+0.032,-0.096,-0.207,+0.181,-0.049,-0.209,+0.108,+0.175,+0.060,+0.118,-0.071,-0.074,-0.144,+0.066,-0.047,-0.076,+0.038
カマス,村松釣具店,121,-0.009,+0.130,+0.003,+0.099,+0.060,-0.087,+0.045,+0.016,-0.076,+0.047,+0.113,+0.107,-0.049,-0.110,-0.026,+0.095,+0.206,+0.059,-0.136,-0.191
カンパチ,庄治郎丸,121,+0.290,-0.040,-0.173,+0.300,+0.075,-0.034,-0.105,-0.248,-0.026,+0.060,-0.023,-0.062,+0.029,+0.057,+0.189,-0.280,+0.008,+0.184,+0.025,-0.011
シロアマダイ,鶴丸,120,-0.048,-0.119,+0.202,-0.157,+0.090,-0.006,+0.002,-0.093,+0.015,-0.033,+0.255,+0.160,+0.013,+0.038,-0.027,+0.149,+0.129,+0.038,-0.092,-0.099
シロギス,須原屋,118,-0.099,+0.047,+0.639,-0.230,-0.038,-0.042,+0.282,+0.124,+0.003,+0.067,+0.681,+0.024,+0.010,+0.035,+0.060,-0.004,+0.182,+0.052,-0.094,-0.196
ヒラメ,弘漁丸,117,+0.003,-0.109,+0.192,+0.035,+0.106,-0.161,-0.320,+0.064,-0.148,-0.238,+0.318,-0.081,+0.140,+0.032,-0.059,-0.063,+0.134,+0.056,+0.071,-0.101
アジ,吉久,115,+0.140,-0.127,-0.087,+0.128,+0.099,-0.041,-0.184,-0.170,-0.201,+0.008,+0.005,+0.072,+0.029,+0.078,+0.235,-0.094,+0.127,+0.251,-0.089,+0.011
キハダマグロ,ちがさき丸,115,-0.186,+0.469,+0.006,-0.106,-0.066,-0.191,+0.086,-0.028,-0.192,-0.143,+0.116,-0.060,+0.131,-0.319,-0.155,-0.048,+0.334,-0.086,+0.038,+0.020
マダイ,利一丸,115,,,,,,,,,,,,,,,,,,,,
ショウサイフグ,吉久,105,+0.133,+0.056,+0.090,-0.071,+0.001,+0.057,-0.163,-0.063,+0.089,-0.117,+0.035,+0.218,-0.028,+0.210,-0.060,+0.285,-0.219,-0.006,+0.188,-0.127
マダイ,宮田丸,105,+0.109,+0.090,-0.034,+0.012,-0.146,-0.068,+0.085,-0.112,-0.094,+0.159,+0.174,-0.058,-0.058,-0.215,-0.115,+0.010,+0.298,-0.108,-0.141,+0.019
マダコ,大洗丸,104,-0.243,-0.130,+0.165,-0.076,+0.045,-0.069,-0.239,-0.038,-0.117,-0.246,+0.131,+0.029,-0.052,-0.038,-0.051,+0.177,-0.149,-0.026,+0.001,-0.080
ヒラメ,第三松栄丸,102,+0.009,-0.035,+0.060,+0.134,-0.049,-0.109,+0.058,-0.013,-0.106,+0.112,+0.383,-0.098,+0.085,+0.102,+0.026,+0.034,-0.003,+0.267,+0.087,+0.103
ビシアジ,平安丸,102,-0.237,+0.050,-0.157,+0.239,+0.030,-0.105,+0.108,-0.251,-0.008,+0.064,-0.165,-0.126,-0.031,-0.115,+0.001,+0.027,-0.154,-0.013,+0.168,-0.011
ヤリイカ,第三幸栄丸,102,+0.113,-0.059,+0.304,-0.006,-0.029,+0.062,-0.164,+0.174,+0.017,-0.076,+0.372,+0.008,-0.020,-0.041,+0.066,+0.019,-0.077,+0.068,+0.041,-0.053
キハダマグロ,平安丸,101,+0.108,-0.066,-0.097,+0.113,+0.360,-0.021,+0.009,+0.010,-0.010,-0.070,-0.089,-0.130,-0.213,+0.099,-0.110,+0.119,-0.293,-0.212,+0.105,+0.122
ヤリイカ,幸栄丸,101,+0.111,-0.067,+0.303,-0.014,-0.030,+0.057,-0.173,+0.224,+0.014,-0.084,+0.372,+0.007,-0.020,-0.041,+0.068,+0.023,-0.079,+0.074,+0.042,-0.048
アマダイ,大貫丸,100,-0.071,+0.052,+0.345,+0.013,-0.043,-0.035,-0.273,+0.254,-0.047,-0.269,+0.416,-0.080,-0.046,+0.026,-0.145,+0.057,+0.249,+0.161,-0.108,-0.022
イサキ,あまさけや丸,100,-0.178,-0.106,-0.107,+0.006,+0.036,-0.191,+0.075,-0.100,-0.009,+0.016,-0.052,-0.071,-0.061,+0.104,+0.149,-0.056,-0.062,+0.154,-0.018,+0.035
マダイ,大洗丸,100,+0.083,+0.024,-0.157,-0.036,-0.049,-0.065,-0.096,+0.050,-0.071,+0.051,-0.186,-0.193,-0.336,-0.029,-0.038,+0.091,-0.055,-0.149,+0.242,-0.035
カツオ,庄治郎丸,99,-0.163,-0.056,-0.087,+0.011,+0.115,-0.217,+0.020,-0.062,-0.219,-0.065,-0.224,+0.053,+0.079,+0.135,+0.231,+0.041,-0.171,+0.062,+0.143,-0.328
マルイカ,第八鶴丸,98,-0.145,-0.085,+0.118,-0.037,+0.090,-0.071,+0.090,+0.050,+0.020,-0.056,+0.197,-0.058,-0.033,-0.080,-0.108,+0.067,+0.138,-0.019,-0.088,+0.013
イサキ,不動丸,97,-0.084,+0.016,-0.014,-0.010,-0.009,+0.020,-0.008,-0.005,+0.032,-0.001,-0.394,-0.081,-0.044,-0.155,-0.196,-0.002,+0.086,-0.143,+0.116,+0.073
アジ,さえむ丸,96,+0.078,-0.027,-0.001,+0.189,-0.120,-0.182,+0.008,-0.214,-0.166,-0.048,+0.101,-0.054,+0.130,+0.097,+0.001,-0.103,+0.081,+0.041,+0.129,-0.058
カワハギ,岩崎レンタルボート(岩崎つり具店),96,-0.123,-0.018,+0.050,+0.108,-0.012,-0.123,+0.012,-0.098,-0.061,+0.016,+0.110,+0.045,+0.036,+0.046,+0.038,-0.202,+0.052,+0.123,-0.122,-0.111
カワハギ,巳之助丸,96,-0.182,+0.081,+0.036,-0.042,-0.099,-0.002,-0.087,+0.088,-0.009,-0.113,+0.579,-0.147,-0.119,-0.216,-0.076,+0.092,+0.117,-0.437,-0.167,-0.161
マハタ,明広丸,96,+0.201,+0.184,-0.043,-0.067,-0.070,+0.209,+0.082,-0.147,+0.151,+0.070,+0.242,-0.192,+0.095,+0.027,-0.004,-0.035,+0.102,+0.167,+0.109,+0.097
カツオ,たいぞう丸,95,-0.217,+0.090,-0.089,+0.036,-0.096,-0.066,+0.326,+0.156,-0.014,+0.101,-0.099,-0.064,+0.160,+0.183,+0.216,-0.022,-0.124,+0.193,+0.109,-0.116
タチウオ,秀丸,95,-0.183,+0.003,+0.036,+0.166,-0.162,-0.187,+0.063,-0.032,-0.196,-0.011,+0.117,+0.249,+0.223,+0.012,-0.028,+0.115,-0.064,+0.040,+0.030,-0.033
イナダ,ちがさき丸,94,-0.169,+0.176,+0.366,-0.201,-0.131,-0.007,-0.031,+0.145,-0.020,-0.075,+0.375,+0.376,+0.246,+0.185,+0.092,-0.045,-0.177,+0.142,+0.082,-0.145
スルメイカ,第八鶴丸,93,-0.167,+0.356,-0.125,+0.120,+0.007,-0.399,-0.015,+0.124,-0.341,-0.038,-0.202,-0.007,-0.026,-0.155,-0.064,+0.063,-0.108,-0.235,+0.029,+0.226
スジイカ,幸栄丸,92,-0.158,-0.040,-0.101,+0.155,-0.056,-0.026,-0.046,-0.052,-0.001,-0.078,-0.137,+0.134,-0.030,-0.136,-0.121,-0.214,+0.038,-0.097,-0.253,+0.281
スジイカ,第三幸栄丸,92,-0.158,-0.040,-0.101,+0.155,-0.056,-0.026,-0.046,-0.052,-0.001,-0.078,-0.137,+0.134,-0.030,-0.136,-0.121,-0.214,+0.038,-0.097,-0.253,+0.281
スミイカ,山下丸,91,-0.002,+0.033,-0.115,-0.066,+0.089,+0.053,+0.014,+0.091,+0.044,-0.068,-0.050,+0.065,-0.128,+0.009,+0.103,-0.029,+0.106,+0.058,-0.201,-0.085
カワハギ,たいぞう丸,89,-0.071,-0.023,+0.222,+0.238,-0.079,-0.183,-0.069,-0.028,-0.140,-0.073,+0.177,-0.035,-0.002,+0.037,-0.118,-0.042,+0.088,+0.123,-0.009,-0.050
マハタ,幸丸,87,-0.061,+0.037,-0.167,-0.086,-0.065,-0.124,-0.031,+0.175,-0.093,-0.071,-0.187,-0.108,-0.137,-0.018,+0.015,-0.175,+0.087,+0.084,-0.146,-0.098
ヤリイカ,不動丸,87,+0.176,-0.107,+0.176,+0.129,-0.083,-0.132,-0.226,-0.050,-0.063,-0.243,+0.004,+0.187,+0.017,-0.069,-0.003,-0.071,-0.117,+0.011,+0.022,-0.016
イシダイ,庄治郎丸,84,+0.033,-0.202,+0.012,+0.204,+0.402,-0.052,-0.007,+0.006,-0.029,+0.038,+0.042,-0.129,+0.102,-0.016,+0.168,-0.310,+0.025,+0.166,-0.337,-0.403
カツオ,ちがさき丸,84,+0.024,-0.095,-0.228,+0.040,-0.025,-0.020,-0.177,-0.180,-0.072,+0.021,-0.178,-0.048,+0.034,+0.089,+0.049,+0.117,-0.047,+0.074,+0.203,+0.195
クロムツ,第八鶴丸,84,-0.120,+0.011,+0.281,-0.038,-0.018,-0.160,-0.194,+0.077,-0.183,-0.292,+0.312,+0.122,+0.018,+0.063,-0.077,+0.038,-0.049,+0.069,+0.066,-0.012
シマアジ,つる丸,84,-0.039,-0.036,+0.031,+0.088,+0.116,+0.009,+0.014,+0.087,+0.068,+0.027,+0.206,+0.250,-0.035,-0.036,-0.102,-0.035,-0.070,-0.070,-0.060,+0.180
トラフグ,野毛屋釣船店,84,-0.040,-0.169,-0.263,+0.144,-0.121,-0.131,-0.128,+0.125,-0.159,-0.134,-0.130,-0.181,+0.031,-0.128,-0.204,+0.016,+0.426,-0.084,-0.319,-0.058
マハタ,勇盛丸,84,-0.036,+0.091,-0.134,+0.166,-0.072,-0.184,-0.051,+0.046,-0.155,-0.043,-0.060,-0.058,-0.061,-0.062,-0.089,+0.108,+0.071,-0.085,-0.104,+0.070
イナダ,海上つり堀まるや,81,,,,,,,,,,,,,,,,,,,,
ムギイカ,第八幸松丸,80,-0.026,-0.094,+0.297,-0.282,+0.229,+0.191,+0.054,-0.069,+0.177,-0.062,+0.170,+0.132,-0.235,+0.010,+0.025,+0.077,-0.181,+0.096,+0.069,-0.105
アジ,あまさけや丸,78,-0.158,-0.082,+0.014,+0.034,-0.051,-0.155,+0.022,-0.300,-0.083,-0.004,-0.022,+0.251,+0.021,+0.161,+0.147,+0.128,-0.095,+0.150,+0.190,-0.129
ヒラメ,大洗丸,78,+0.002,-0.022,+0.063,+0.065,-0.015,-0.064,+0.030,-0.049,-0.060,+0.025,+0.376,-0.045,+0.258,-0.031,+0.111,-0.092,+0.060,-0.103,-0.176,-0.127
ヒラマサ,海上つり堀まるや,77,,,,,,,,,,,,,,,,,,,,
ヤリイカ,幸丸,77,+0.070,-0.083,+0.392,-0.114,+0.154,+0.186,-0.286,+0.311,+0.185,-0.168,+0.328,+0.105,+0.141,-0.138,+0.120,+0.135,-0.074,-0.053,+0.059,+0.024
クロムツ,庄治郎丸,76,+0.025,-0.032,-0.196,+0.013,+0.024,-0.176,-0.042,+0.070,-0.180,-0.023,-0.381,-0.123,-0.065,+0.162,+0.184,-0.181,+0.062,+0.183,-0.077,-0.049
カレイ,林遊船,75,+0.020,-0.010,-0.056,+0.110,-0.144,-0.052,-0.023,-0.130,-0.143,-0.146,-0.066,+0.042,+0.054,-0.060,-0.012,+0.075,-0.127,-0.144,+0.107,+0.175
クロダイ,庄治郎丸,75,-0.275,-0.154,+0.066,+0.342,-0.094,+0.013,+0.016,-0.205,+0.078,-0.061,-0.201,-0.008,+0.034,+0.035,-0.104,-0.001,-0.226,+0.120,+0.237,-0.069
アジ,吉野屋,74,-0.238,+0.216,+0.190,+0.132,-0.089,-0.316,-0.142,-0.041,-0.287,-0.295,-0.377,-0.144,-0.046,+0.152,+0.333,-0.106,-0.133,+0.375,+0.046,+0.126
タイ五目,大盛丸,73,-0.108,+0.201,-0.409,+0.403,-0.147,+0.118,+0.248,-0.381,+0.046,+0.334,-0.200,-0.224,-0.081,+0.078,-0.006,-0.162,+0.056,+0.027,+0.097,+0.182
ヒラメ,勘栄丸,73,+0.339,+0.033,+0.022,-0.012,+0.038,-0.018,-0.040,-0.157,-0.127,+0.017,+0.191,+0.003,+0.282,+0.138,+0.090,+0.027,+0.064,+0.107,+0.058,+0.040
マハタ,つる丸,72,+0.149,+0.010,-0.105,+0.020,-0.047,-0.154,-0.047,+0.051,-0.158,-0.051,-0.057,+0.060,+0.081,-0.097,-0.077,-0.027,+0.204,-0.017,-0.183,-0.009
シロギス,林遊船,71,-0.094,-0.115,+0.454,-0.004,-0.083,+0.037,-0.004,+0.162,+0.074,-0.160,+0.446,-0.066,-0.057,+0.086,+0.120,+0.280,+0.219,+0.039,+0.058,-0.271
アジ,巳之助丸,70,-0.036,-0.122,+0.218,-0.047,+0.124,+0.018,+0.102,-0.046,+0.035,+0.135,+0.207,+0.084,+0.120,-0.144,-0.075,-0.050,+0.154,-0.129,-0.112,-0.124
イナダ,林遊船,69,-0.199,-0.239,+0.389,-0.106,-0.187,-0.152,+0.052,-0.026,-0.013,-0.171,+0.268,-0.029,-0.262,+0.093,-0.063,-0.061,-0.011,-0.033,-0.033,-0.048
マダコ,こなや丸,69,+0.034,+0.214,+0.075,-0.031,+0.114,+0.085,-0.064,+0.172,+0.046,-0.033,+0.012,-0.025,-0.112,+0.041,+0.028,+0.042,-0.101,+0.037,-0.028,+0.048
ヒラメ,仁徳丸,68,+0.256,-0.080,-0.220,-0.273,-0.147,+0.049,-0.047,+0.190,-0.047,+0.051,-0.351,+0.133,-0.196,-0.150,-0.131,-0.004,-0.099,-0.313,+0.001,-0.066
マルイカ,第八幸松丸,68,-0.080,-0.220,-0.491,+0.117,+0.016,-0.054,-0.150,+0.134,-0.037,-0.087,-0.480,-0.139,-0.034,-0.051,-0.117,-0.070,-0.039,-0.091,+0.100,+0.306
シロアマダイ,庄治郎丸,67,+0.036,-0.114,-0.223,+0.115,-0.102,-0.013,+0.101,-0.052,+0.022,+0.031,-0.299,-0.043,+0.033,+0.144,+0.260,-0.238,-0.093,+0.174,-0.240,+0.230
フグ,ちがさき丸,67,-0.058,+0.094,+0.244,-0.060,+0.032,+0.136,+0.297,-0.059,+0.234,+0.203,+0.417,+0.099,+0.170,+0.133,+0.059,-0.100,+0.192,+0.151,+0.153,-0.250
カサゴ,北山丸,66,-0.181,-0.012,+0.087,+0.104,-0.065,-0.045,+0.012,-0.034,+0.015,-0.133,-0.019,+0.001,-0.186,-0.206,-0.135,-0.135,-0.125,-0.089,+0.105,+0.154
マルイカ,幸栄丸,66,-0.119,-0.034,+0.349,-0.288,+0.116,+0.347,+0.084,+0.304,+0.363,-0.016,+0.150,+0.052,-0.049,-0.048,-0.069,+0.099,+0.036,+0.052,-0.004,+0.166
マルイカ,第三幸栄丸,66,-0.119,-0.034,+0.349,-0.288,+0.116,+0.347,+0.084,+0.304,+0.363,-0.016,+0.150,+0.052,-0.049,-0.048,-0.069,+0.099,+0.036,+0.052,-0.004,+0.166
キハダマグロ,たいぞう丸,65,+0.005,-0.144,-0.420,-0.108,-0.085,-0.224,-0.235,-0.062,-0.242,-0.176,-0.403,+0.054,+0.079,+0.068,-0.038,+0.109,+0.159,+0.128,+0.068,+0.266
タチウオ,平安丸,65,-0.118,-0.238,-0.525,-0.046,+0.190,-0.089,+0.042,-0.138,-0.154,+0.025,-0.404,+0.019,-0.025,+0.212,+0.192,+0.196,+0.036,+0.142,+0.335,-0.210
ヒラメ,日正丸,65,+0.093,-0.190,+0.173,-0.009,+0.020,-0.258,-0.213,+0.142,-0.262,-0.070,+0.292,-0.077,+0.130,-0.110,-0.041,-0.008,+0.204,-0.105,-0.246,-0.315
メヌケ,仁徳丸,64,-0.313,+0.015,+0.128,+0.105,-0.067,-0.087,+0.275,-0.122,+0.061,+0.320,+0.166,-0.249,-0.139,-0.012,-0.018,-0.041,+0.018,+0.061,-0.161,+0.086
ショウサイフグ,ちがさき丸,62,-0.201,+0.215,+0.517,-0.129,+0.022,-0.040,+0.054,-0.066,-0.014,-0.006,+0.513,+0.178,+0.453,-0.015,+0.159,-0.219,+0.145,+0.053,-0.143,-0.014
タチウオ,鶴丸,62,-0.081,+0.012,-0.039,-0.020,-0.056,-0.176,-0.096,-0.079,-0.140,-0.101,+0.070,+0.213,+0.214,-0.182,-0.052,-0.008,+0.144,-0.064,-0.178,-0.102
マダイ,海桜丸,62,-0.042,+0.105,+0.150,-0.198,+0.087,+0.214,+0.061,+0.091,+0.149,+0.033,+0.268,+0.130,+0.172,-0.237,-0.161,+0.165,+0.166,+0.042,+0.078,+0.117
ヒラメ,第八幸松丸,61,+0.328,-0.131,+0.172,-0.059,+0.181,+0.113,+0.089,-0.138,+0.077,+0.022,+0.056,+0.132,+0.192,+0.298,+0.132,-0.119,-0.229,+0.033,+0.402,-0.209
シロアマダイ,恵漁丸,60,+0.047,+0.019,+0.021,-0.060,+0.045,-0.144,+0.102,-0.164,-0.148,-0.043,+0.157,+0.125,+0.268,+0.193,-0.000,-0.019,-0.032,+0.074,+0.073,+0.076
タチウオ,恵漁丸,60,-0.079,-0.067,-0.248,+0.417,+0.022,+0.006,+0.103,-0.022,-0.020,+0.165,-0.162,-0.207,-0.135,-0.043,-0.109,+0.357,+0.173,+0.047,+0.058,+0.010
タチウオ,日正丸,60,-0.012,+0.176,-0.451,+0.059,-0.139,+0.085,+0.281,-0.312,+0.093,+0.276,-0.345,-0.265,+0.140,+0.191,+0.270,+0.257,+0.299,+0.134,+0.046,+0.236
ヒラメ,宮田丸,60,+0.060,-0.175,+0.247,-0.068,-0.078,-0.201,-0.155,+0.011,-0.216,-0.123,+0.323,-0.121,+0.027,+0.122,-0.019,+0.078,+0.054,+0.104,+0.116,+0.027
マダイ,鶴丸,58,-0.149,-0.054,+0.115,+0.067,+0.083,-0.144,+0.170,-0.266,-0.116,+0.166,+0.225,+0.017,+0.291,-0.240,-0.032,+0.339,-0.161,-0.080,-0.097,+0.041
マダコ,野毛屋釣船店,58,-0.251,+0.150,-0.105,+0.363,-0.134,-0.174,-0.046,-0.143,-0.141,-0.091,-0.064,-0.275,-0.100,-0.280,-0.287,-0.152,+0.155,+0.055,+0.046,+0.188
ヒラメ,梅花丸,57,-0.009,-0.228,+0.266,+0.261,+0.130,-0.212,+0.018,+0.103,-0.271,+0.018,+0.280,-0.096,+0.186,+0.007,+0.124,-0.103,-0.035,+0.190,-0.077,+0.046
ビシアジ,庄治郎丸,57,+0.021,-0.164,-0.035,+0.119,+0.234,-0.099,-0.013,-0.044,-0.061,-0.063,+0.005,+0.116,+0.141,-0.146,-0.085,+0.066,+0.100,-0.189,-0.047,+0.204
ワラサ,喜平治丸,57,+0.135,-0.169,-0.057,-0.166,-0.055,+0.223,+0.007,-0.050,+0.125,+0.077,+0.002,+0.120,-0.032,+0.131,-0.054,+0.247,-0.080,-0.010,+0.084,-0.099
カマス,庄治郎丸,56,+0.022,+0.187,+0.599,-0.194,+0.139,+0.374,+0.296,-0.433,+0.419,+0.146,+0.628,+0.144,+0.151,+0.125,+0.277,-0.041,+0.009,+0.064,-0.081,-0.460
アジ,岩崎レンタルボート(岩崎つり具店),55,+0.671,+0.347,+0.374,-0.301,-0.137,+0.398,-0.137,+0.160,-0.144,+0.083,+0.405,+0.357,+0.093,-0.097,-0.053,+0.013,+0.350,+0.068,-0.310,-0.276
イサキ,ちがさき丸,54,+0.026,-0.055,+0.349,-0.028,-0.046,-0.198,+0.120,+0.104,-0.261,+0.094,+0.314,-0.086,+0.371,+0.006,-0.100,-0.010,+0.011,-0.169,-0.204,+0.096
トラフグ,吉野屋,54,-0.018,+0.098,-0.404,-0.057,-0.207,-0.247,-0.289,+0.146,-0.236,-0.311,-0.168,+0.013,-0.068,+0.017,+0.211,+0.225,+0.363,+0.115,-0.168,-0.119
アジ,第八幸松丸,53,+0.028,+0.030,+0.394,-0.298,-0.004,+0.245,+0.341,-0.198,+0.294,+0.306,+0.476,+0.338,+0.177,+0.158,+0.020,+0.084,-0.074,+0.051,+0.226,-0.131
マダイ,第八幸松丸,53,+0.388,+0.276,+0.290,-0.382,+0.275,+0.231,-0.145,-0.009,+0.206,-0.084,+0.366,+0.029,-0.398,-0.110,-0.117,-0.224,-0.261,-0.147,+0.121,-0.079
スルメイカ,明広丸,52,+0.055,-0.186,-0.163,-0.020,+0.089,-0.061,+0.041,-0.159,+0.067,-0.082,+0.172,+0.201,-0.086,+0.019,-0.088,-0.042,+0.135,-0.062,-0.128,+0.186
イサキ,敷嶋丸,51,-0.125,-0.113,-0.121,+0.199,-0.020,+0.075,+0.222,-0.218,+0.188,+0.097,-0.064,-0.002,+0.136,-0.055,+0.039,+0.204,-0.114,+0.032,-0.107,+0.063
タチウオ,村松釣具店,51,+0.016,-0.131,-0.388,+0.301,-0.084,-0.267,-0.202,+0.248,-0.259,-0.368,-0.468,-0.162,-0.201,-0.202,-0.171,-0.034,+0.095,-0.217,-0.134,+0.081
マハタ,幸栄丸,51,-0.227,+0.042,+0.016,-0.169,-0.185,-0.180,-0.005,-0.052,-0.199,+0.026,-0.034,-0.049,+0.053,-0.121,+0.048,-0.085,+0.078,-0.014,-0.148,-0.009
マハタ,第三幸栄丸,51,-0.227,+0.042,+0.016,-0.169,-0.185,-0.180,-0.005,-0.052,-0.199,+0.026,-0.034,-0.049,+0.053,-0.121,+0.048,-0.085,+0.078,-0.014,-0.148,-0.009
アマダイ,鶴丸,50,-0.000,+0.062,-0.091,+0.034,+0.265,-0.126,+0.109,-0.246,-0.145,+0.157,-0.052,-0.028,-0.111,+0.021,+0.010,-0.039,+0.098,-0.008,-0.104,-0.082
カツオ,恒丸,49,-0.028,-0.163,+0.043,+0.179,-0.085,-0.163,+0.041,-0.200,-0.180,+0.017,-0.038,-0.085,+0.115,-0.007,-0.078,-0.051,-0.264,-0.158,+0.036,-0.016
アジ,利一丸,48,,,,,,,,,,,,,,,,,,,,
アジ,鶴丸,48,-0.039,-0.056,+0.344,-0.246,-0.182,+0.174,+0.279,-0.158,+0.191,+0.367,+0.210,-0.048,+0.144,+0.186,+0.167,-0.236,-0.027,+0.012,-0.217,+0.132
カンパチ,佐衛美丸,48,+0.077,-0.087,-0.418,+0.539,+0.032,+0.231,+0.212,-0.381,+0.204,-0.067,-0.249,-0.164,+0.345,-0.132,-0.310,+0.261,-0.006,-0.272,-0.011,+0.266
キハダマグロ,庄治郎丸,48,,,,,,,,,,,,,,,,,,,,
メバル,幸栄丸,48,+0.363,-0.074,+0.219,-0.115,+0.016,+0.030,+0.028,+0.228,-0.029,+0.023,+0.011,-0.096,-0.090,-0.247,-0.159,-0.043,-0.040,-0.364,+0.272,+0.061
メバル,第三幸栄丸,48,+0.363,-0.074,+0.219,-0.115,+0.016,+0.030,+0.028,+0.228,-0.029,+0.023,+0.011,-0.096,-0.090,-0.247,-0.159,-0.043,-0.040,-0.364,+0.272,+0.061
イサキ,勘栄丸,47,-0.021,+0.023,-0.208,+0.279,-0.047,-0.036,+0.256,-0.305,+0.067,+0.215,+0.007,+0.078,+0.006,+0.013,-0.066,-0.132,+0.053,-0.024,-0.032,+0.027
トラフグ,ちがさき丸,47,-0.210,+0.491,+0.482,+0.012,+0.247,-0.031,-0.055,-0.042,+0.085,-0.341,+0.569,+0.159,+0.209,-0.321,-0.326,-0.217,+0.363,-0.587,-0.013,-0.262
アジ,秀丸,44,-0.031,-0.070,+0.137,-0.283,+0.141,+0.118,+0.039,+0.119,+0.149,+0.041,+0.221,+0.221,+0.209,-0.015,+0.009,+0.256,+0.062,-0.228,-0.069,-0.222
アオリイカ,佐衛美丸,43,-0.223,+0.071,+0.055,+0.222,+0.044,-0.064,+0.182,+0.023,-0.044,+0.154,-0.042,-0.114,+0.200,+0.018,-0.143,+0.055,-0.127,+0.072,+0.130,+0.063
シロギス,山天丸,43,-0.094,-0.240,+0.213,-0.357,+0.052,-0.005,+0.082,+0.006,-0.003,+0.073,+0.287,+0.188,+0.163,-0.010,+0.085,-0.362,+0.131,+0.020,-0.092,-0.057
アマダイ,あまさけや丸,42,+0.246,+0.084,-0.311,+0.035,-0.079,+0.204,-0.385,+0.037,+0.014,-0.197,-0.312,+0.245,+0.235,+0.053,+0.252,+0.131,+0.144,+0.292,+0.029,-0.283
アマダイ,明進丸,42,+0.013,+0.127,+0.060,-0.062,-0.230,+0.028,-0.134,-0.022,+0.075,+0.003,+0.055,+0.134,-0.198,+0.318,+0.194,+0.132,-0.264,+0.204,+0.215,+0.103
タイ五目,大洗丸,42,-0.288,+0.205,+0.076,-0.207,-0.069,-0.228,-0.062,+0.195,-0.277,-0.023,-0.108,+0.008,-0.024,-0.046,-0.143,+0.100,-0.303,-0.145,-0.109,+0.067
タチウオ,吉野屋,42,+0.338,-0.201,+0.293,-0.099,+0.122,+0.089,-0.032,+0.039,+0.036,-0.079,+0.437,-0.012,+0.076,+0.088,+0.138,+0.186,-0.118,-0.196,+0.119,+0.054
シイラ,共栄丸,41,-0.226,-0.369,+0.289,-0.248,+0.063,-0.097,+0.187,-0.452,+0.058,+0.010,+0.445,-0.079,+0.152,-0.061,+0.001,-0.050,+0.090,+0.011,-0.001,-0.067
シマアジ,なごみ丸,41,+0.321,-0.294,+0.409,-0.230,+0.003,+0.141,+0.045,-0.160,-0.073,+0.224,+0.248,+0.029,+0.065,+0.152,+0.155,+0.120,+0.004,+0.285,+0.205,-0.032
ショウサイフグ,宮田丸,41,-0.200,+0.135,+0.130,-0.044,+0.103,-0.208,-0.372,+0.185,-0.168,-0.144,+0.038,+0.375,+0.277,+0.101,+0.100,-0.065,-0.117,+0.041,+0.424,-0.385
トラフグ,光進丸,41,+0.014,+0.054,+0.362,-0.491,-0.219,+0.149,-0.115,+0.119,+0.158,-0.020,+0.444,+0.530,-0.430,+0.004,-0.283,+0.105,-0.466,-0.209,+0.164,+0.041
マハタ,北山丸,41,,,,,,,,,,,,,,,,,,,,
タチウオ,大貫丸,40,+0.052,+0.080,-0.225,+0.198,-0.135,+0.152,+0.157,-0.087,+0.197,+0.179,-0.218,-0.151,-0.056,-0.149,+0.065,+0.190,+0.475,+0.006,+0.211,-0.027
カワハギ,ちがさき丸,39,+0.017,+0.217,+0.187,-0.028,-0.029,+0.018,+0.070,+0.056,+0.081,-0.033,+0.060,+0.033,+0.049,-0.190,-0.127,+0.123,+0.020,-0.235,-0.076,+0.036
マダイ,勘栄丸,39,,,,,,,,,,,,,,,,,,,,
マルイカ,平安丸,39,-0.006,-0.064,-0.131,+0.083,-0.076,-0.176,+0.078,+0.105,-0.167,+0.174,-0.306,+0.062,-0.164,+0.059,+0.027,+0.052,-0.210,-0.066,+0.174,+0.068
カサゴ,村松釣具店,38,+0.145,-0.079,-0.363,+0.418,-0.038,-0.077,+0.070,-0.046,+0.015,-0.219,-0.396,-0.009,+0.109,-0.292,-0.187,+0.027,-0.064,-0.252,-0.110,+0.273
カツオ,増福丸,38,-0.270,+0.164,+0.240,-0.251,+0.266,+0.258,+0.219,+0.286,+0.365,+0.046,+0.287,+0.078,+0.160,-0.089,+0.204,+0.148,+0.026,+0.057,+0.314,-0.364
イナダ,岩崎レンタルボート(岩崎つり具店),37,-0.170,+0.169,+0.388,-0.022,+0.042,-0.283,-0.190,-0.328,-0.310,-0.189,+0.321,-0.001,+0.188,+0.093,+0.202,+0.007,-0.115,+0.238,+0.172,-0.004
スルメイカ,龍正丸,35,-0.154,+0.032,+0.107,-0.023,+0.013,-0.312,+0.204,-0.440,-0.215,+0.236,+0.223,+0.164,+0.077,+0.017,-0.210,-0.408,-0.061,-0.314,-0.184,+0.448
アマダイ,仁徳丸,34,+0.269,+0.152,-0.055,+0.189,+0.215,-0.155,-0.294,+0.009,-0.284,-0.022,-0.147,+0.310,-0.255,+0.293,+0.199,-0.032,-0.244,-0.031,+0.071,-0.183
マハタ,大盛丸,34,+0.106,-0.109,-0.128,+0.119,+0.294,-0.109,+0.032,-0.105,-0.078,-0.067,-0.147,+0.159,-0.053,+0.283,+0.322,-0.128,-0.095,+0.204,+0.097,+0.051
メダイ,増福丸,34,-0.259,-0.117,+0.004,+0.055,-0.153,+0.031,+0.406,-0.128,+0.101,+0.322,+0.129,+0.106,-0.008,-0.069,-0.133,+0.535,-0.360,-0.102,+0.281,-0.234
ヤリイカ,第八鶴丸,34,+0.142,+0.130,-0.115,-0.202,-0.083,-0.250,-0.401,+0.014,-0.174,-0.097,-0.315,-0.351,+0.181,+0.087,-0.032,+0.026,-0.136,-0.018,-0.221,+0.238
アマダイ,岩崎レンタルボート(岩崎つり具店),33,+0.003,+0.109,+0.111,+0.132,-0.130,-0.105,-0.202,-0.028,-0.084,-0.321,+0.139,+0.004,+0.152,-0.201,-0.333,+0.151,+0.424,-0.244,-0.049,+0.003
カサゴ,岩崎レンタルボート(岩崎つり具店),33,-0.035,-0.037,-0.170,+0.330,-0.261,-0.180,+0.235,+0.417,-0.186,-0.281,-0.065,-0.437,-0.104,-0.222,-0.121,-0.154,+0.194,-0.181,-0.348,+0.371
シロギス,庄治郎丸,33,-0.200,-0.049,-0.180,+0.181,-0.011,+0.106,+0.259,-0.001,+0.170,+0.109,-0.143,+0.392,+0.167,-0.173,+0.049,-0.206,+0.044,+0.005,-0.052,+0.080
シロギス,海桜丸,33,-0.218,+0.256,-0.040,+0.097,-0.005,+0.089,-0.028,+0.026,+0.123,-0.087,-0.104,-0.015,-0.041,-0.162,-0.083,-0.073,+0.073,-0.132,-0.061,+0.125
ワラサ,庄治郎丸,33,,,,,,,,,,,,,,,,,,,,
タチウオ,ちがさき丸,32,+0.081,+0.298,-0.137,-0.187,+0.512,+0.301,-0.253,-0.312,+0.060,-0.107,-0.422,+0.121,+0.076,+0.116,+0.115,+0.313,-0.222,+0.113,+0.223,-0.012
ヒラメ,勇盛丸,32,+0.351,-0.001,+0.352,-0.165,-0.022,+0.016,-0.219,+0.258,-0.247,-0.096,+0.333,+0.006,-0.144,+0.240,+0.177,+0.077,+0.025,+0.422,+0.109,+0.006
イナダ,こなや丸,31,,,,,,,,,,,,,,,,,,,,
マダコ,日正丸,31,-0.294,-0.150,+0.160,-0.131,+0.239,-0.195,+0.131,-0.060,-0.161,-0.009,+0.123,+0.201,+0.138,-0.175,-0.195,-0.457,+0.349,-0.035,-0.052,-0.181
オニカサゴ,吉久,30,+0.113,-0.003,+0.272,-0.071,-0.159,+0.104,+0.178,-0.229,+0.245,+0.027,-0.010,+0.133,+0.198,+0.000,-0.322,+0.003,-0.167,-0.086,+0.153,+0.083
カツオ,幸丸,30,,,,,,,,,,,,,,,,,,,,
キンメダイ,庄治郎丸,30,,,,,,,,,,,,,,,,,,,,
ヒラメ,ちがさき丸,30,,,,,,,,,,,,,,,,,,,,
