port,date,hour,tide_cm
横須賀,2025-12-01,00,127.5
横須賀,2025-12-01,01,136
横須賀,2025-12-01,02,136.6
横須賀,2025-12-01,03,129.9
横須賀,2025-12-01,04,118.3
横須賀,2025-12-01,05,105.3
横須賀,2025-12-01,06,94.6
横須賀,2025-12-01,07,89.1
横須賀,2025-12-01,08,90.9
横須賀,2025-12-01,09,100.3
横須賀,2025-12-01,10,115.4
横須賀,2025-12-01,11,132.8
横須賀,2025-12-01,12,148.1
横須賀,2025-12-01,13,157.3
横須賀,2025-12-01,14,157.2
横須賀,2025-12-01,15,147
横須賀,2025-12-01,16,128.1
横須賀,2025-12-01,17,104.1
横須賀,2025-12-01,18,79.7
横須賀,2025-12-01,19,59.9
横須賀,2025-12-01,20,49.5
横須賀,2025-12-01,21,51.1
横須賀,2025-12-01,22,64.6
横須賀,2025-12-01,23,86.6
横須賀,2025-12-02,00,111.5
横須賀,2025-12-02,01,133.4
横須賀,2025-12-02,02,147.4
横須賀,2025-12-02,03,151
横須賀,2025-12-02,04,144.9
横須賀,2025-12-02,05,132.3
横須賀,2025-12-02,06,117.5
横須賀,2025-12-02,07,104.7
横須賀,2025-12-02,08,97.7
横須賀,2025-12-02,09,99
横須賀,2025-12-02,10,108.9
横須賀,2025-12-02,11,125.1
横須賀,2025-12-02,12,143.3
横須賀,2025-12-02,13,158.3
横須賀,2025-12-02,14,165.2
横須賀,2025-12-02,15,160.5
横須賀,2025-12-02,16,143.9
横須賀,2025-12-02,17,117.9
横須賀,2025-12-02,18,87.5
横須賀,2025-12-02,19,58.3
横須賀,2025-12-02,20,36.3
横須賀,2025-12-02,21,27
横須賀,2025-12-02,22,32.9
横須賀,2025-12-02,23,53
横須賀,2025-12-03,00,82.6
横須賀,2025-12-03,01,114.8
横須賀,2025-12-03,02,142.4
横須賀,2025-12-03,03,159.7
横須賀,2025-12-03,04,164.2
横須賀,2025-12-03,05,157.2
横須賀,2025-12-03,06,143
横須賀,2025-12-03,07,126.2
横須賀,2025-12-03,08,111.9
横須賀,2025-12-03,09,104.5
横須賀,2025-12-03,10,106.6
横須賀,2025-12-03,11,118.2
横須賀,2025-12-03,12,136.1
横須賀,2025-12-03,13,154.8
横須賀,2025-12-03,14,168.5
横須賀,2025-12-03,15,171.6
横須賀,2025-12-03,16,160.9
横須賀,2025-12-03,17,137.3
横須賀,2025-12-03,18,104.8
横須賀,2025-12-03,19,69.3
横須賀,2025-12-03,20,37.4
横須賀,2025-12-03,21,15.6
横須賀,2025-12-03,22,9.4
横須賀,2025-12-03,23,20.9
横須賀,2025-12-04,00,47.8
横須賀,2025-12-04,01,84
横須賀,2025-12-04,02,121.5
横須賀,2025-12-04,03,152.2
横須賀,2025-12-04,04,170.2
横須賀,2025-12-04,05,173.6
横須賀,2025-12-04,06,164.9
横須賀,2025-12-04,07,148.9
横須賀,2025-12-04,08,130.8
横須賀,2025-12-04,09,116.2
横須賀,2025-12-04,10,109.8
横須賀,2025-12-04,11,114.1
横須賀,2025-12-04,12,128.1
横須賀,2025-12-04,13,147.4
横須賀,2025-12-04,14,165.9
横須賀,2025-12-04,15,176.9
横須賀,2025-12-04,16,174.9
横須賀,2025-12-04,17,157.8
横須賀,2025-12-04,18,127.9
横須賀,2025-12-04,19,90.6
横須賀,2025-12-04,20,52.3
横須賀,2025-12-04,21,20
横須賀,2025-12-04,22,0.6
横須賀,2025-12-04,23,-1
横須賀,2025-12-05,00,16.3
横須賀,2025-12-05,01,48.8
横須賀,2025-12-05,02,89.5
横須賀,2025-12-05,03,129.5
横須賀,2025-12-05,04,160.3
横須賀,2025-12-05,05,176.7
横須賀,2025-12-05,06,177.8
横須賀,2025-12-05,07,167.1
横須賀,2025-12-05,08,149.8
横須賀,2025-12-05,09,131.6
横須賀,2025-12-05,10,118.2
横須賀,2025-12-05,11,114.2
横須賀,2025-12-05,12,121.6
横須賀,2025-12-05,13,137.9
横須賀,2025-12-05,14,158
横須賀,2025-12-05,15,174.8
横須賀,2025-12-05,16,181.8
横須賀,2025-12-05,17,174.2
横須賀,2025-12-05,18,151.3
横須賀,2025-12-05,19,117
横須賀,2025-12-05,20,77.2
横須賀,2025-12-05,21,38.8
横須賀,2025-12-05,22,8.6
横須賀,2025-12-05,23,-6.9
横須賀,2025-12-06,00,-3.3
横須賀,2025-12-06,01,18.9
横須賀,2025-12-06,02,55.1
横須賀,2025-12-06,03,97.3
横須賀,2025-12-06,04,136.7
横須賀,2025-12-06,05,165.1
横須賀,2025-12-06,06,178.1
横須賀,2025-12-06,07,176.3
横須賀,2025-12-06,08,164
横須賀,2025-12-06,09,146.6
横須賀,2025-12-06,10,129.6
横須賀,2025-12-06,11,118.8
横須賀,2025-12-06,12,118.3
横須賀,2025-12-06,13,128.7
横須賀,2025-12-06,14,146.6
横須賀,2025-12-06,15,166
横須賀,2025-12-06,16,180
横須賀,2025-12-06,17,182.2
横須賀,2025-12-06,18,169.2
横須賀,2025-12-06,19,142.2
横須賀,2025-12-06,20,106
横須賀,2025-12-06,21,66.6
横須賀,2025-12-06,22,30.5
横須賀,2025-12-06,23,4.2
横須賀,2025-12-07,00,-6.4
横須賀,2025-12-07,01,1.9
横須賀,2025-12-07,02,27.4
横須賀,2025-12-07,03,64.8
横須賀,2025-12-07,04,105.8
横須賀,2025-12-07,05,141.8
横須賀,2025-12-07,06,165.7
横須賀,2025-12-07,07,174.6
横須賀,2025-12-07,08,170.3
横須賀,2025-12-07,09,157.3
横須賀,2025-12-07,10,140.8
横須賀,2025-12-07,11,126.3
横須賀,2025-12-07,12,119
横須賀,2025-12-07,13,122
横須賀,2025-12-07,14,134.6
横須賀,2025-12-07,15,152.7
横須賀,2025-12-07,16,170.1
横須賀,2025-12-07,17,180
横須賀,2025-12-07,18,177.5
横須賀,2025-12-07,19,160.6
横須賀,2025-12-07,20,131.9
横須賀,2025-12-07,21,96.4
横須賀,2025-12-07,22,59.9
横須賀,2025-12-07,23,28
横須賀,2025-12-08,00,6.8
横須賀,2025-12-08,01,1.3
横須賀,2025-12-08,02,13.2
横須賀,2025-12-08,03,40.2
横須賀,2025-12-08,04,76.3
横須賀,2025-12-08,05,113.7
横須賀,2025-12-08,06,144.4
横須賀,2025-12-08,07,162.9
横須賀,2025-12-08,08,167.7
横須賀,2025-12-08,09,161.5
横須賀,2025-12-08,10,148.8
横須賀,2025-12-08,11,134.2
横須賀,2025-12-08,12,122.7
横須賀,2025-12-08,13,118.9
横須賀,2025-12-08,14,124.5
横須賀,2025-12-08,15,137.9
横須賀,2025-12-08,16,154.6
横須賀,2025-12-08,17,168.7
横須賀,2025-12-08,18,174.4
横須賀,2025-12-08,19,168.1
横須賀,2025-12-08,20,149.4
横須賀,2025-12-08,21,121.6
横須賀,2025-12-08,22,89.5
横須賀,2025-12-08,23,57.8
横須賀,2025-12-09,00,31.5
横須賀,2025-12-09,01,15.8
横須賀,2025-12-09,02,14.7
横須賀,2025-12-09,03,28.9
横須賀,2025-12-09,04,55.4
横須賀,2025-12-09,05,88.3
横須賀,2025-12-09,06,120.4
横須賀,2025-12-09,07,144.9
横須賀,2025-12-09,08,157.8
横須賀,2025-12-09,09,159.2
横須賀,2025-12-09,10,152
横須賀,2025-12-09,11,140.3
横須賀,2025-12-09,12,127.9
横須賀,2025-12-09,13,119.4
横須賀,2025-12-09,14,118
横須賀,2025-12-09,15,124.7
横須賀,2025-12-09,16,137.1
横須賀,2025-12-09,17,151
横須賀,2025-12-09,18,161.3
横須賀,2025-12-09,19,163.6
横須賀,2025-12-09,20,155.4
横須賀,2025-12-09,21,137.5
横須賀,2025-12-09,22,113.1
横須賀,2025-12-09,23,86.1
横須賀,2025-12-10,00,60.4
横須賀,2025-12-10,01,40.1
横須賀,2025-12-10,02,29.6
横須賀,2025-12-10,03,32
横須賀,2025-12-10,04,47
横須賀,2025-12-10,05,71.4
横須賀,2025-12-10,06,99.8
横須賀,2025-12-10,07,125.7
横須賀,2025-12-10,08,144
横須賀,2025-12-10,09,152.2
横須賀,2025-12-10,10,151.1
横須賀,2025-12-10,11,143.6
横須賀,2025-12-10,12,133
横須賀,2025-12-10,13,122.5
横須賀,2025-12-10,14,115.7
横須賀,2025-12-10,15,115.1
横須賀,2025-12-10,16,121
横須賀,2025-12-10,17,131
横須賀,2025-12-10,18,141.7
横須賀,2025-12-10,19,148.8
横須賀,2025-12-10,20,149.3
横須賀,2025-12-10,21,141.6
横須賀,2025-12-10,22,126.9
横須賀,2025-12-10,23,107.7
横須賀,2025-12-11,00,86.8
横須賀,2025-12-11,01,67.3
横須賀,2025-12-11,02,52.7
横須賀,2025-12-11,03,46.6
横須賀,2025-12-11,04,51.1
横須賀,2025-12-11,05,65.6
横須賀,2025-12-11,06,86.9
横須賀,2025-12-11,07,110.1
横須賀,2025-12-11,08,130.1
横須賀,2025-12-11,09,143
横須賀,2025-12-11,10,147.5
横須賀,2025-12-11,11,144.8
横須賀,2025-12-11,12,137.1
横須賀,2025-12-11,13,127
横須賀,2025-12-11,14,117.2
横須賀,2025-12-11,15,110.5
横須賀,2025-12-11,16,109
横須賀,2025-12-11,17,112.6
横須賀,2025-12-11,18,119.7
横須賀,2025-12-11,19,127.6
横須賀,2025-12-11,20,133.2
横須賀,2025-12-11,21,134.1
横須賀,2025-12-11,22,129.3
横須賀,2025-12-11,23,119.6
横須賀,2025-12-12,00,106.4
横須賀,2025-12-12,01,91.7
横須賀,2025-12-12,02,77.7
横須賀,2025-12-12,03,67.7
横須賀,2025-12-12,04,64.6
横須賀,2025-12-12,05,70
横須賀,2025-12-12,06,82.9
横須賀,2025-12-12,07,100.6
横須賀,2025-12-12,08,119
横須賀,2025-12-12,09,134
横須賀,2025-12-12,10,142.8
横須賀,2025-12-12,11,144.7
横須賀,2025-12-12,12,140.7
横須賀,2025-12-12,13,132.4
横須賀,2025-12-12,14,121.7
横須賀,2025-12-12,15,110.9
横須賀,2025-12-12,16,102.6
横須賀,2025-12-12,17,98.7
横須賀,2025-12-12,18,99.5
横須賀,2025-12-12,19,104.3
横須賀,2025-12-12,20,111.1
横須賀,2025-12-12,21,117.5
横須賀,2025-12-12,22,121.2
横須賀,2025-12-12,23,121.2
横須賀,2025-12-13,00,117.1
横須賀,2025-12-13,01,109.7
横須賀,2025-12-13,02,100
横須賀,2025-12-13,03,90.2
横須賀,2025-12-13,04,83.2
横須賀,2025-12-13,05,81.6
横須賀,2025-12-13,06,86.5
横須賀,2025-12-13,07,97.4
横須賀,2025-12-13,08,111.8
横須賀,2025-12-13,09,126.4
横須賀,2025-12-13,10,137.8
横須賀,2025-12-13,11,143.8
横須賀,2025-12-13,12,143.9
横須賀,2025-12-13,13,138.4
横須賀,2025-12-13,14,128.4
横須賀,2025-12-13,15,115.6
横須賀,2025-12-13,16,102.4
横須賀,2025-12-13,17,91.3
横須賀,2025-12-13,18,84.6
横須賀,2025-12-13,19,83.3
横須賀,2025-12-13,20,87.4
横須賀,2025-12-13,21,95.4
横須賀,2025-12-13,22,104.9
横須賀,2025-12-13,23,113.3
横須賀,2025-12-14,00,118.7
横須賀,2025-12-14,01,119.9
横須賀,2025-12-14,02,116.8
横須賀,2025-12-14,03,110.4
横須賀,2025-12-14,04,102.9
横須賀,2025-12-14,05,97.1
横須賀,2025-12-14,06,95.5
横須賀,2025-12-14,07,99.3
横須賀,2025-12-14,08,108.4
横須賀,2025-12-14,09,120.5
横須賀,2025-12-14,10,132.6
横須賀,2025-12-14,11,141.9
横須賀,2025-12-14,12,146.2
横須賀,2025-12-14,13,144.5
横須賀,2025-12-14,14,136.6
横須賀,2025-12-14,15,123.7
横須賀,2025-12-14,16,107.6
横須賀,2025-12-14,17,91
横須賀,2025-12-14,18,76.9
横須賀,2025-12-14,19,68.1
横須賀,2025-12-14,20,66.5
横須賀,2025-12-14,21,72.2
横須賀,2025-12-14,22,83.7
横須賀,2025-12-14,23,98
横須賀,2025-12-15,00,111.8
横須賀,2025-12-15,01,122.1
横須賀,2025-12-15,02,127
横須賀,2025-12-15,03,126.2
横須賀,2025-12-15,04,121
横須賀,2025-12-15,05,113.8
横須賀,2025-12-15,06,107.5
横須賀,2025-12-15,07,105
横須賀,2025-12-15,08,107.9
横須賀,2025-12-15,09,115.8
横須賀,2025-12-15,10,127
横須賀,2025-12-15,11,138.3
横須賀,2025-12-15,12,146.6
横須賀,2025-12-15,13,149.5
横須賀,2025-12-15,14,145.3
横須賀,2025-12-15,15,134
横須賀,2025-12-15,16,117.1
横須賀,2025-12-15,17,97.1
横須賀,2025-12-15,18,77
横須賀,2025-12-15,19,60.7
横須賀,2025-12-15,20,51.6
横須賀,2025-12-15,21,51.9
横須賀,2025-12-15,22,61.5
横須賀,2025-12-15,23,78.1
横須賀,2025-12-16,00,98
横須賀,2025-12-16,01,116.7
横須賀,2025-12-16,02,130.3
横須賀,2025-12-16,03,136.7
横須賀,2025-12-16,04,135.8
横須賀,2025-12-16,05,129.7
横須賀,2025-12-16,06,121.1
横須賀,2025-12-16,07,113.4
横須賀,2025-12-16,08,109.9
横須賀,2025-12-16,09,112.5
横須賀,2025-12-16,10,120.8
横須賀,2025-12-16,11,132.4
横須賀,2025-12-16,12,144
横須賀,2025-12-16,13,151.7
横須賀,2025-12-16,14,152.6
横須賀,2025-12-16,15,145
横須賀,2025-12-16,16,129.3
横須賀,2025-12-16,17,107.9
横須賀,2025-12-16,18,84
横須賀,2025-12-16,19,61.4
横須賀,2025-12-16,20,44.6
横須賀,2025-12-16,21,37.4
横須賀,2025-12-16,22,41.9
横須賀,2025-12-16,23,57
横須賀,2025-12-17,00,79.5
横須賀,2025-12-17,01,104.5
横須賀,2025-12-17,02,126.5
横須賀,2025-12-17,03,141.1
横須賀,2025-12-17,04,146.5
横須賀,2025-12-17,05,143.5
横須賀,2025-12-17,06,134.8
横須賀,2025-12-17,07,123.9
横須賀,2025-12-17,08,114.8
横須賀,2025-12-17,09,111.1
横須賀,2025-12-17,10,114.7
横須賀,2025-12-17,11,124.7
横須賀,2025-12-17,12,137.9
横須賀,2025-12-17,13,150.1
横須賀,2025-12-17,14,156.8
横須賀,2025-12-17,15,154.5
横須賀,2025-12-17,16,142.4
横須賀,2025-12-17,17,121.8
横須賀,2025-12-17,18,96.1
横須賀,2025-12-17,19,69.2
横須賀,2025-12-17,20,45.8
横須賀,2025-12-17,21,30.6
横須賀,2025-12-17,22,27.6
横須賀,2025-12-17,23,37.8
横須賀,2025-12-18,00,59.1
横須賀,2025-12-18,01,87.1
横須賀,2025-12-18,02,115.6
横須賀,2025-12-18,03,138.6
横須賀,2025-12-18,04,151.7
横須賀,2025-12-18,05,154
横須賀,2025-12-18,06,147.5
横須賀,2025-12-18,07,135.6
横須賀,2025-12-18,08,122.5
横須賀,2025-12-18,09,112.8
横須賀,2025-12-18,10,110.4
横須賀,2025-12-18,11,116.5
横須賀,2025-12-18,12,129.2
横須賀,2025-12-18,13,144.2
横須賀,2025-12-18,14,156.4
横須賀,2025-12-18,15,160.8
横須賀,2025-12-18,16,154.2
横須賀,2025-12-18,17,136.7
横須賀,2025-12-18,18,111.2
横須賀,2025-12-18,19,82.1
横須賀,2025-12-18,20,53.9
横須賀,2025-12-18,21,31.6
横須賀,2025-12-18,22,20.3
横須賀,2025-12-18,23,23
横須賀,2025-12-19,00,39.7
横須賀,2025-12-19,01,66.9
横須賀,2025-12-19,02,98.9
横須賀,2025-12-19,03,128.8
横須賀,2025-12-19,04,150.2
横須賀,2025-12-19,05,159.8
横須賀,2025-12-19,06,157.8
横須賀,2025-12-19,07,147.3
横須賀,2025-12-19,08,132.5
横須賀,2025-12-19,09,118.2
横須賀,2025-12-19,10,109.6
横須賀,2025-12-19,11,110
横須賀,2025-12-19,12,119.7
横須賀,2025-12-19,13,135.3
横須賀,2025-12-19,14,151.6
横須賀,2025-12-19,15,162.4
横須賀,2025-12-19,16,162.8
横須賀,2025-12-19,17,150.6
横須賀,2025-12-19,18,127.6
横須賀,2025-12-19,19,98.1
横須賀,2025-12-19,20,67
横須賀,2025-12-19,21,39.4
横須賀,2025-12-19,22,20.3
横須賀,2025-12-19,23,14.5
横須賀,2025-12-20,00,23.9
横須賀,2025-12-20,01,46.9
横須賀,2025-12-20,02,78.7
横須賀,2025-12-20,03,112.7
横須賀,2025-12-20,04,141.5
横須賀,2025-12-20,05,159.3
横須賀,2025-12-20,06,163.9
横須賀,2025-12-20,07,157.2
横須賀,2025-12-20,08,143.2
横須賀,2025-12-20,09,126.6
横須賀,2025-12-20,10,112.9
横須賀,2025-12-20,11,107.1
横須賀,2025-12-20,12,111.6
横須賀,2025-12-20,13,125.3
横須賀,2025-12-20,14,143.2
横須賀,2025-12-20,15,159.1
横須賀,2025-12-20,16,166.7
横須賀,2025-12-20,17,161.7
横須賀,2025-12-20,18,143.5
横須賀,2025-12-20,19,115.6
横須賀,2025-12-20,20,83.3
横須賀,2025-12-20,21,52.1
横須賀,2025-12-20,22,26.9
横須賀,2025-12-20,23,12.9
横須賀,2025-12-21,00,13.6
横須賀,2025-12-21,01,29.7
横須賀,2025-12-21,02,58
横須賀,2025-12-21,03,92.6
横須賀,2025-12-21,04,126.3
横須賀,2025-12-21,05,151.8
横須賀,2025-12-21,06,164.3
横須賀,2025-12-21,07,163.6
横須賀,2025-12-21,08,152.7
横須賀,2025-12-21,09,136.3
横須賀,2025-12-21,10,119.7
横須賀,2025-12-21,11,108.4
横須賀,2025-12-21,12,106.8
横須賀,2025-12-21,13,116
横須賀,2025-12-21,14,132.8
横須賀,2025-12-21,15,151.5
横須賀,2025-12-21,16,165.2
横須賀,2025-12-21,17,168
横須賀,2025-12-21,18,156.7
横須賀,2025-12-21,19,132.9
横須賀,2025-12-21,20,101.4
横須賀,2025-12-21,21,68.3
横須賀,2025-12-21,22,38.8
横須賀,2025-12-21,23,17.9
横須賀,2025-12-22,00,10.1
横須賀,2025-12-22,01,17.7
横須賀,2025-12-22,02,39.7
横須賀,2025-12-22,03,71.7
横須賀,2025-12-22,04,107
横須賀,2025-12-22,05,138
横須賀,2025-12-22,06,158.4
横須賀,2025-12-22,07,165
横須賀,2025-12-22,08,159.3
横須賀,2025-12-22,09,145.3
横須賀,2025-12-22,10,128.2
横須賀,2025-12-22,11,113.3
横須賀,2025-12-22,12,105.8
横須賀,2025-12-22,13,109
横須賀,2025-12-22,14,122.2
横須賀,2025-12-22,15,140.9
横須賀,2025-12-22,16,158.5
横須賀,2025-12-22,17,168.3
横須賀,2025-12-22,18,165.2
横須賀,2025-12-22,19,148
横須賀,2025-12-22,20,119.9
横須賀,2025-12-22,21,86.8
横須賀,2025-12-22,22,54.8
横須賀,2025-12-22,23,28.9
横須賀,2025-12-23,00,13.6
横須賀,2025-12-23,01,12.6
横須賀,2025-12-23,02,26.6
横須賀,2025-12-23,03,53.2
横須賀,2025-12-23,04,86.8
横須賀,2025-12-23,05,120.3
横須賀,2025-12-23,06,146.8
横須賀,2025-12-23,07,161
横須賀,2025-12-23,08,161.8
横須賀,2025-12-23,09,152.1
横須賀,2025-12-23,10,136.5
横須賀,2025-12-23,11,120.2
横須賀,2025-12-23,12,108.2
横須賀,2025-12-23,13,105
横須賀,2025-12-23,14,112.5
横須賀,2025-12-23,15,128.3
横須賀,2025-12-23,16,147.1
横須賀,2025-12-23,17,162
横須賀,2025-12-23,18,166.9
横須賀,2025-12-23,19,158.2
横須賀,2025-12-23,20,136.5
横須賀,2025-12-23,21,106.4
横須賀,2025-12-23,22,74
横須賀,2025-12-23,23,45
横須賀,2025-12-24,00,24.1
横須賀,2025-12-24,01,15.2
横須賀,2025-12-24,02,20.7
横須賀,2025-12-24,03,39.9
横須賀,2025-12-24,04,69
横須賀,2025-12-24,05,101.9
横須賀,2025-12-24,06,131.7
横須賀,2025-12-24,07,152.2
横須賀,2025-12-24,08,160
横須賀,2025-12-24,09,155.8
横須賀,2025-12-24,10,143.2
横須賀,2025-12-24,11,127.3
横須賀,2025-12-24,12,112.7
横須賀,2025-12-24,13,104.1
横須賀,2025-12-24,14,104.8
横須賀,2025-12-24,15,115.2
横須賀,2025-12-24,16,131.8
横須賀,2025-12-24,17,149
横須賀,2025-12-24,18,160.3
横須賀,2025-12-24,19,160.7
横須賀,2025-12-24,20,148
横須賀,2025-12-24,21,124.3
横須賀,2025-12-24,22,94.7
横須賀,2025-12-24,23,65.3
横須賀,2025-12-25,00,41
横須賀,2025-12-25,01,25.9
横須賀,2025-12-25,02,23.3
横須賀,2025-12-25,03,34.2
横須賀,2025-12-25,04,56.6
横須賀,2025-12-25,05,85.9
横須賀,2025-12-25,06,115.9
横須賀,2025-12-25,07,140.3
横須賀,2025-12-25,08,154.3
横須賀,2025-12-25,09,156.3
横須賀,2025-12-25,10,148.1
横須賀,2025-12-25,11,133.9
横須賀,2025-12-25,12,118.4
横須賀,2025-12-25,13,105.8
横須賀,2025-12-25,14,99.9
横須賀,2025-12-25,15,103.1
横須賀,2025-12-25,16,114.6
横須賀,2025-12-25,17,130.4
横須賀,2025-12-25,18,145.2
横須賀,2025-12-25,19,153.3
横須賀,2025-12-25,20,150.8
横須賀,2025-12-25,21,136.8
横須賀,2025-12-25,22,114
横須賀,2025-12-25,23,87.5
横須賀,2025-12-26,00,62.7
横須賀,2025-12-26,01,44
横須賀,2025-12-26,02,34.8
横須賀,2025-12-26,03,37.4
横須賀,2025-12-26,04,51.7
横須賀,2025-12-26,05,75
横須賀,2025-12-26,06,102.2
横須賀,2025-12-26,07,127.6
横須賀,2025-12-26,08,145.9
横須賀,2025-12-26,09,153.8
横須賀,2025-12-26,10,150.9
横須賀,2025-12-26,11,140
横須賀,2025-12-26,12,125
横須賀,2025-12-26,13,110
横須賀,2025-12-26,14,98.6
横須賀,2025-12-26,15,94.2
横須賀,2025-12-26,16,98
横須賀,2025-12-26,17,108.8
横須賀,2025-12-26,18,123
横須賀,2025-12-26,19,135.7
横須賀,2025-12-26,20,142.2
横須賀,2025-12-26,21,139.4
横須賀,2025-12-26,22,127
横須賀,2025-12-26,23,108
横須賀,2025-12-27,00,86.7
横須賀,2025-12-27,01,67.5
横須賀,2025-12-27,02,54.3
横須賀,2025-12-27,03,49.9
横須賀,2025-12-27,04,55.8
横須賀,2025-12-27,05,71.2
横須賀,2025-12-27,06,92.9
横須賀,2025-12-27,07,116.3
横須賀,2025-12-27,08,136.3
横須賀,2025-12-27,09,148.7
横須賀,2025-12-27,10,151.6
横須賀,2025-12-27,11,145.4
横須賀,2025-12-27,12,132.7
横須賀,2025-12-27,13,117
横須賀,2025-12-27,14,101.8
横須賀,2025-12-27,15,90.4
横須賀,2025-12-27,16,85.5
横須賀,2025-12-27,17,88.2
横須賀,2025-12-27,18,97.4
横須賀,2025-12-27,19,110.1
横須賀,2025-12-27,20,122.1
横須賀,2025-12-27,21,129.3
横須賀,2025-12-27,22,129.1
横須賀,2025-12-27,23,121.3
横須賀,2025-12-28,00,108.1
横須賀,2025-12-28,01,92.8
横須賀,2025-12-28,02,79.1
横須賀,2025-12-28,03,70.4
横須賀,2025-12-28,04,69
横須賀,2025-12-28,05,75.9
横須賀,2025-12-28,06,89.9
横須賀,2025-12-28,07,108.3
横須賀,2025-12-28,08,127
横須賀,2025-12-28,09,141.9
横須賀,2025-12-28,10,149.7
横須賀,2025-12-28,11,149.2
横須賀,2025-12-28,12,140.9
横須賀,2025-12-28,13,126.9
横須賀,2025-12-28,14,110
横須賀,2025-12-28,15,93.4
横須賀,2025-12-28,16,80.2
横須賀,2025-12-28,17,73.2
横須賀,2025-12-28,18,73.7
横須賀,2025-12-28,19,81.2
横須賀,2025-12-28,20,93.4
横須賀,2025-12-28,21,106.7
横須賀,2025-12-28,22,117.3
横須賀,2025-12-28,23,122.4
横須賀,2025-12-29,00,121.1
横須賀,2025-12-29,01,114.5
横須賀,2025-12-29,02,105
横須賀,2025-12-29,03,95.7
横須賀,2025-12-29,04,89.6
横須賀,2025-12-29,05,88.9
横須賀,2025-12-29,06,94.4
横須賀,2025-12-29,07,105.4
横須賀,2025-12-29,08,119.8
横須賀,2025-12-29,09,134.2
横須賀,2025-12-29,10,145.2
横須賀,2025-12-29,11,150.3
横須賀,2025-12-29,12,148
横須賀,2025-12-29,13,138.4
横須賀,2025-12-29,14,122.8
横須賀,2025-12-29,15,103.8
横須賀,2025-12-29,16,84.4
横須賀,2025-12-29,17,68
横須賀,2025-12-29,18,57.7
横須賀,2025-12-29,19,55.7
横須賀,2025-12-29,20,62.3
横須賀,2025-12-29,21,75.8
横須賀,2025-12-29,22,92.7
横須賀,2025-12-29,23,108.8
横須賀,2025-12-30,00,120.8
横須賀,2025-12-30,01,126.5
横須賀,2025-12-30,02,126
横須賀,2025-12-30,03,120.8
横須賀,2025-12-30,04,114
横須賀,2025-12-30,05,108.4
横須賀,2025-12-30,06,106.2
横須賀,2025-12-30,07,108.7
横須賀,2025-12-30,08,116.1
横須賀,2025-12-30,09,126.9
横須賀,2025-12-30,10,138.5
横須賀,2025-12-30,11,147.8
横須賀,2025-12-30,12,152
横須賀,2025-12-30,13,149
横須賀,2025-12-30,14,138.2
横須賀,2025-12-30,15,120.3
横須賀,2025-12-30,16,97.9
横須賀,2025-12-30,17,74.5
横須賀,2025-12-30,18,54
横須賀,2025-12-30,19,40.3
横須賀,2025-12-30,20,36.5
横須賀,2025-12-30,21,43.6
横須賀,2025-12-30,22,60.2
横須賀,2025-12-30,23,82.3
羽田,2025-12-01,00,136
羽田,2025-12-01,01,151.3
羽田,2025-12-01,02,157.5
羽田,2025-12-01,03,154.4
羽田,2025-12-01,04,142.8
羽田,2025-12-01,05,124.6
羽田,2025-12-01,06,104.1
羽田,2025-12-01,07,87.7
羽田,2025-12-01,08,81.6
羽田,2025-12-01,09,89.2
羽田,2025-12-01,10,108.9
羽田,2025-12-01,11,134.6
羽田,2025-12-01,12,159
羽田,2025-12-01,13,175.6
羽田,2025-12-01,14,181.1
羽田,2025-12-01,15,174.5
羽田,2025-12-01,16,156.2
羽田,2025-12-01,17,128.2
羽田,2025-12-01,18,95.1
羽田,2025-12-01,19,64
羽田,2025-12-01,20,43.3
羽田,2025-12-01,21,38.9
羽田,2025-12-01,22,51.9
羽田,2025-12-01,23,78.1
羽田,2025-12-02,00,109.6
羽田,2025-12-02,01,138.8
羽田,2025-12-02,02,160.3
羽田,2025-12-02,03,171.2
羽田,2025-12-02,04,170.2
羽田,2025-12-02,05,157.6
羽田,2025-12-02,06,136.2
羽田,2025-12-02,07,111.9
羽田,2025-12-02,08,92.9
羽田,2025-12-02,09,86.4
羽田,2025-12-02,10,95.4
羽田,2025-12-02,11,117.1
羽田,2025-12-02,12,144.2
羽田,2025-12-02,13,168.6
羽田,2025-12-02,14,184
羽田,2025-12-02,15,186.7
羽田,2025-12-02,16,175.3
羽田,2025-12-02,17,150.5
羽田,2025-12-02,18,114.9
羽田,2025-12-02,19,75
羽田,2025-12-02,20,39.9
羽田,2025-12-02,21,19.3
羽田,2025-12-02,22,18.9
羽田,2025-12-02,23,38.5
羽田,2025-12-03,00,71.8
羽田,2025-12-03,01,110.2
羽田,2025-12-03,02,145.2
羽田,2025-12-03,03,171.1
羽田,2025-12-03,04,184.3
羽田,2025-12-03,05,183
羽田,2025-12-03,06,167.9
羽田,2025-12-03,07,142.9
羽田,2025-12-03,08,116
羽田,2025-12-03,09,96.5
羽田,2025-12-03,10,91.9
羽田,2025-12-03,11,103.7
羽田,2025-12-03,12,127.7
羽田,2025-12-03,13,155.6
羽田,2025-12-03,14,178.9
羽田,2025-12-03,15,191.5
羽田,2025-12-03,16,189.8
羽田,2025-12-03,17,172.4
羽田,2025-12-03,18,140.3
羽田,2025-12-03,19,97.7
羽田,2025-12-03,20,53.1
羽田,2025-12-03,21,17.2
羽田,2025-12-03,22,-0.3
羽田,2025-12-03,23,5.4
羽田,2025-12-04,00,32
羽田,2025-12-04,01,71.7
羽田,2025-12-04,02,115.1
羽田,2025-12-04,03,153.6
羽田,2025-12-04,04,181.3
羽田,2025-12-04,05,194.3
羽田,2025-12-04,06,190.8
羽田,2025-12-04,07,172.4
羽田,2025-12-04,08,144.8
羽田,2025-12-04,09,117.3
羽田,2025-12-04,10,100
羽田,2025-12-04,11,99
羽田,2025-12-04,12,114.3
羽田,2025-12-04,13,140.1
羽田,2025-12-04,14,167.4
羽田,2025-12-04,15,188.1
羽田,2025-12-04,16,196.5
羽田,2025-12-04,17,189.1
羽田,2025-12-04,18,165
羽田,2025-12-04,19,126.2
羽田,2025-12-04,20,78.7
羽田,2025-12-04,21,32.5
羽田,2025-12-04,22,-0.9
羽田,2025-12-04,23,-12.6
羽田,2025-12-05,00,0.1
羽田,2025-12-05,01,32.9
羽田,2025-12-05,02,77
羽田,2025-12-05,03,122.8
羽田,2025-12-05,04,162
羽田,2025-12-05,05,188.8
羽田,2025-12-05,06,199.4
羽田,2025-12-05,07,192.6
羽田,2025-12-05,08,171.3
羽田,2025-12-05,09,142.9
羽田,2025-12-05,10,117.4
羽田,2025-12-05,11,104.2
羽田,2025-12-05,12,107.9
羽田,2025-12-05,13,126.3
羽田,2025-12-05,14,152.5
羽田,2025-12-05,15,177.7
羽田,2025-12-05,16,194.3
羽田,2025-12-05,17,197.2
羽田,2025-12-05,18,183.7
羽田,2025-12-05,19,153.5
羽田,2025-12-05,20,109.9
羽田,2025-12-05,21,60.5
羽田,2025-12-05,22,16.3
羽田,2025-12-05,23,-11.5
羽田,2025-12-06,00,-16
羽田,2025-12-06,01,3.2
羽田,2025-12-06,02,40.4
羽田,2025-12-06,03,86.3
羽田,2025-12-06,04,131.7
羽田,2025-12-06,05,168.8
羽田,2025-12-06,06,192.3
羽田,2025-12-06,07,198.9
羽田,2025-12-06,08,188.7
羽田,2025-12-06,09,165.9
羽田,2025-12-06,10,138.8
羽田,2025-12-06,11,117.5
羽田,2025-12-06,12,109.6
羽田,2025-12-06,13,117.6
羽田,2025-12-06,14,137.9
羽田,2025-12-06,15,162.9
羽田,2025-12-06,16,184.4
羽田,2025-12-06,17,196
羽田,2025-12-06,18,193.2
羽田,2025-12-06,19,173.9
羽田,2025-12-06,20,139.2
羽田,2025-12-06,21,93.6
羽田,2025-12-06,22,46
羽田,2025-12-06,23,7.2
羽田,2025-12-07,00,-13.2
羽田,2025-12-07,01,-10.4
羽田,2025-12-07,02,13.9
羽田,2025-12-07,03,52.9
羽田,2025-12-07,04,97.8
羽田,2025-12-07,05,140
羽田,2025-12-07,06,172.8
羽田,2025-12-07,07,191.4
羽田,2025-12-07,08,193.6
羽田,2025-12-07,09,180.6
羽田,2025-12-07,10,157.9
羽田,2025-12-07,11,134.1
羽田,2025-12-07,12,118.1
羽田,2025-12-07,13,115.5
羽田,2025-12-07,14,126.7
羽田,2025-12-07,15,147
羽田,2025-12-07,16,169.3
羽田,2025-12-07,17,186.3
羽田,2025-12-07,18,192.5
羽田,2025-12-07,19,184.4
羽田,2025-12-07,20,161
羽田,2025-12-07,21,124.3
羽田,2025-12-07,22,80.2
羽田,2025-12-07,23,37.6
羽田,2025-12-08,00,6.4
羽田,2025-12-08,01,-6
羽田,2025-12-08,02,2.9
羽田,2025-12-08,03,29.9
羽田,2025-12-08,04,68.2
羽田,2025-12-08,05,109.6
羽田,2025-12-08,06,146.7
羽田,2025-12-08,07,173.7
羽田,2025-12-08,08,186.7
羽田,2025-12-08,09,184.7
羽田,2025-12-08,10,170.2
羽田,2025-12-08,11,149.3
羽田,2025-12-08,12,129.9
羽田,2025-12-08,13,119.2
羽田,2025-12-08,14,120.6
羽田,2025-12-08,15,133
羽田,2025-12-08,16,151.8
羽田,2025-12-08,17,170.3
羽田,2025-12-08,18,182.6
羽田,2025-12-08,19,184
羽田,2025-12-08,20,172.2
羽田,2025-12-08,21,146.9
羽田,2025-12-08,22,111.4
羽田,2025-12-08,23,71.8
羽田,2025-12-09,00,36.6
羽田,2025-12-09,01,13.8
羽田,2025-12-09,02,8.5
羽田,2025-12-09,03,21.4
羽田,2025-12-09,04,48.7
羽田,2025-12-09,05,84.1
羽田,2025-12-09,06,120.5
羽田,2025-12-09,07,151.4
羽田,2025-12-09,08,171.9
羽田,2025-12-09,09,179.6
羽田,2025-12-09,10,174.4
羽田,2025-12-09,11,159.8
羽田,2025-12-09,12,141.6
羽田,2025-12-09,13,126.5
羽田,2025-12-09,14,119.7
羽田,2025-12-09,15,123
羽田,2025-12-09,16,134.9
羽田,2025-12-09,17,150.9
羽田,2025-12-09,18,165.5
羽田,2025-12-09,19,173.8
羽田,2025-12-09,20,172
羽田,2025-12-09,21,158.5
羽田,2025-12-09,22,134.2
羽田,2025-12-09,23,102.6
羽田,2025-12-10,00,70
羽田,2025-12-10,01,43.1
羽田,2025-12-10,02,28
羽田,2025-12-10,03,27.9
羽田,2025-12-10,04,42.4
羽田,2025-12-10,05,68
羽田,2025-12-10,06,99.1
羽田,2025-12-10,07,129.6
羽田,2025-12-10,08,154.1
羽田,2025-12-10,09,168.7
羽田,2025-12-10,10,171.9
羽田,2025-12-10,11,164.7
羽田,2025-12-10,12,150.8
羽田,2025-12-10,13,135.2
羽田,2025-12-10,14,123.1
羽田,2025-12-10,15,118.1
羽田,2025-12-10,16,121.4
羽田,2025-12-10,17,131.3
羽田,2025-12-10,18,144.2
羽田,2025-12-10,19,155.6
羽田,2025-12-10,20,161.3
羽田,2025-12-10,21,158.4
羽田,2025-12-10,22,145.7
羽田,2025-12-10,23,125
羽田,2025-12-11,00,99.6
羽田,2025-12-11,01,74.7
羽田,2025-12-11,02,55.6
羽田,2025-12-11,03,46.3
羽田,2025-12-11,04,49
羽田,2025-12-11,05,63.1
羽田,2025-12-11,06,85.7
羽田,2025-12-11,07,112.1
羽田,2025-12-11,08,137
羽田,2025-12-11,09,155.7
羽田,2025-12-11,10,165.3
羽田,2025-12-11,11,165.2
羽田,2025-12-11,12,157
羽田,2025-12-11,13,143.9
羽田,2025-12-11,14,129.8
羽田,2025-12-11,15,118.7
羽田,2025-12-11,16,113.2
羽田,2025-12-11,17,114.6
羽田,2025-12-11,18,121.9
羽田,2025-12-11,19,132.5
羽田,2025-12-11,20,142.2
羽田,2025-12-11,21,147.4
羽田,2025-12-11,22,145.6
羽田,2025-12-11,23,136.2
羽田,2025-12-12,00,120.9
羽田,2025-12-12,01,102.7
羽田,2025-12-12,02,85.1
羽田,2025-12-12,03,71.8
羽田,2025-12-12,04,65.8
羽田,2025-12-12,05,69
羽田,2025-12-12,06,81.4
羽田,2025-12-12,07,100.7
羽田,2025-12-12,08,122.8
羽田,2025-12-12,09,143
羽田,2025-12-12,10,157.1
羽田,2025-12-12,11,163
羽田,2025-12-12,12,160.8
羽田,2025-12-12,13,151.8
羽田,2025-12-12,14,138.7
羽田,2025-12-12,15,124.3
羽田,2025-12-12,16,111.7
羽田,2025-12-12,17,103.9
羽田,2025-12-12,18,102.7
羽田,2025-12-12,19,108
羽田,2025-12-12,20,117.6
羽田,2025-12-12,21,127.7
羽田,2025-12-12,22,134.6
羽田,2025-12-12,23,136
羽田,2025-12-13,00,131.7
羽田,2025-12-13,01,122.7
羽田,2025-12-13,02,111.1
羽田,2025-12-13,03,98.9
羽田,2025-12-13,04,88.9
羽田,2025-12-13,05,83.7
羽田,2025-12-13,06,85.9
羽田,2025-12-13,07,96.2
羽田,2025-12-13,08,112.7
羽田,2025-12-13,09,131.7
羽田,2025-12-13,10,148.4
羽田,2025-12-13,11,159.3
羽田,2025-12-13,12,162.7
羽田,2025-12-13,13,158.8
羽田,2025-12-13,14,148.7
羽田,2025-12-13,15,134
羽田,2025-12-13,16,117
羽田,2025-12-13,17,101.1
羽田,2025-12-13,18,90.1
羽田,2025-12-13,19,86.7
羽田,2025-12-13,20,91.6
羽田,2025-12-13,21,102.2
羽田,2025-12-13,22,114.7
羽田,2025-12-13,23,125.1
羽田,2025-12-14,00,131.3
羽田,2025-12-14,01,132.7
羽田,2025-12-14,02,129.7
羽田,2025-12-14,03,123
羽田,2025-12-14,04,113.6
羽田,2025-12-14,05,104.1
羽田,2025-12-14,06,98
羽田,2025-12-14,07,98.6
羽田,2025-12-14,08,107.3
羽田,2025-12-14,09,122.3
羽田,2025-12-14,10,139.4
羽田,2025-12-14,11,154
羽田,2025-12-14,12,162.8
羽田,2025-12-14,13,164.3
羽田,2025-12-14,14,158.6
羽田,2025-12-14,15,146.2
羽田,2025-12-14,16,128
羽田,2025-12-14,17,106.7
羽田,2025-12-14,18,86.5
羽田,2025-12-14,19,72.7
羽田,2025-12-14,20,68.8
羽田,2025-12-14,21,75.2
羽田,2025-12-14,22,89
羽田,2025-12-14,23,105.5
羽田,2025-12-15,00,120.8
羽田,2025-12-15,01,132.4
羽田,2025-12-15,02,139.1
羽田,2025-12-15,03,140.4
羽田,2025-12-15,04,135.9
羽田,2025-12-15,05,126.6
羽田,2025-12-15,06,115.6
羽田,2025-12-15,07,107.8
羽田,2025-12-15,08,107.3
羽田,2025-12-15,09,115.6
羽田,2025-12-15,10,130.3
羽田,2025-12-15,11,146.8
羽田,2025-12-15,12,160.2
羽田,2025-12-15,13,167.5
羽田,2025-12-15,14,167.2
羽田,2025-12-15,15,158.8
羽田,2025-12-15,16,142.5
羽田,2025-12-15,17,119.2
羽田,2025-12-15,18,92.6
羽田,2025-12-15,19,68.7
羽田,2025-12-15,20,53.7
羽田,2025-12-15,21,51.4
羽田,2025-12-15,22,61.6
羽田,2025-12-15,23,80.2
羽田,2025-12-16,00,101.9
羽田,2025-12-16,01,122.3
羽田,2025-12-16,02,138.8
羽田,2025-12-16,03,149.3
羽田,2025-12-16,04,152.4
羽田,2025-12-16,05,147.3
羽田,2025-12-16,06,135.8
羽田,2025-12-16,07,122.4
羽田,2025-12-16,08,113.2
羽田,2025-12-16,09,112.9
羽田,2025-12-16,10,122.2
羽田,2025-12-16,11,137.9
羽田,2025-12-16,12,154.4
羽田,2025-12-16,13,167.1
羽田,2025-12-16,14,172.7
羽田,2025-12-16,15,169.8
羽田,2025-12-16,16,157.6
羽田,2025-12-16,17,135.7
羽田,2025-12-16,18,106.5
羽田,2025-12-16,19,75.1
羽田,2025-12-16,20,49.1
羽田,2025-12-16,21,35.4
羽田,2025-12-16,22,37.3
羽田,2025-12-16,23,53.1
羽田,2025-12-17,00,77.4
羽田,2025-12-17,01,104.5
羽田,2025-12-17,02,129.5
羽田,2025-12-17,03,149.2
羽田,2025-12-17,04,161.1
羽田,2025-12-17,05,163.2
羽田,2025-12-17,06,155.2
羽田,2025-12-17,07,140.3
羽田,2025-12-17,08,124.7
羽田,2025-12-17,09,115.5
羽田,2025-12-17,10,116.9
羽田,2025-12-17,11,128.5
羽田,2025-12-17,12,145.7
羽田,2025-12-17,13,162.5
羽田,2025-12-17,14,174
羽田,2025-12-17,15,177.3
羽田,2025-12-17,16,170.7
羽田,2025-12-17,17,153
羽田,2025-12-17,18,124.9
羽田,2025-12-17,19,90
羽田,2025-12-17,20,55.4
羽田,2025-12-17,21,30.1
羽田,2025-12-17,22,20.6
羽田,2025-12-17,23,28.8
羽田,2025-12-18,00,51.2
羽田,2025-12-18,01,81.3
羽田,2025-12-18,02,112.9
羽田,2025-12-18,03,140.8
羽田,2025-12-18,04,161.5
羽田,2025-12-18,05,172
羽田,2025-12-18,06,170.5
羽田,2025-12-18,07,158.2
羽田,2025-12-18,08,139.9
羽田,2025-12-18,09,123.5
羽田,2025-12-18,10,116.1
羽田,2025-12-18,11,120.8
羽田,2025-12-18,12,135.3
羽田,2025-12-18,13,154
羽田,2025-12-18,14,170.6
羽田,2025-12-18,15,180.2
羽田,2025-12-18,16,180
羽田,2025-12-18,17,168.1
羽田,2025-12-18,18,144.1
羽田,2025-12-18,19,109.7
羽田,2025-12-18,20,70.7
羽田,2025-12-18,21,35.8
羽田,2025-12-18,22,14.2
羽田,2025-12-18,23,11.4
羽田,2025-12-19,00,27.2
羽田,2025-12-19,01,56.3
羽田,2025-12-19,02,91.3
羽田,2025-12-19,03,125.7
羽田,2025-12-19,04,154.3
羽田,2025-12-19,05,173.2
羽田,2025-12-19,06,179.7
羽田,2025-12-19,07,173
羽田,2025-12-19,08,156.1
羽田,2025-12-19,09,135.8
羽田,2025-12-19,10,120.6
羽田,2025-12-19,11,116.8
羽田,2025-12-19,12,125.6
羽田,2025-12-19,13,143.1
羽田,2025-12-19,14,162.7
羽田,2025-12-19,15,178
羽田,2025-12-19,16,184.4
羽田,2025-12-19,17,179.3
羽田,2025-12-19,18,161.2
羽田,2025-12-19,19,130.6
羽田,2025-12-19,20,91.2
羽田,2025-12-19,21,50.7
羽田,2025-12-19,22,18.8
羽田,2025-12-19,23,3.8
羽田,2025-12-20,00,9.4
羽田,2025-12-20,01,33
羽田,2025-12-20,02,67.8
羽田,2025-12-20,03,106
羽田,2025-12-20,04,140.8
羽田,2025-12-20,05,167.3
羽田,2025-12-20,06,181.9
羽田,2025-12-20,07,182.5
羽田,2025-12-20,08,170.1
羽田,2025-12-20,09,149.7
羽田,2025-12-20,10,129.4
羽田,2025-12-20,11,117.5
羽田,2025-12-20,12,118.6
羽田,2025-12-20,13,131.7
羽田,2025-12-20,14,151.6
羽田,2025-12-20,15,171
羽田,2025-12-20,16,183.7
羽田,2025-12-20,17,185.6
羽田,2025-12-20,18,174.5
羽田,2025-12-20,19,149.8
羽田,2025-12-20,20,113.6
羽田,2025-12-20,21,71.6
羽田,2025-12-20,22,32.8
羽田,2025-12-20,23,6.8
羽田,2025-12-21,00,0.5
羽田,2025-12-21,01,14.9
羽田,2025-12-21,02,45.3
羽田,2025-12-21,03,84.1
羽田,2025-12-21,04,123
羽田,2025-12-21,05,155.8
羽田,2025-12-21,06,177.8
羽田,2025-12-21,07,186
羽田,2025-12-21,08,180
羽田,2025-12-21,09,162.6
羽田,2025-12-21,10,140.5
羽田,2025-12-21,11,122.4
羽田,2025-12-21,12,115.3
羽田,2025-12-21,13,121.7
羽田,2025-12-21,14,138.7
羽田,2025-12-21,15,159.7
羽田,2025-12-21,16,177.6
羽田,2025-12-21,17,186.6
羽田,2025-12-21,18,183.1
羽田,2025-12-21,19,165.7
羽田,2025-12-21,20,135.1
羽田,2025-12-21,21,95.3
羽田,2025-12-21,22,53.6
羽田,2025-12-21,23,19.5
羽田,2025-12-22,00,1.8
羽田,2025-12-22,01,4.8
羽田,2025-12-22,02,27.1
羽田,2025-12-22,03,62.6
羽田,2025-12-22,04,102.9
羽田,2025-12-22,05,140.2
羽田,2025-12-22,06,168.5
羽田,2025-12-22,07,184
羽田,2025-12-22,08,184.9
羽田,2025-12-22,09,172.5
羽田,2025-12-22,10,151.7
羽田,2025-12-22,11,130.2
羽田,2025-12-22,12,116
羽田,2025-12-22,13,114.4
羽田,2025-12-22,14,125.7
羽田,2025-12-22,15,145.3
羽田,2025-12-22,16,166.2
羽田,2025-12-22,17,181.5
羽田,2025-12-22,18,186
羽田,2025-12-22,19,176.9
羽田,2025-12-22,20,153.8
羽田,2025-12-22,21,119.1
羽田,2025-12-22,22,78.3
羽田,2025-12-22,23,40
羽田,2025-12-23,00,13.1
羽田,2025-12-23,01,4.5
羽田,2025-12-23,02,16
羽田,2025-12-23,03,44.4
羽田,2025-12-23,04,82.5
羽田,2025-12-23,05,121.9
羽田,2025-12-23,06,155.2
羽田,2025-12-23,07,177.3
羽田,2025-12-23,08,185.2
羽田,2025-12-23,09,178.9
羽田,2025-12-23,10,161.5
羽田,2025-12-23,11,139.3
羽田,2025-12-23,12,120.1
羽田,2025-12-23,13,110.7
羽田,2025-12-23,14,114.2
羽田,2025-12-23,15,129.2
羽田,2025-12-23,16,150
羽田,2025-12-23,17,169.7
羽田,2025-12-23,18,181.9
羽田,2025-12-23,19,181.9
羽田,2025-12-23,20,167.8
羽田,2025-12-23,21,140.7
羽田,2025-12-23,22,104.3
羽田,2025-12-23,23,65.6
羽田,2025-12-24,00,33.1
羽田,2025-12-24,01,14.4
羽田,2025-12-24,02,14.3
羽田,2025-12-24,03,32.6
羽田,2025-12-24,04,64.5
羽田,2025-12-24,05,102.6
羽田,2025-12-24,06,138.9
羽田,2025-12-24,07,166.6
羽田,2025-12-24,08,181.5
羽田,2025-12-24,09,181.9
羽田,2025-12-24,10,169.5
羽田,2025-12-24,11,148.9
羽田,2025-12-24,12,127
羽田,2025-12-24,13,111.1
羽田,2025-12-24,14,106.1
羽田,2025-12-24,15,113.5
羽田,2025-12-24,16,130.5
羽田,2025-12-24,17,151.3
羽田,2025-12-24,18,169.2
羽田,2025-12-24,19,178.3
羽田,2025-12-24,20,174.6
羽田,2025-12-24,21,157.4
羽田,2025-12-24,22,128.6
羽田,2025-12-24,23,93.6
羽田,2025-12-25,00,59.5
羽田,2025-12-25,01,34.1
羽田,2025-12-25,02,23.4
羽田,2025-12-25,03,29.9
羽田,2025-12-25,04,52.2
羽田,2025-12-25,05,84.9
羽田,2025-12-25,06,120.8
羽田,2025-12-25,07,152.4
羽田,2025-12-25,08,173.8
羽田,2025-12-25,09,181.4
羽田,2025-12-25,10,175.3
羽田,2025-12-25,11,158.4
羽田,2025-12-25,12,136.5
羽田,2025-12-25,13,116
羽田,2025-12-25,14,103.1
羽田,2025-12-25,15,101.2
羽田,2025-12-25,16,110.6
羽田,2025-12-25,17,128
羽田,2025-12-25,18,148
羽田,2025-12-25,19,164.2
羽田,2025-12-25,20,171.2
羽田,2025-12-25,21,165.6
羽田,2025-12-25,22,147.5
羽田,2025-12-25,23,120.1
羽田,2025-12-26,00,89.1
羽田,2025-12-26,01,61.2
羽田,2025-12-26,02,42.9
羽田,2025-12-26,03,38.3
羽田,2025-12-26,04,48.8
羽田,2025-12-26,05,72.2
羽田,2025-12-26,06,103.5
羽田,2025-12-26,07,135.7
羽田,2025-12-26,08,161.9
羽田,2025-12-26,09,176.9
羽田,2025-12-26,10,178.3
羽田,2025-12-26,11,167.3
羽田,2025-12-26,12,147.8
羽田,2025-12-26,13,125.7
羽田,2025-12-26,14,106.6
羽田,2025-12-26,15,95.4
羽田,2025-12-26,16,94.6
羽田,2025-12-26,17,104
羽田,2025-12-26,18,120.8
羽田,2025-12-26,19,139.9
羽田,2025-12-26,20,155.3
羽田,2025-12-26,21,161.7
羽田,2025-12-26,22,156.5
羽田,2025-12-26,23,140.4
羽田,2025-12-27,00,117.1
羽田,2025-12-27,01,91.9
羽田,2025-12-27,02,70.6
羽田,2025-12-27,03,57.9
羽田,2025-12-27,04,56.9
羽田,2025-12-27,05,68.4
羽田,2025-12-27,06,90.6
羽田,2025-12-27,07,118.8
羽田,2025-12-27,08,146.6
羽田,2025-12-27,09,167.7
羽田,2025-12-27,10,177.2
羽田,2025-12-27,11,173.9
羽田,2025-12-27,12,159.8
羽田,2025-12-27,13,139.2
羽田,2025-12-27,14,117.1
羽田,2025-12-27,15,98.4
羽田,2025-12-27,16,86.8
羽田,2025-12-27,17,84.9
羽田,2025-12-27,18,93
羽田,2025-12-27,19,108.8
羽田,2025-12-27,20,127.6
羽田,2025-12-27,21,143.6
羽田,2025-12-27,22,151.5
羽田,2025-12-27,23,149.3
羽田,2025-12-28,00,137.8
羽田,2025-12-28,01,120.5
羽田,2025-12-28,02,101.8
羽田,2025-12-28,03,85.9
羽田,2025-12-28,04,76.4
羽田,2025-12-28,05,76.1
羽田,2025-12-28,06,86.2
羽田,2025-12-28,07,105.5
羽田,2025-12-28,08,130.2
羽田,2025-12-28,09,153.9
羽田,2025-12-28,10,170.6
羽田,2025-12-28,11,176.2
羽田,2025-12-28,12,170.1
羽田,2025-12-28,13,154.5
羽田,2025-12-28,14,133.3
羽田,2025-12-28,15,110.5
羽田,2025-12-28,16,90.2
羽田,2025-12-28,17,76.1
羽田,2025-12-28,18,71.4
羽田,2025-12-28,19,77.6
羽田,2025-12-28,20,92.9
羽田,2025-12-28,21,112.7
羽田,2025-12-28,22,131
羽田,2025-12-28,23,142.7
羽田,2025-12-29,00,145.7
羽田,2025-12-29,01,140.7
羽田,2025-12-29,02,130.2
羽田,2025-12-29,03,117.1
羽田,2025-12-29,04,104.4
羽田,2025-12-29,05,95.4
羽田,2025-12-29,06,93.3
羽田,2025-12-29,07,100.4
羽田,2025-12-29,08,116.5
羽田,2025-12-29,09,137.8
羽田,2025-12-29,10,158.4
羽田,2025-12-29,11,172.2
羽田,2025-12-29,12,175.6
羽田,2025-12-29,13,168.3
羽田,2025-12-29,14,152
羽田,2025-12-29,15,129.8
羽田,2025-12-29,16,104.8
羽田,2025-12-29,17,80.8
羽田,2025-12-29,18,62.5
羽田,2025-12-29,19,54.5
羽田,2025-12-29,20,59.1
羽田,2025-12-29,21,75
羽田,2025-12-29,22,97.4
羽田,2025-12-29,23,119.8
羽田,2025-12-30,00,137.1
羽田,2025-12-30,01,146.7
羽田,2025-12-30,02,148.8
羽田,2025-12-30,03,144.4
羽田,2025-12-30,04,135
羽田,2025-12-30,05,122.9
羽田,2025-12-30,06,111.8
羽田,2025-12-30,07,106.4
羽田,2025-12-30,08,110.2
羽田,2025-12-30,09,123.6
羽田,2025-12-30,10,142.7
羽田,2025-12-30,11,161.5
羽田,2025-12-30,12,173.9
羽田,2025-12-30,13,176.6
羽田,2025-12-30,14,168.9
羽田,2025-12-30,15,152
羽田,2025-12-30,16,127.6
羽田,2025-12-30,17,98.6
羽田,2025-12-30,18,69.4
羽田,2025-12-30,19,46.3
羽田,2025-12-30,20,35.4
羽田,2025-12-30,21,39.7
羽田,2025-12-30,22,57.8
羽田,2025-12-30,23,84.2
銚子,2025-12-01,00,109.6
銚子,2025-12-01,01,111.2
銚子,2025-12-01,02,107.6
銚子,2025-12-01,03,100.1
銚子,2025-12-01,04,91.2
銚子,2025-12-01,05,83.9
銚子,2025-12-01,06,80.6
銚子,2025-12-01,07,83.1
銚子,2025-12-01,08,91
銚子,2025-12-01,09,102.9
銚子,2025-12-01,10,116
銚子,2025-12-01,11,127.2
銚子,2025-12-01,12,133.5
銚子,2025-12-01,13,133
銚子,2025-12-01,14,124.9
銚子,2025-12-01,15,110.1
銚子,2025-12-01,16,91.3
銚子,2025-12-01,17,72
銚子,2025-12-01,18,56.3
銚子,2025-12-01,19,47.4
銚子,2025-12-01,20,47.1
銚子,2025-12-01,21,55.1
銚子,2025-12-01,22,69.4
銚子,2025-12-01,23,86.5
銚子,2025-12-02,00,102.8
銚子,2025-12-02,01,114.7
銚子,2025-12-02,02,120.1
銚子,2025-12-02,03,118.5
銚子,2025-12-02,04,111.5
銚子,2025-12-02,05,102.3
銚子,2025-12-02,06,94.2
銚子,2025-12-02,07,90.4
銚子,2025-12-02,08,92.4
銚子,2025-12-02,09,100.4
銚子,2025-12-02,10,112.4
銚子,2025-12-02,11,125.2
銚子,2025-12-02,12,135.3
銚子,2025-12-02,13,139.3
銚子,2025-12-02,14,134.9
銚子,2025-12-02,15,121.5
銚子,2025-12-02,16,100.6
銚子,2025-12-02,17,76.1
銚子,2025-12-02,18,52.5
銚子,2025-12-02,19,34.6
銚子,2025-12-02,20,25.9
銚子,2025-12-02,21,28.4
銚子,2025-12-02,22,41.2
銚子,2025-12-02,23,61.4
銚子,2025-12-03,00,84.6
銚子,2025-12-03,01,106.2
銚子,2025-12-03,02,122
銚子,2025-12-03,03,129.4
銚子,2025-12-03,04,128.3
銚子,2025-12-03,05,120.9
銚子,2025-12-03,06,111.1
銚子,2025-12-03,07,102.5
銚子,2025-12-03,08,98.6
銚子,2025-12-03,09,101.1
銚子,2025-12-03,10,109.8
銚子,2025-12-03,11,122.3
銚子,2025-12-03,12,134.9
銚子,2025-12-03,13,143.5
銚子,2025-12-03,14,144.4
銚子,2025-12-03,15,135.3
銚子,2025-12-03,16,115.9
銚子,2025-12-03,17,89.3
銚子,2025-12-03,18,60.1
銚子,2025-12-03,19,33.7
銚子,2025-12-03,20,15.3
銚子,2025-12-03,21,8.6
銚子,2025-12-03,22,15.2
銚子,2025-12-03,23,33.3
銚子,2025-12-04,00,58.9
銚子,2025-12-04,01,86.9
銚子,2025-12-04,02,111.9
銚子,2025-12-04,03,129.4
銚子,2025-12-04,04,136.9
銚子,2025-12-04,05,135.1
銚子,2025-12-04,06,127
銚子,2025-12-04,07,116.8
銚子,2025-12-04,08,108.3
銚子,2025-12-04,09,105.1
銚子,2025-12-04,10,109
銚子,2025-12-04,11,119
銚子,2025-12-04,12,132.1
銚子,2025-12-04,13,144.1
銚子,2025-12-04,14,150.7
銚子,2025-12-04,15,147.9
銚子,2025-12-04,16,133.6
銚子,2025-12-04,17,108.8
銚子,2025-12-04,18,77.6
銚子,2025-12-04,19,45.5
銚子,2025-12-04,20,18.3
銚子,2025-12-04,21,1.3
銚子,2025-12-04,22,-2
銚子,2025-12-04,23,9
銚子,2025-12-05,00,31.7
銚子,2025-12-05,01,61.2
銚子,2025-12-05,02,91.8
銚子,2025-12-05,03,117.9
銚子,2025-12-05,04,135
銚子,2025-12-05,05,141.2
銚子,2025-12-05,06,138.1
銚子,2025-12-05,07,129.4
銚子,2025-12-05,08,119.2
銚子,2025-12-05,09,111.7
銚子,2025-12-05,10,110.2
銚子,2025-12-05,11,116
銚子,2025-12-05,12,127.5
銚子,2025-12-05,13,141
銚子,2025-12-05,14,152
銚子,2025-12-05,15,155.9
銚子,2025-12-05,16,149
銚子,2025-12-05,17,130
銚子,2025-12-05,18,101.1
銚子,2025-12-05,19,67.2
銚子,2025-12-05,20,34.4
銚子,2025-12-05,21,8.3
銚子,2025-12-05,22,-5.8
銚子,2025-12-05,23,-5.1
銚子,2025-12-06,00,9.9
銚子,2025-12-06,01,35.6
銚子,2025-12-06,02,66.9
銚子,2025-12-06,03,97.8
銚子,2025-12-06,04,122.6
銚子,2025-12-06,05,137.5
銚子,2025-12-06,06,141.5
銚子,2025-12-06,07,137.2
銚子,2025-12-06,08,128.3
銚子,2025-12-06,09,119
銚子,2025-12-06,10,113.2
銚子,2025-12-06,11,114.1
銚子,2025-12-06,12,122
銚子,2025-12-06,13,134.7
銚子,2025-12-06,14,147.9
銚子,2025-12-06,15,157.3
銚子,2025-12-06,16,158.1
銚子,2025-12-06,17,147.3
銚子,2025-12-06,18,124.6
銚子,2025-12-06,19,93.5
銚子,2025-12-06,20,59.3
銚子,2025-12-06,21,27.9
銚子,2025-12-06,22,4.7
銚子,2025-12-06,23,-5.7
銚子,2025-12-07,00,-1.3
銚子,2025-12-07,01,16.5
銚子,2025-12-07,02,43.5
銚子,2025-12-07,03,74.4
銚子,2025-12-07,04,103.4
銚子,2025-12-07,05,125.2
銚子,2025-12-07,06,136.9
銚子,2025-12-07,07,138.6
銚子,2025-12-07,08,133.3
銚子,2025-12-07,09,124.9
銚子,2025-12-07,10,117
銚子,2025-12-07,11,113.5
銚子,2025-12-07,12,116.8
銚子,2025-12-07,13,126.4
銚子,2025-12-07,14,139.5
銚子,2025-12-07,15,151.7
銚子,2025-12-07,16,158.7
銚子,2025-12-07,17,156.4
銚子,2025-12-07,18,142.5
銚子,2025-12-07,19,117.9
銚子,2025-12-07,20,86.9
銚子,2025-12-07,21,54.6
銚子,2025-12-07,22,26.4
銚子,2025-12-07,23,7.2
銚子,2025-12-08,00,0.8
銚子,2025-12-08,01,8.3
銚子,2025-12-08,02,27.4
銚子,2025-12-08,03,53.8
銚子,2025-12-08,04,82.5
銚子,2025-12-08,05,108
銚子,2025-12-08,06,125.8
銚子,2025-12-08,07,134
銚子,2025-12-08,08,133.7
銚子,2025-12-08,09,128
銚子,2025-12-08,10,120.3
銚子,2025-12-08,11,114.2
銚子,2025-12-08,12,112.9
銚子,2025-12-08,13,118
銚子,2025-12-08,14,128.4
銚子,2025-12-08,15,140.7
銚子,2025-12-08,16,151.1
銚子,2025-12-08,17,155.4
銚子,2025-12-08,18,150.5
銚子,2025-12-08,19,134.9
銚子,2025-12-08,20,110.6
銚子,2025-12-08,21,81.8
銚子,2025-12-08,22,53.2
銚子,2025-12-08,23,29.5
銚子,2025-12-09,00,14.8
銚子,2025-12-09,01,12.2
銚子,2025-12-09,02,21.7
銚子,2025-12-09,03,40.8
銚子,2025-12-09,04,65.3
銚子,2025-12-09,05,90.5
銚子,2025-12-09,06,111.7
銚子,2025-12-09,07,125.2
銚子,2025-12-09,08,130.1
銚子,2025-12-09,09,128.1
銚子,2025-12-09,10,122.3
銚子,2025-12-09,11,115.5
銚子,2025-12-09,12,110.9
銚子,2025-12-09,13,111.1
銚子,2025-12-09,14,116.9
銚子,2025-12-09,15,126.7
銚子,2025-12-09,16,137.3
銚子,2025-12-09,17,145.2
銚子,2025-12-09,18,147.2
銚子,2025-12-09,19,140.6
銚子,2025-12-09,20,125.2
銚子,2025-12-09,21,103.3
銚子,2025-12-09,22,78.7
銚子,2025-12-09,23,55.2
銚子,2025-12-10,00,36.5
銚子,2025-12-10,01,26.4
銚子,2025-12-10,02,26.8
銚子,2025-12-10,03,37.4
銚子,2025-12-10,04,55.4
銚子,2025-12-10,05,77.1
銚子,2025-12-10,06,98.3
銚子,2025-12-10,07,114.9
銚子,2025-12-10,08,124.2
銚子,2025-12-10,09,126.3
銚子,2025-12-10,10,123.1
銚子,2025-12-10,11,117.1
銚子,2025-12-10,12,110.7
銚子,2025-12-10,13,106.8
銚子,2025-12-10,14,107.3
銚子,2025-12-10,15,112.4
銚子,2025-12-10,16,120.4
銚子,2025-12-10,17,128.6
銚子,2025-12-10,18,134.2
銚子,2025-12-10,19,134.7
銚子,2025-12-10,20,128.2
銚子,2025-12-10,21,115
銚子,2025-12-10,22,97.3
銚子,2025-12-10,23,78.1
銚子,2025-12-11,00,60.1
銚子,2025-12-11,01,46.5
銚子,2025-12-11,02,40.4
銚子,2025-12-11,03,43.1
銚子,2025-12-11,04,53.9
銚子,2025-12-11,05,70.2
銚子,2025-12-11,06,88.7
銚子,2025-12-11,07,105.7
銚子,2025-12-11,08,118
銚子,2025-12-11,09,123.7
銚子,2025-12-11,10,123.5
銚子,2025-12-11,11,119
銚子,2025-12-11,12,112.3
銚子,2025-12-11,13,105.6
銚子,2025-12-11,14,101.1
銚子,2025-12-11,15,100.5
銚子,2025-12-11,16,103.7
銚子,2025-12-11,17,109.3
銚子,2025-12-11,18,115.2
銚子,2025-12-11,19,119.4
銚子,2025-12-11,20,119.9
銚子,2025-12-11,21,115.3
銚子,2025-12-11,22,106.1
銚子,2025-12-11,23,93.8
銚子,2025-12-12,00,80.2
銚子,2025-12-12,01,67.6
銚子,2025-12-12,02,58.5
銚子,2025-12-12,03,55.5
銚子,2025-12-12,04,59.6
銚子,2025-12-12,05,69.9
銚子,2025-12-12,06,84.1
銚子,2025-12-12,07,99.4
銚子,2025-12-12,08,112.7
銚子,2025-12-12,09,121.2
銚子,2025-12-12,10,124
銚子,2025-12-12,11,121.6
銚子,2025-12-12,12,115.6
銚子,2025-12-12,13,107.5
銚子,2025-12-12,14,99.3
銚子,2025-12-12,15,93
銚子,2025-12-12,16,90.2
銚子,2025-12-12,17,90.9
銚子,2025-12-12,18,94.2
銚子,2025-12-12,19,98.8
銚子,2025-12-12,20,103
銚子,2025-12-12,21,105.3
銚子,2025-12-12,22,104.4
銚子,2025-12-12,23,100.3
銚子,2025-12-13,00,93.5
銚子,2025-12-13,01,85.2
銚子,2025-12-13,02,77
銚子,2025-12-13,03,71.3
銚子,2025-12-13,04,70.3
銚子,2025-12-13,05,74.9
銚子,2025-12-13,06,84.2
銚子,2025-12-13,07,96.3
銚子,2025-12-13,08,108.8
銚子,2025-12-13,09,118.9
銚子,2025-12-13,10,124.5
銚子,2025-12-13,11,124.8
銚子,2025-12-13,12,120.3
銚子,2025-12-13,13,112.1
銚子,2025-12-13,14,101.7
銚子,2025-12-13,15,90.9
銚子,2025-12-13,16,82.1
銚子,2025-12-13,17,76.7
銚子,2025-12-13,18,75.1
銚子,2025-12-13,19,77.2
銚子,2025-12-13,20,82
銚子,2025-12-13,21,88.2
銚子,2025-12-13,22,93.9
銚子,2025-12-13,23,97.7
銚子,2025-12-14,00,98.8
銚子,2025-12-14,01,96.9
銚子,2025-12-14,02,92.5
銚子,2025-12-14,03,87.2
銚子,2025-12-14,04,83.5
銚子,2025-12-14,05,83.3
銚子,2025-12-14,06,87.6
銚子,2025-12-14,07,95.8
銚子,2025-12-14,08,106.2
銚子,2025-12-14,09,116.5
銚子,2025-12-14,10,124.3
銚子,2025-12-14,11,127.6
銚子,2025-12-14,12,125.7
銚子,2025-12-14,13,118.8
銚子,2025-12-14,14,107.7
銚子,2025-12-14,15,94
銚子,2025-12-14,16,80.2
銚子,2025-12-14,17,68.5
銚子,2025-12-14,18,60.9
銚子,2025-12-14,19,58.4
銚子,2025-12-14,20,61
銚子,2025-12-14,21,68
銚子,2025-12-14,22,77.7
銚子,2025-12-14,23,87.9
銚子,2025-12-15,00,96.5
銚子,2025-12-15,01,101.8
銚子,2025-12-15,02,103.1
銚子,2025-12-15,03,100.8
銚子,2025-12-15,04,96.8
銚子,2025-12-15,05,93.6
銚子,2025-12-15,06,93.4
銚子,2025-12-15,07,97
銚子,2025-12-15,08,104.3
銚子,2025-12-15,09,113.6
銚子,2025-12-15,10,122.6
銚子,2025-12-15,11,128.8
銚子,2025-12-15,12,130.4
銚子,2025-12-15,13,126.1
銚子,2025-12-15,14,116.2
銚子,2025-12-15,15,101.5
銚子,2025-12-15,16,84.3
銚子,2025-12-15,17,67.4
銚子,2025-12-15,18,53.5
銚子,2025-12-15,19,45.1
銚子,2025-12-15,20,43.4
銚子,2025-12-15,21,48.5
銚子,2025-12-15,22,59.3
銚子,2025-12-15,23,73.5
銚子,2025-12-16,00,88.2
銚子,2025-12-16,01,100.5
銚子,2025-12-16,02,108.3
銚子,2025-12-16,03,110.7
銚子,2025-12-16,04,108.7
銚子,2025-12-16,05,104.4
銚子,2025-12-16,06,100.6
銚子,2025-12-16,07,99.8
銚子,2025-12-16,08,103.1
銚子,2025-12-16,09,110.1
銚子,2025-12-16,10,119.1
銚子,2025-12-16,11,127.5
銚子,2025-12-16,12,132.7
銚子,2025-12-16,13,132.5
銚子,2025-12-16,14,125.5
銚子,2025-12-16,15,111.9
銚子,2025-12-16,16,93.3
銚子,2025-12-16,17,72.7
銚子,2025-12-16,18,53.5
銚子,2025-12-16,19,38.8
銚子,2025-12-16,20,31.4
銚子,2025-12-16,21,32.5
銚子,2025-12-16,22,41.7
銚子,2025-12-16,23,57.1
銚子,2025-12-17,00,75.8
銚子,2025-12-17,01,94
銚子,2025-12-17,02,108.3
銚子,2025-12-17,03,116.4
銚子,2025-12-17,04,117.9
銚子,2025-12-17,05,114.5
銚子,2025-12-17,06,108.9
銚子,2025-12-17,07,104.2
銚子,2025-12-17,08,102.9
銚子,2025-12-17,09,106.5
銚子,2025-12-17,10,114.1
銚子,2025-12-17,11,123.6
銚子,2025-12-17,12,131.9
銚子,2025-12-17,13,136.2
銚子,2025-12-17,14,133.7
銚子,2025-12-17,15,123.2
銚子,2025-12-17,16,105.6
銚子,2025-12-17,17,83.3
銚子,2025-12-17,18,60.1
銚子,2025-12-17,19,39.8
銚子,2025-12-17,20,26.2
銚子,2025-12-17,21,21.7
銚子,2025-12-17,22,27.2
銚子,2025-12-17,23,41.3
銚子,2025-12-18,00,61.3
銚子,2025-12-18,01,83.4
銚子,2025-12-18,02,103.4
銚子,2025-12-18,03,117.5
銚子,2025-12-18,04,123.9
銚子,2025-12-18,05,123.1
銚子,2025-12-18,06,117.4
銚子,2025-12-18,07,110.2
銚子,2025-12-18,08,104.8
銚子,2025-12-18,09,104
銚子,2025-12-18,10,108.7
銚子,2025-12-18,11,117.7
銚子,2025-12-18,12,128.1
銚子,2025-12-18,13,136.4
銚子,2025-12-18,14,139.1
銚子,2025-12-18,15,133.6
銚子,2025-12-18,16,119
銚子,2025-12-18,17,97.3
銚子,2025-12-18,18,71.9
銚子,2025-12-18,19,47.4
銚子,2025-12-18,20,27.8
銚子,2025-12-18,21,16.9
銚子,2025-12-18,22,16.9
銚子,2025-12-18,23,27.6
銚子,2025-12-19,00,46.5
銚子,2025-12-19,01,70.2
銚子,2025-12-19,02,94.2
銚子,2025-12-19,03,113.9
銚子,2025-12-19,04,125.8
銚子,2025-12-19,05,129.1
銚子,2025-12-19,06,125.2
銚子,2025-12-19,07,117.3
銚子,2025-12-19,08,109
銚子,2025-12-19,09,103.9
銚子,2025-12-19,10,104.6
銚子,2025-12-19,11,111.5
銚子,2025-12-19,12,122.2
銚子,2025-12-19,13,133.4
銚子,2025-12-19,14,140.9
銚子,2025-12-19,15,141.2
銚子,2025-12-19,16,131.6
銚子,2025-12-19,17,112.6
銚子,2025-12-19,18,87.2
銚子,2025-12-19,19,60
銚子,2025-12-19,20,35.6
銚子,2025-12-19,21,18.4
銚子,2025-12-19,22,11.8
銚子,2025-12-19,23,17.1
銚子,2025-12-20,00,32.8
銚子,2025-12-20,01,55.8
銚子,2025-12-20,02,81.7
銚子,2025-12-20,03,105.7
銚子,2025-12-20,04,123.2
銚子,2025-12-20,05,131.6
銚子,2025-12-20,06,131.1
銚子,2025-12-20,07,124.4
銚子,2025-12-20,08,114.9
銚子,2025-12-20,09,106.6
銚子,2025-12-20,10,103
銚子,2025-12-20,11,106.3
銚子,2025-12-20,12,115.7
銚子,2025-12-20,13,128
銚子,2025-12-20,14,139.2
銚子,2025-12-20,15,144.9
銚子,2025-12-20,16,141.5
銚子,2025-12-20,17,127.3
銚子,2025-12-20,18,104
銚子,2025-12-20,19,76
銚子,2025-12-20,20,48.3
銚子,2025-12-20,21,25.6
銚子,2025-12-20,22,12.2
銚子,2025-12-20,23,10.8
銚子,2025-12-21,00,21.5
銚子,2025-12-21,01,41.6
銚子,2025-12-21,02,67.3
銚子,2025-12-21,03,93.6
銚子,2025-12-21,04,115.8
銚子,2025-12-21,05,129.8
銚子,2025-12-21,06,134
銚子,2025-12-21,07,130.1
銚子,2025-12-21,08,121.3
銚子,2025-12-21,09,111.3
銚子,2025-12-21,10,104.2
銚子,2025-12-21,11,103.3
銚子,2025-12-21,12,109.6
銚子,2025-12-21,13,121.4
銚子,2025-12-21,14,134.5
銚子,2025-12-21,15,144.5
銚子,2025-12-21,16,147.1
銚子,2025-12-21,17,139.1
銚子,2025-12-21,18,120.3
銚子,2025-12-21,19,93.6
銚子,2025-12-21,20,64.4
銚子,2025-12-21,21,37.8
銚子,2025-12-21,22,18.3
銚子,2025-12-21,23,9.7
銚子,2025-12-22,00,13.8
銚子,2025-12-22,01,29.2
銚子,2025-12-22,02,52.6
銚子,2025-12-22,03,79.3
銚子,2025-12-22,04,104.5
銚子,2025-12-22,05,123.5
銚子,2025-12-22,06,133.1
銚子,2025-12-22,07,133.3
銚子,2025-12-22,08,126.6
銚子,2025-12-22,09,116.7
銚子,2025-12-22,10,107.5
銚子,2025-12-22,11,102.7
銚子,2025-12-22,12,105
銚子,2025-12-22,13,114.3
銚子,2025-12-22,14,127.5
銚子,2025-12-22,15,140.1
銚子,2025-12-22,16,147.7
銚子,2025-12-22,17,146.2
銚子,2025-12-22,18,133.5
銚子,2025-12-22,19,110.8
銚子,2025-12-22,20,82.3
銚子,2025-12-22,21,53.6
銚子,2025-12-22,22,29.6
銚子,2025-12-22,23,14.5
銚子,2025-12-23,00,11.2
銚子,2025-12-23,01,20.4
銚子,2025-12-23,02,39.6
銚子,2025-12-23,03,64.7
銚子,2025-12-23,04,90.9
銚子,2025-12-23,05,113.5
銚子,2025-12-23,06,128.3
銚子,2025-12-23,07,133.4
銚子,2025-12-23,08,130
銚子,2025-12-23,09,121.5
銚子,2025-12-23,10,111.5
銚子,2025-12-23,11,103.9
銚子,2025-12-23,12,101.9
銚子,2025-12-23,13,107.2
銚子,2025-12-23,14,118.5
銚子,2025-12-23,15,131.9
銚子,2025-12-23,16,142.9
銚子,2025-12-23,17,147.1
銚子,2025-12-23,18,141.4
銚子,2025-12-23,19,124.8
銚子,2025-12-23,20,99.8
銚子,2025-12-23,21,71.5
銚子,2025-12-23,22,45.2
銚子,2025-12-23,23,25.2
銚子,2025-12-24,00,15.1
銚子,2025-12-24,01,17.1
銚子,2025-12-24,02,30.5
銚子,2025-12-24,03,52.1
銚子,2025-12-24,04,77.3
銚子,2025-12-24,05,101.5
銚子,2025-12-24,06,120.2
銚子,2025-12-24,07,130.3
銚子,2025-12-24,08,131
銚子,2025-12-24,09,124.8
銚子,2025-12-24,10,115.3
銚子,2025-12-24,11,105.9
銚子,2025-12-24,12,100.2
銚子,2025-12-24,13,100.8
銚子,2025-12-24,14,108.2
銚子,2025-12-24,15,120.2
銚子,2025-12-24,16,132.6
銚子,2025-12-24,17,141.1
銚子,2025-12-24,18,141.9
銚子,2025-12-24,19,132.8
銚子,2025-12-24,20,114
銚子,2025-12-24,21,89.2
銚子,2025-12-24,22,63.1
銚子,2025-12-24,23,40.7
銚子,2025-12-25,00,25.6
銚子,2025-12-25,01,20.8
銚子,2025-12-25,02,27.3
銚子,2025-12-25,03,43.6
銚子,2025-12-25,04,65.9
銚子,2025-12-25,05,89.7
銚子,2025-12-25,06,110.5
銚子,2025-12-25,07,124.6
銚子,2025-12-25,08,129.8
銚子,2025-12-25,09,126.8
銚子,2025-12-25,10,118.5
銚子,2025-12-25,11,108.3
銚子,2025-12-25,12,99.7
銚子,2025-12-25,13,95.5
銚子,2025-12-25,14,97.8
銚子,2025-12-25,15,106
銚子,2025-12-25,16,117.5
銚子,2025-12-25,17,128.1
銚子,2025-12-25,18,134.1
銚子,2025-12-25,19,132.4
銚子,2025-12-25,20,121.7
銚子,2025-12-25,21,103.3
銚子,2025-12-25,22,81
銚子,2025-12-25,23,59.1
銚子,2025-12-26,00,41.7
銚子,2025-12-26,01,31.8
銚子,2025-12-26,02,31.6
銚子,2025-12-26,03,41.4
銚子,2025-12-26,04,59
銚子,2025-12-26,05,80.3
銚子,2025-12-26,06,101.2
銚子,2025-12-26,07,117.7
銚子,2025-12-26,08,126.9
銚子,2025-12-26,09,127.6
銚子,2025-12-26,10,121.4
銚子,2025-12-26,11,111.3
銚子,2025-12-26,12,100.7
銚子,2025-12-26,13,92.3
銚子,2025-12-26,14,88.7
銚子,2025-12-26,15,91.3
銚子,2025-12-26,16,99.1
銚子,2025-12-26,17,109.2
銚子,2025-12-26,18,118
銚子,2025-12-26,19,122.4
銚子,2025-12-26,20,120.1
銚子,2025-12-26,21,110.4
銚子,2025-12-26,22,95
銚子,2025-12-26,23,77.3
銚子,2025-12-27,00,60.8
銚子,2025-12-27,01,48.6
銚子,2025-12-27,02,43.4
銚子,2025-12-27,03,46.7
銚子,2025-12-27,04,58.2
銚子,2025-12-27,05,75.2
銚子,2025-12-27,06,94.1
銚子,2025-12-27,07,111.1
銚子,2025-12-27,08,122.9
銚子,2025-12-27,09,127.3
銚子,2025-12-27,10,124.2
銚子,2025-12-27,11,115.5
銚子,2025-12-27,12,103.9
銚子,2025-12-27,13,92.2
銚子,2025-12-27,14,83.2
銚子,2025-12-27,15,79.1
銚子,2025-12-27,16,80.7
銚子,2025-12-27,17,87.1
銚子,2025-12-27,18,95.7
銚子,2025-12-27,19,103.6
銚子,2025-12-27,20,108.2
銚子,2025-12-27,21,107.6
銚子,2025-12-27,22,101.4
銚子,2025-12-27,23,91.1
銚子,2025-12-28,00,79.2
銚子,2025-12-28,01,68.3
銚子,2025-12-28,02,60.9
銚子,2025-12-28,03,59.2
銚子,2025-12-28,04,64.3
銚子,2025-12-28,05,75.5
銚子,2025-12-28,06,90.5
銚子,2025-12-28,07,105.9
銚子,2025-12-28,08,118.7
銚子,2025-12-28,09,126.2
銚子,2025-12-28,10,126.8
銚子,2025-12-28,11,120.7
銚子,2025-12-28,12,109.8
銚子,2025-12-28,13,96.5
銚子,2025-12-28,14,83.1
銚子,2025-12-28,15,72.4
銚子,2025-12-28,16,66.4
銚子,2025-12-28,17,66.2
銚子,2025-12-28,18,70.9
銚子,2025-12-28,19,78.6
銚子,2025-12-28,20,87.1
銚子,2025-12-28,21,94
銚子,2025-12-28,22,97.4
銚子,2025-12-28,23,96.7
銚子,2025-12-29,00,92.6
銚子,2025-12-29,01,86.5
銚子,2025-12-29,02,80.5
銚子,2025-12-29,03,76.6
銚子,2025-12-29,04,76.6
銚子,2025-12-29,05,81.7
銚子,2025-12-29,06,91.2
銚子,2025-12-29,07,103.2
銚子,2025-12-29,08,115.1
銚子,2025-12-29,09,124.2
銚子,2025-12-29,10,128.3
銚子,2025-12-29,11,126.2
銚子,2025-12-29,12,118.1
銚子,2025-12-29,13,105.2
銚子,2025-12-29,14,89.5
銚子,2025-12-29,15,73.5
銚子,2025-12-29,16,60
銚子,2025-12-29,17,51.4
銚子,2025-12-29,18,48.9
銚子,2025-12-29,19,52.4
銚子,2025-12-29,20,60.7
銚子,2025-12-29,21,71.5
銚子,2025-12-29,22,82.5
銚子,2025-12-29,23,91.4
銚子,2025-12-30,00,97
銚子,2025-12-30,01,98.9
銚子,2025-12-30,02,97.8
銚子,2025-12-30,03,95.1
銚子,2025-12-30,04,92.8
銚子,2025-12-30,05,92.9
銚子,2025-12-30,06,96.5
銚子,2025-12-30,07,103.5
銚子,2025-12-30,08,112.6
銚子,2025-12-30,09,121.6
銚子,2025-12-30,10,128.3
銚子,2025-12-30,11,130.4
銚子,2025-12-30,12,126.8
銚子,2025-12-30,13,117
銚子,2025-12-30,14,101.9
銚子,2025-12-30,15,83.2
銚子,2025-12-30,16,63.8
銚子,2025-12-30,17,46.9
銚子,2025-12-30,18,35.3
銚子,2025-12-30,19,31
銚子,2025-12-30,20,34.4
銚子,2025-12-30,21,44.6
銚子,2025-12-30,22,59.2
銚子,2025-12-30,23,75.4
鹿島,2025-12-01,00,107.9
鹿島,2025-12-01,01,109.1
鹿島,2025-12-01,02,105
鹿島,2025-12-01,03,97.2
鹿島,2025-12-01,04,88
鹿島,2025-12-01,05,80.6
鹿島,2025-12-01,06,77.4
鹿島,2025-12-01,07,80.1
鹿島,2025-12-01,08,88.3
鹿島,2025-12-01,09,100.3
鹿島,2025-12-01,10,113.2
鹿島,2025-12-01,11,123.9
鹿島,2025-12-01,12,129.5
鹿島,2025-12-01,13,128.4
鹿島,2025-12-01,14,120
鹿島,2025-12-01,15,105.2
鹿島,2025-12-01,16,86.4
鹿島,2025-12-01,17,67.4
鹿島,2025-12-01,18,51.9
鹿島,2025-12-01,19,43.5
鹿島,2025-12-01,20,44
鹿島,2025-12-01,21,53
鹿島,2025-12-01,22,68.3
鹿島,2025-12-01,23,86.2
鹿島,2025-12-02,00,102.6
鹿島,2025-12-02,01,114.3
鹿島,2025-12-02,02,119.1
鹿島,2025-12-02,03,117.1
鹿島,2025-12-02,04,109.8
鹿島,2025-12-02,05,100.3
鹿島,2025-12-02,06,92.1
鹿島,2025-12-02,07,88.3
鹿島,2025-12-02,08,90.6
鹿島,2025-12-02,09,98.7
鹿島,2025-12-02,10,110.7
鹿島,2025-12-02,11,123.3
鹿島,2025-12-02,12,132.8
鹿島,2025-12-02,13,136
鹿島,2025-12-02,14,131
鹿島,2025-12-02,15,117.3
鹿島,2025-12-02,16,96.5
鹿島,2025-12-02,17,71.9
鹿島,2025-12-02,18,48.2
鹿島,2025-12-02,19,30.3
鹿島,2025-12-02,20,22.2
鹿島,2025-12-02,21,25.6
鹿島,2025-12-02,22,39.6
鹿島,2025-12-02,23,61
鹿島,2025-12-03,00,84.9
鹿島,2025-12-03,01,106.5
鹿島,2025-12-03,02,121.8
鹿島,2025-12-03,03,128.8
鹿島,2025-12-03,04,127.4
鹿島,2025-12-03,05,119.9
鹿島,2025-12-03,06,109.7
鹿島,2025-12-03,07,101.1
鹿島,2025-12-03,08,97.3
鹿島,2025-12-03,09,100
鹿島,2025-12-03,10,108.7
鹿島,2025-12-03,11,121.1
鹿島,2025-12-03,12,133.3
鹿島,2025-12-03,13,141.2
鹿島,2025-12-03,14,141.3
鹿島,2025-12-03,15,131.6
鹿島,2025-12-03,16,112.2
鹿島,2025-12-03,17,85.4
鹿島,2025-12-03,18,55.8
鹿島,2025-12-03,19,29
鹿島,2025-12-03,20,10.5
鹿島,2025-12-03,21,4.5
鹿島,2025-12-03,22,12.1
鹿島,2025-12-03,23,31.5
鹿島,2025-12-04,00,58.3
鹿島,2025-12-04,01,86.9
鹿島,2025-12-04,02,111.7
鹿島,2025-12-04,03,128.7
鹿島,2025-12-04,04,136
鹿島,2025-12-04,05,134.2
鹿島,2025-12-04,06,126.1
鹿島,2025-12-04,07,115.6
鹿島,2025-12-04,08,107.1
鹿島,2025-12-04,09,104.1
鹿島,2025-12-04,10,108
鹿島,2025-12-04,11,117.9
鹿島,2025-12-04,12,130.8
鹿島,2025-12-04,13,142.3
鹿島,2025-12-04,14,148
鹿島,2025-12-04,15,144.4
鹿島,2025-12-04,16,129.7
鹿島,2025-12-04,17,104.8
鹿島,2025-12-04,18,73.1
鹿島,2025-12-04,19,40.2
鹿島,2025-12-04,20,12.3
鹿島,2025-12-04,21,-4.6
鹿島,2025-12-04,22,-7.2
鹿島,2025-12-04,23,5.1
鹿島,2025-12-05,00,29.1
鹿島,2025-12-05,01,59.7
鹿島,2025-12-05,02,90.7
鹿島,2025-12-05,03,116.4
鹿島,2025-12-05,04,133.1
鹿島,2025-12-05,05,139.5
鹿島,2025-12-05,06,136.8
鹿島,2025-12-05,07,128
鹿島,2025-12-05,08,117.8
鹿島,2025-12-05,09,110.4
鹿島,2025-12-05,10,109
鹿島,2025-12-05,11,114.6
鹿島,2025-12-05,12,125.8
鹿島,2025-12-05,13,139
鹿島,2025-12-05,14,149.3
鹿島,2025-12-05,15,152.2
鹿島,2025-12-05,16,144.5
鹿島,2025-12-05,17,125.2
鹿島,2025-12-05,18,96
鹿島,2025-12-05,19,61.3
鹿島,2025-12-05,20,27.4
鹿島,2025-12-05,21,0.8
鹿島,2025-12-05,22,-13.1
鹿島,2025-12-05,23,-11.5
鹿島,2025-12-06,00,4.7
鹿島,2025-12-06,01,31.9
鹿島,2025-12-06,02,64.1
鹿島,2025-12-06,03,95
鹿島,2025-12-06,04,119.5
鹿島,2025-12-06,05,134.4
鹿島,2025-12-06,06,139.1
鹿島,2025-12-06,07,135.2
鹿島,2025-12-06,08,126.3
鹿島,2025-12-06,09,117
鹿島,2025-12-06,10,111.3
鹿島,2025-12-06,11,112.1
鹿島,2025-12-06,12,119.6
鹿島,2025-12-06,13,131.9
鹿島,2025-12-06,14,144.7
鹿島,2025-12-06,15,153.2
鹿島,2025-12-06,16,153
鹿島,2025-12-06,17,141.5
鹿島,2025-12-06,18,118.5
鹿島,2025-12-06,19,86.9
鹿島,2025-12-06,20,51.6
鹿島,2025-12-06,21,19
鹿島,2025-12-06,22,-4.4
鹿島,2025-12-06,23,-14.2
鹿島,2025-12-07,00,-8.7
鹿島,2025-12-07,01,10.4
鹿島,2025-12-07,02,38.6
鹿島,2025-12-07,03,70.2
鹿島,2025-12-07,04,99
鹿島,2025-12-07,05,120.7
鹿島,2025-12-07,06,132.9
鹿島,2025-12-07,07,135.4
鹿島,2025-12-07,08,130.6
鹿島,2025-12-07,09,122
鹿島,2025-12-07,10,114.2
鹿島,2025-12-07,11,110.7
鹿島,2025-12-07,12,113.6
鹿島,2025-12-07,13,122.7
鹿島,2025-12-07,14,135.2
鹿島,2025-12-07,15,146.9
鹿島,2025-12-07,16,153
鹿島,2025-12-07,17,149.7
鹿島,2025-12-07,18,135.3
鹿島,2025-12-07,19,110.5
鹿島,2025-12-07,20,78.7
鹿島,2025-12-07,21,45.2
鹿島,2025-12-07,22,16.1
鹿島,2025-12-07,23,-2.9
鹿島,2025-12-08,00,-8.5
鹿島,2025-12-08,01,0.2
鹿島,2025-12-08,02,20.6
鹿島,2025-12-08,03,48.1
鹿島,2025-12-08,04,77.1
鹿島,2025-12-08,05,102.4
鹿島,2025-12-08,06,120.4
鹿島,2025-12-08,07,129.3
鹿島,2025-12-08,08,129.8
鹿島,2025-12-08,09,124.3
鹿島,2025-12-08,10,116.4
鹿島,2025-12-08,11,110.2
鹿島,2025-12-08,12,108.8
鹿島,2025-12-08,13,113.4
鹿島,2025-12-08,14,123.2
鹿島,2025-12-08,15,135.1
鹿島,2025-12-08,16,144.9
鹿島,2025-12-08,17,148.4
鹿島,2025-12-08,18,142.6
鹿島,2025-12-08,19,126.7
鹿島,2025-12-08,20,102.2
鹿島,2025-12-08,21,72.6
鹿島,2025-12-08,22,43
鹿島,2025-12-08,23,18.8
鹿島,2025-12-09,00,4.6
鹿島,2025-12-09,01,3
鹿島,2025-12-09,02,13.6
鹿島,2025-12-09,03,33.9
鹿島,2025-12-09,04,59.2
鹿島,2025-12-09,05,84.5
鹿島,2025-12-09,06,105.5
鹿島,2025-12-09,07,119.3
鹿島,2025-12-09,08,125
鹿島,2025-12-09,09,123.6
鹿島,2025-12-09,10,117.6
鹿島,2025-12-09,11,110.6
鹿島,2025-12-09,12,105.8
鹿島,2025-12-09,13,105.8
鹿島,2025-12-09,14,111.1
鹿島,2025-12-09,15,120.4
鹿島,2025-12-09,16,130.7
鹿島,2025-12-09,17,138.2
鹿島,2025-12-09,18,139.4
鹿島,2025-12-09,19,132.4
鹿島,2025-12-09,20,116.9
鹿島,2025-12-09,21,94.8
鹿島,2025-12-09,22,69.3
鹿島,2025-12-09,23,45.1
鹿島,2025-12-10,00,26.5
鹿島,2025-12-10,01,17
鹿島,2025-12-10,02,18.4
鹿島,2025-12-10,03,30
鹿島,2025-12-10,04,48.9
鹿島,2025-12-10,05,71.1
鹿島,2025-12-10,06,92.1
鹿島,2025-12-10,07,108.6
鹿島,2025-12-10,08,118.3
鹿島,2025-12-10,09,121
鹿島,2025-12-10,10,118
鹿島,2025-12-10,11,111.6
鹿島,2025-12-10,12,105
鹿島,2025-12-10,13,100.9
鹿島,2025-12-10,14,101.2
鹿島,2025-12-10,15,106
鹿島,2025-12-10,16,113.8
鹿島,2025-12-10,17,121.9
鹿島,2025-12-10,18,127.2
鹿島,2025-12-10,19,127.2
鹿島,2025-12-10,20,120.6
鹿島,2025-12-10,21,107.5
鹿島,2025-12-10,22,89.6
鹿島,2025-12-10,23,69.6
鹿島,2025-12-11,00,51.2
鹿島,2025-12-11,01,38
鹿島,2025-12-11,02,32.6
鹿島,2025-12-11,03,36.1
鹿島,2025-12-11,04,47.6
鹿島,2025-12-11,05,64.4
鹿島,2025-12-11,06,83.1
鹿島,2025-12-11,07,99.9
鹿島,2025-12-11,08,112.1
鹿島,2025-12-11,09,118.2
鹿島,2025-12-11,10,118.2
鹿島,2025-12-11,11,113.6
鹿島,2025-12-11,12,106.5
鹿島,2025-12-11,13,99.6
鹿島,2025-12-11,14,95.1
鹿島,2025-12-11,15,94.4
鹿島,2025-12-11,16,97.5
鹿島,2025-12-11,17,103.1
鹿島,2025-12-11,18,109.2
鹿島,2025-12-11,19,113.3
鹿島,2025-12-11,20,113.7
鹿島,2025-12-11,21,109.3
鹿島,2025-12-11,22,100.2
鹿島,2025-12-11,23,87.6
鹿島,2025-12-12,00,73.5
鹿島,2025-12-12,01,60.7
鹿島,2025-12-12,02,52
鹿島,2025-12-12,03,49.5
鹿島,2025-12-12,04,54.1
鹿島,2025-12-12,05,64.8
鹿島,2025-12-12,06,79.3
鹿島,2025-12-12,07,94.6
鹿島,2025-12-12,08,107.6
鹿島,2025-12-12,09,116
鹿島,2025-12-12,10,119
鹿島,2025-12-12,11,116.7
鹿島,2025-12-12,12,110.3
鹿島,2025-12-12,13,101.9
鹿島,2025-12-12,14,93.7
鹿島,2025-12-12,15,87.6
鹿島,2025-12-12,16,84.8
鹿島,2025-12-12,17,85.7
鹿島,2025-12-12,18,89.3
鹿島,2025-12-12,19,94.2
鹿島,2025-12-12,20,98.7
鹿島,2025-12-12,21,101.2
鹿島,2025-12-12,22,100.6
鹿島,2025-12-12,23,96.5
鹿島,2025-12-13,00,89.4
鹿島,2025-12-13,01,80.7
鹿島,2025-12-13,02,72.3
鹿島,2025-12-13,03,66.8
鹿島,2025-12-13,04,66
鹿島,2025-12-13,05,70.8
鹿島,2025-12-13,06,80.3
鹿島,2025-12-13,07,92.5
鹿島,2025-12-13,08,104.9
鹿島,2025-12-13,09,114.7
鹿島,2025-12-13,10,120.2
鹿島,2025-12-13,11,120.6
鹿島,2025-12-13,12,116
鹿島,2025-12-13,13,107.5
鹿島,2025-12-13,14,97
鹿島,2025-12-13,15,86.4
鹿島,2025-12-13,16,77.7
鹿島,2025-12-13,17,72.5
鹿島,2025-12-13,18,71.3
鹿島,2025-12-13,19,74
鹿島,2025-12-13,20,79.4
鹿島,2025-12-13,21,86
鹿島,2025-12-13,22,92.1
鹿島,2025-12-13,23,96.1
鹿島,2025-12-14,00,97.1
鹿島,2025-12-14,01,94.7
鹿島,2025-12-14,02,89.9
鹿島,2025-12-14,03,84.4
鹿島,2025-12-14,04,80.6
鹿島,2025-12-14,05,80.4
鹿島,2025-12-14,06,84.7
鹿島,2025-12-14,07,93
鹿島,2025-12-14,08,103.4
鹿島,2025-12-14,09,113.6
鹿島,2025-12-14,10,121.1
鹿島,2025-12-14,11,124.3
鹿島,2025-12-14,12,122.4
鹿島,2025-12-14,13,115.4
鹿島,2025-12-14,14,104.2
鹿島,2025-12-14,15,90.7
鹿島,2025-12-14,16,77
鹿島,2025-12-14,17,65.5
鹿島,2025-12-14,18,58.2
鹿島,2025-12-14,19,56.2
鹿島,2025-12-14,20,59.5
鹿島,2025-12-14,21,67.2
鹿島,2025-12-14,22,77.4
鹿島,2025-12-14,23,88
鹿島,2025-12-15,00,96.6
鹿島,2025-12-15,01,101.6
鹿島,2025-12-15,02,102.4
鹿島,2025-12-15,03,99.7
鹿島,2025-12-15,04,95.4
鹿島,2025-12-15,05,91.9
鹿島,2025-12-15,06,91.4
鹿島,2025-12-15,07,95.1
鹿島,2025-12-15,08,102.4
鹿島,2025-12-15,09,111.7
鹿島,2025-12-15,10,120.5
鹿島,2025-12-15,11,126.6
鹿島,2025-12-15,12,128
鹿島,2025-12-15,13,123.7
鹿島,2025-12-15,14,113.9
鹿島,2025-12-15,15,99.4
鹿島,2025-12-15,16,82.3
鹿島,2025-12-15,17,65.3
鹿島,2025-12-15,18,51.6
鹿島,2025-12-15,19,43.4
鹿島,2025-12-15,20,42.3
鹿島,2025-12-15,21,48.2
鹿島,2025-12-15,22,59.8
鹿島,2025-12-15,23,74.5
鹿島,2025-12-16,00,89.3
鹿島,2025-12-16,01,101.4
鹿島,2025-12-16,02,108.8
鹿島,2025-12-16,03,110.9
鹿島,2025-12-16,04,108.4
鹿島,2025-12-16,05,103.7
鹿島,2025-12-16,06,99.6
鹿島,2025-12-16,07,98.6
鹿島,2025-12-16,08,101.8
鹿島,2025-12-16,09,108.8
鹿島,2025-12-16,10,117.8
鹿島,2025-12-16,11,126.1
鹿島,2025-12-16,12,131.1
鹿島,2025-12-16,13,130.7
鹿島,2025-12-16,14,123.8
鹿島,2025-12-16,15,110.5
鹿島,2025-12-16,16,92.1
鹿島,2025-12-16,17,71.4
鹿島,2025-12-16,18,51.9
鹿島,2025-12-16,19,37.2
鹿島,2025-12-16,20,30.1
鹿島,2025-12-16,21,31.8
鹿島,2025-12-16,22,41.9
鹿島,2025-12-16,23,58.1
鹿島,2025-12-17,00,77.1
鹿島,2025-12-17,01,95.1
鹿島,2025-12-17,02,109.1
鹿島,2025-12-17,03,116.9
鹿島,2025-12-17,04,118.2
鹿島,2025-12-17,05,114.5
鹿島,2025-12-17,06,108.5
鹿島,2025-12-17,07,103.5
鹿島,2025-12-17,08,102.2
鹿島,2025-12-17,09,105.6
鹿島,2025-12-17,10,113.1
鹿島,2025-12-17,11,122.5
鹿島,2025-12-17,12,130.7
鹿島,2025-12-17,13,134.7
鹿島,2025-12-17,14,132.1
鹿島,2025-12-17,15,121.8
鹿島,2025-12-17,16,104.5
鹿島,2025-12-17,17,82.2
鹿島,2025-12-17,18,58.5
鹿島,2025-12-17,19,37.8
鹿島,2025-12-17,20,24
鹿島,2025-12-17,21,19.9
鹿島,2025-12-17,22,26.1
鹿島,2025-12-17,23,41.1
鹿島,2025-12-18,00,61.8
鹿島,2025-12-18,01,84
鹿島,2025-12-18,02,103.7
鹿島,2025-12-18,03,117.5
鹿島,2025-12-18,04,123.9
鹿島,2025-12-18,05,123.2
鹿島,2025-12-18,06,117.3
鹿島,2025-12-18,07,109.8
鹿島,2025-12-18,08,104.3
鹿島,2025-12-18,09,103.3
鹿島,2025-12-18,10,107.8
鹿島,2025-12-18,11,116.6
鹿島,2025-12-18,12,126.8
鹿島,2025-12-18,13,134.7
鹿島,2025-12-18,14,137.1
鹿島,2025-12-18,15,131.4
鹿島,2025-12-18,16,117.2
鹿島,2025-12-18,17,95.6
鹿島,2025-12-18,18,69.9
鹿島,2025-12-18,19,44.6
鹿島,2025-12-18,20,24.5
鹿島,2025-12-18,21,13.6
鹿島,2025-12-18,22,14
鹿島,2025-12-18,23,25.5
鹿島,2025-12-19,00,45.4
鹿島,2025-12-19,01,69.6
鹿島,2025-12-19,02,93.4
鹿島,2025-12-19,03,112.8
鹿島,2025-12-19,04,124.8
鹿島,2025-12-19,05,128.5
鹿島,2025-12-19,06,124.9
鹿島,2025-12-19,07,116.9
鹿島,2025-12-19,08,108.4
鹿島,2025-12-19,09,103.2
鹿島,2025-12-19,10,103.6
鹿島,2025-12-19,11,110
鹿島,2025-12-19,12,120.4
鹿島,2025-12-19,13,131.1
鹿島,2025-12-19,14,138.1
鹿島,2025-12-19,15,137.9
鹿島,2025-12-19,16,128.3
鹿島,2025-12-19,17,109.6
鹿島,2025-12-19,18,84.1
鹿島,2025-12-19,19,56.1
鹿島,2025-12-19,20,30.9
鹿島,2025-12-19,21,13.3
鹿島,2025-12-19,22,6.9
鹿島,2025-12-19,23,12.9
鹿島,2025-12-20,00,29.6
鹿島,2025-12-20,01,53.4
鹿島,2025-12-20,02,79.6
鹿島,2025-12-20,03,103.3
鹿島,2025-12-20,04,120.7
鹿島,2025-12-20,05,129.7
鹿島,2025-12-20,06,130
鹿島,2025-12-20,07,123.6
鹿島,2025-12-20,08,114.1
鹿島,2025-12-20,09,105.6
鹿島,2025-12-20,10,101.8
鹿島,2025-12-20,11,104.5
鹿島,2025-12-20,12,113.2
鹿島,2025-12-20,13,125
鹿島,2025-12-20,14,135.6
鹿島,2025-12-20,15,140.5
鹿島,2025-12-20,16,136.5
鹿島,2025-12-20,17,122.4
鹿島,2025-12-20,18,99.4
鹿島,2025-12-20,19,70.9
鹿島,2025-12-20,20,42.3
鹿島,2025-12-20,21,18.9
鹿島,2025-12-20,22,5.5
鹿島,2025-12-20,23,4.6
鹿島,2025-12-21,00,16.1
鹿島,2025-12-21,01,37.3
鹿島,2025-12-21,02,63.6
鹿島,2025-12-21,03,90.1
鹿島,2025-12-21,04,112.1
鹿島,2025-12-21,05,126.3
鹿島,2025-12-21,06,131.5
鹿島,2025-12-21,07,128.5
鹿島,2025-12-21,08,119.9
鹿島,2025-12-21,09,109.9
鹿島,2025-12-21,10,102.6
鹿島,2025-12-21,11,101.2
鹿島,2025-12-21,12,106.8
鹿島,2025-12-21,13,117.7
鹿島,2025-12-21,14,130.1
鹿島,2025-12-21,15,139.3
鹿島,2025-12-21,16,141
鹿島,2025-12-21,17,132.5
鹿島,2025-12-21,18,113.8
鹿島,2025-12-21,19,87.2
鹿島,2025-12-21,20,57.4
鹿島,2025-12-21,21,29.9
鹿島,2025-12-21,22,10.2
鹿島,2025-12-21,23,2
鹿島,2025-12-22,00,6.8
鹿島,2025-12-22,01,23.3
鹿島,2025-12-22,02,47.6
鹿島,2025-12-22,03,74.8
鹿島,2025-12-22,04,99.9
鹿島,2025-12-22,05,118.8
鹿島,2025-12-22,06,129.1
鹿島,2025-12-22,07,130.4
鹿島,2025-12-22,08,124.5
鹿島,2025-12-22,09,114.7
鹿島,2025-12-22,10,105.3
鹿島,2025-12-22,11,100.2
鹿島,2025-12-22,12,101.9
鹿島,2025-12-22,13,110.2
鹿島,2025-12-22,14,122.5
鹿島,2025-12-22,15,134.5
鹿島,2025-12-22,16,141.1
鹿島,2025-12-22,17,138.7
鹿島,2025-12-22,18,125.7
鹿島,2025-12-22,19,103.1
鹿島,2025-12-22,20,74.6
鹿島,2025-12-22,21,45.3
鹿島,2025-12-22,22,20.8
鹿島,2025-12-22,23,5.9
鹿島,2025-12-23,00,3.4
鹿島,2025-12-23,01,13.5
鹿島,2025-12-23,02,33.6
鹿島,2025-12-23,03,59.5
鹿島,2025-12-23,04,86
鹿島,2025-12-23,05,108.4
鹿島,2025-12-23,06,123.3
鹿島,2025-12-23,07,129.3
鹿島,2025-12-23,08,127
鹿島,2025-12-23,09,118.9
鹿島,2025-12-23,10,108.8
鹿島,2025-12-23,11,100.9
鹿島,2025-12-23,12,98.6
鹿島,2025-12-23,13,103.2
鹿島,2025-12-23,14,113.6
鹿島,2025-12-23,15,126.3
鹿島,2025-12-23,16,136.6
鹿島,2025-12-23,17,139.9
鹿島,2025-12-23,18,133.3
鹿島,2025-12-23,19,116.6
鹿島,2025-12-23,20,91.8
鹿島,2025-12-23,21,63.4
鹿島,2025-12-23,22,36.5
鹿島,2025-12-23,23,16.4
鹿島,2025-12-24,00,7
鹿島,2025-12-24,01,9.9
鹿島,2025-12-24,02,24.2
鹿島,2025-12-24,03,46.7
鹿島,2025-12-24,04,72.4
鹿島,2025-12-24,05,96.7
鹿島,2025-12-24,06,115.2
鹿島,2025-12-24,07,125.5
鹿島,2025-12-24,08,127.2
鹿島,2025-12-24,09,121.7
鹿島,2025-12-24,10,112.2
鹿島,2025-12-24,11,102.6
鹿島,2025-12-24,12,96.6
鹿島,2025-12-24,13,96.9
鹿島,2025-12-24,14,103.7
鹿島,2025-12-24,15,115.1
鹿島,2025-12-24,16,127
鹿島,2025-12-24,17,134.9
鹿島,2025-12-24,18,134.9
鹿島,2025-12-24,19,125.2
鹿島,2025-12-24,20,106.6
鹿島,2025-12-24,21,81.8
鹿島,2025-12-24,22,55.6
鹿島,2025-12-24,23,32.8
鹿島,2025-12-25,00,18
鹿島,2025-12-25,01,14
鹿島,2025-12-25,02,21.4
鹿島,2025-12-25,03,38.5
鹿島,2025-12-25,04,61.5
鹿島,2025-12-25,05,85.5
鹿島,2025-12-25,06,106.2
鹿島,2025-12-25,07,120.1
鹿島,2025-12-25,08,125.7
鹿島,2025-12-25,09,123.3
鹿島,2025-12-25,10,115.3
鹿島,2025-12-25,11,104.9
鹿島,2025-12-25,12,96
鹿島,2025-12-25,13,91.7
鹿島,2025-12-25,14,93.8
鹿島,2025-12-25,15,101.7
鹿島,2025-12-25,16,112.9
鹿島,2025-12-25,17,123.3
鹿島,2025-12-25,18,128.9
鹿島,2025-12-25,19,126.6
鹿島,2025-12-25,20,115.7
鹿島,2025-12-25,21,97.4
鹿島,2025-12-25,22,75.1
鹿島,2025-12-25,23,52.9
鹿島,2025-12-26,00,35.3
鹿島,2025-12-26,01,25.9
鹿島,2025-12-26,02,26.5
鹿島,2025-12-26,03,37.1
鹿島,2025-12-26,04,55.2
鹿島,2025-12-26,05,77
鹿島,2025-12-26,06,98
鹿島,2025-12-26,07,114.2
鹿島,2025-12-26,08,123.2
鹿島,2025-12-26,09,124.2
鹿島,2025-12-26,10,118.4
鹿島,2025-12-26,11,108.3
鹿島,2025-12-26,12,97.2
鹿島,2025-12-26,13,88.7
鹿島,2025-12-26,14,85.3
鹿島,2025-12-26,15,87.9
鹿島,2025-12-26,16,95.7
鹿島,2025-12-26,17,105.8
鹿島,2025-12-26,18,114.7
鹿島,2025-12-26,19,118.9
鹿島,2025-12-26,20,116.3
鹿島,2025-12-26,21,106.6
鹿島,2025-12-26,22,91.2
鹿島,2025-12-26,23,73.3
鹿島,2025-12-27,00,56.4
鹿島,2025-12-27,01,44.2
鹿島,2025-12-27,02,39.5
鹿島,2025-12-27,03,43.4
鹿島,2025-12-27,04,55.3
鹿島,2025-12-27,05,72.7
鹿島,2025-12-27,06,91.9
鹿島,2025-12-27,07,108.9
鹿島,2025-12-27,08,120.4
鹿島,2025-12-27,09,124.7
鹿島,2025-12-27,10,121.8
鹿島,2025-12-27,11,113
鹿島,2025-12-27,12,101.1
鹿島,2025-12-27,13,89.2
鹿島,2025-12-27,14,80.3
鹿島,2025-12-27,15,76.4
鹿島,2025-12-27,16,78.2
鹿島,2025-12-27,17,84.9
鹿島,2025-12-27,18,93.8
鹿島,2025-12-27,19,102
鹿島,2025-12-27,20,106.7
鹿島,2025-12-27,21,106
鹿島,2025-12-27,22,99.8
鹿島,2025-12-27,23,89.4
鹿島,2025-12-28,00,77.1
鹿島,2025-12-28,01,65.8
鹿島,2025-12-28,02,58.4
鹿島,2025-12-28,03,56.9
鹿島,2025-12-28,04,62.4
鹿島,2025-12-28,05,73.9
鹿島,2025-12-28,06,89.2
鹿島,2025-12-28,07,104.8
鹿島,2025-12-28,08,117.6
鹿島,2025-12-28,09,124.8
鹿島,2025-12-28,10,125.2
鹿島,2025-12-28,11,119.1
鹿島,2025-12-28,12,108
鹿島,2025-12-28,13,94.3
鹿島,2025-12-28,14,80.8
鹿島,2025-12-28,15,70.2
鹿島,2025-12-28,16,64.5
鹿島,2025-12-28,17,64.6
鹿島,2025-12-28,18,69.7
鹿島,2025-12-28,19,78.1
鹿島,2025-12-28,20,87.2
鹿島,2025-12-28,21,94.3
鹿島,2025-12-28,22,97.8
鹿島,2025-12-28,23,97
鹿島,2025-12-29,00,92.5
鹿島,2025-12-29,01,86
鹿島,2025-12-29,02,79.5
鹿島,2025-12-29,03,75.5
鹿島,2025-12-29,04,75.7
鹿島,2025-12-29,05,80.9
鹿島,2025-12-29,06,90.7
鹿島,2025-12-29,07,102.9
鹿島,2025-12-29,08,115
鹿島,2025-12-29,09,124.1
鹿島,2025-12-29,10,127.9
鹿島,2025-12-29,11,125.6
鹿島,2025-12-29,12,117.1
鹿島,2025-12-29,13,103.9
鹿島,2025-12-29,14,87.9
鹿島,2025-12-29,15,71.8
鹿島,2025-12-29,16,58.3
鹿島,2025-12-29,17,49.8
鹿島,2025-12-29,18,47.7
鹿島,2025-12-29,19,51.9
鹿島,2025-12-29,20,61
鹿島,2025-12-29,21,72.6
鹿島,2025-12-29,22,84
鹿島,2025-12-29,23,93
鹿島,2025-12-30,00,98.4
鹿島,2025-12-30,01,99.8
鹿島,2025-12-30,02,98.1
鹿島,2025-12-30,03,95.1
鹿島,2025-12-30,04,92.6
鹿島,2025-12-30,05,92.8
鹿島,2025-12-30,06,96.5
鹿島,2025-12-30,07,103.8
鹿島,2025-12-30,08,113.1
鹿島,2025-12-30,09,122.3
鹿島,2025-12-30,10,128.9
鹿島,2025-12-30,11,130.7
鹿島,2025-12-30,12,126.7
鹿島,2025-12-30,13,116.4
鹿島,2025-12-30,14,100.9
鹿島,2025-12-30,15,81.8
鹿島,2025-12-30,16,62.1
鹿島,2025-12-30,17,44.9
鹿島,2025-12-30,18,33.4
鹿島,2025-12-30,19,29.5
鹿島,2025-12-30,20,33.8
鹿島,2025-12-30,21,45
鹿島,2025-12-30,22,60.6
鹿島,2025-12-30,23,77.4
