date,ship,area,reason_text,source
2026/04/21,恒丸,大磯港,定休日です。 Tweet シェア,釣りビジョン
2026/04/20,恒丸,大磯港,今日も出船なしです。 Tweet シェア,釣りビジョン
2026/04/19,恒丸,大磯港,今日は出船なしです。 Tweet シェア,釣りビジョン
2026/04/17,恒丸,大磯港,今日は出船なしです。 Tweet シェア 全 249件 1 2 3 4 5 次 最後 恒丸のニュース ニュース お知らせ 2026年4月の情報 【出船予定】 ・22日(水)…アジ乗合(出確) ・23日(木)…アジ乗合 ・24日(金)…アジ乗合 ・25日(土)…仕立船 ・26日(日)…アジ乗合(出確) ・27日(月)…アジ乗合 ・28日(火)…定休日 ・29日(水)…仕立船 【お休み】 ・4月…28日(火)。 ・5月…12日(火)、19日(火)、26日(火)。 恒丸の店舗情報 施設名 恒丸(ツネマル) 電話番号 0463-61-3073 住所 〒255-0003 神奈川県中郡大磯町大磯1310-,釣りビジョン
2026/04/21,博栄丸,御前崎港,風予報悪く残念ながらお休みにしました。 Tweet シェア,釣りビジョン
2026/04/20,博栄丸,御前崎港,風予報悪く残念ながらお休みにしました。 Tweet シェア,釣りビジョン
2026/04/14,明進丸,日立久慈港,本日もアマダイ狙いで出船を予定してましたが、またもや沖合風で出船中止となってしまいました…。 Tweet シェア,釣りビジョン
2026/04/16,長崎屋,横浜本牧港,"定休日です。 Tweet シェア 全 1,071件 1 2 3 4 5 次 最後 長崎屋のニュース ニュース お知らせ 2026年4月の情報 【出船予定】 ・22日(水)…ショートシロギス船(確定、空きあり)、ショートLTアジ船(確定、空き多数)。 ・23日(木)…定休日です。 ・24日(金)…ショートシロギス船(あと2名で確定)、ショートLTアジ船(あと2名で確定)。 ・25日(土)…ショートシロギス船(確定、空き多数)、ショートLTアジ船(あと2名で確定)。※人数によりどちらか2隻で出船可能です。 ・26日(日)…ショートシロギス船(確定、空き多数)、ショートLTアジ船(あと2名で確定)。",釣りビジョン
2026/04/16,渡辺釣船店,横浜港･新山下,定休日。 Tweet シェア 全 243件 1 2 3 4 5 次 最後 渡辺釣船店のニュース ニュース お知らせ 2026年4月の情報 ・ルアータチウオ船…22日(水)は人数確定しています。引き続き、猿島沖、横須賀沖、第二海堡周辺など狙っていきます。メタル、タングともに80～120gをお持ちください。※18日現在 ・夜カサゴ・メバル船…4月より開幕しました。日程:25日(土)、5月2日(土)、9日(土)、16日(土)、23日(土)、30日(土)。 ・アジ船…良い日もあれば、渋めもあり、日によってですが魚影はかなりありますから魚の活性次第です。一年中横浜沖のアジは絶品です。アジフライ、刺身、な,釣りビジョン
2026/04/21,たいぞう丸,葉山あぶずり港,予報悪く出船中止。 Tweet シェア,釣りビジョン
2026/04/21,幸丸,飯岡港,海況が悪い為、全船出船中止しました。 Tweet シェア,釣りビジョン
2026/04/17,幸丸,飯岡港,予報が悪い為、全船出船中止しました。 Tweet シェア 全 432件 1 2 3 4 5 次 最後 幸丸のニュース ニュース お知らせ 2026年4月の情報 【出船予定】 ・アラ(ルアー同船可!)…24日(金)募集中! ・午後ルアー…28日(火)募集中! 【ご案内】 ・午前船(4時半までに受付)…マダイ、アマダイ ※午前船は集まり次第出船 ・午後船(11時までに受付)…マダイ、ルアー ※平日は4時頃から、土日祝日は3時半頃から午前船の受付を開始します。 ※時間厳守でお願いします。初めてのご利用の方、グループの方は時間に余裕をもってお越しください! 幸丸の店舗情報 施設名 幸丸(サチマル) 電,釣りビジョン
2026/04/17,福よし丸,鴨居大室港,本日はクルージングになり撃沈で帰ってきました。 Tweet シェア 全 412件 1 2 3 4 5 次 最後 福よし丸のニュース ニュース お知らせ 2026年4月の情報 ・タチウオが復調するまで日中アジに変更致します。※15日現在 ・お休み…24日。 福よし丸の店舗情報 施設名 福よし丸(フクヨシマル) 電話番号 090-8442-6607 住所 〒239-0813 神奈川県横須賀市鴨居2-74-22 リンク 施設のサイトへ サービス 設備 紹介文 鴨居大室港「福よし丸」です。 アジと旬の魚のリレー釣りが特徴の船宿です。 救命胴衣、貸し道具完備！ ビギナーからベテランさんはもちろん 特に女,釣りビジョン
2026/04/16,つる丸,大原港,釣れるポイントに行けそうに無いのでお休みしました。 Tweet シェア 全 719件 1 2 3 4 5 次 最後 つる丸のニュース ニュース お知らせ 2026年4月の情報 ・23日(木)…午後マダイ釣り1名ずつ入ってます。ポイントも遠いので人数集まらないと出れません。早めのご予約助かります!※21日現在 ・20日(月)～も大ビラメ狙いでお待ちしてます!※19日現在 ・ゴールデンウィークの予約も入って来てます!※19日現在 ・潮が速くなりオマツリもするので、ゴールデンウィークご予約のお客様は仕掛けを多めに用意してください! 【お知らせ】 ・新しいスタッフの紹介です!1月より私の長男が乗ること,釣りビジョン
2026/04/17,つる丸,大原港,お休み。 Tweet シェア 全 719件 1 2 3 4 5 次 最後 つる丸のニュース ニュース お知らせ 2026年4月の情報 ・23日(木)…午後マダイ釣り1名ずつ入ってます。ポイントも遠いので人数集まらないと出れません。早めのご予約助かります!※21日現在 ・20日(月)～も大ビラメ狙いでお待ちしてます!※19日現在 ・ゴールデンウィークの予約も入って来てます!※19日現在 ・潮が速くなりオマツリもするので、ゴールデンウィークご予約のお客様は仕掛けを多めに用意してください! 【お知らせ】 ・新しいスタッフの紹介です!1月より私の長男が乗ることになりました!今日で釣り4回目でまだまだ初,釣りビジョン
2026/04/23,長崎屋,横浜本牧港,定休日です。 Tweet シェア,釣りビジョン
2026/04/24,恒丸,大磯港,今日も出船なしです。 Tweet シェア,釣りビジョン
2026/04/24,洋征丸,小坪港,予報悪く休船。 Tweet シェア,釣りビジョン
2026/04/24,長崎屋,横浜本牧港,北東風が強い予報のため出船中止しました。 Tweet シェア,釣りビジョン
2026/04/23,渡辺釣船店,横浜港･新山下,定休日。 Tweet シェア,釣りビジョン
2026/04/24,幸丸,飯岡港,強風予報の為、全船出船中止しました。 Tweet シェア,釣りビジョン
2026/04/20,福よし丸,鴨居大室港,出漁者なく出船しませんでした。 Tweet シェア 全 415件 1 2 3 4 5 次 最後 福よし丸のニュース ニュース お知らせ 2026年4月の情報 ・タチウオが復調するまで日中アジに変更致します。※15日現在 福よし丸の店舗情報 施設名 福よし丸(フクヨシマル) 電話番号 090-8442-6607 住所 〒239-0813 神奈川県横須賀市鴨居2-74-22 リンク 施設のサイトへ サービス 設備 紹介文 鴨居大室港「福よし丸」です。 アジと旬の魚のリレー釣りが特徴の船宿です。 救命胴衣、貸し道具完備！ ビギナーからベテランさんはもちろん 特に女性やお子様などご家族連れ大歓迎！！ ,釣りビジョン
2026/04/26,福よし丸,鴨居大室港,人数が揃わず出船中止しました。 Tweet シェア,釣りビジョン
2026/04/22,福よし丸,鴨居大室港,またまた出漁者なく出船しませんでした。 Tweet シェア 全 417件 1 2 3 4 5 次 最後 福よし丸のニュース ニュース お知らせ 2026年4月の情報 ・5月2日はタチウオとアジのリレーに出船予定です。 ・タチウオが復調するまで日中アジに変更致します。※15日現在 福よし丸の店舗情報 施設名 福よし丸(フクヨシマル) 電話番号 090-8442-6607 住所 〒239-0813 神奈川県横須賀市鴨居2-74-22 リンク 施設のサイトへ サービス 設備 紹介文 鴨居大室港「福よし丸」です。 アジと旬の魚のリレー釣りが特徴の船宿です。 救命胴衣、貸し道具完備！ ビギナーからベテラ,釣りビジョン
2026/04/27,恒丸,大磯港,予報がよくないので出船中止にさせていただきました。 Tweet シェア,釣りビジョン
2026/04/27,たいぞう丸,葉山あぶずり港,予報悪く出船中止。 Tweet シェア,釣りビジョン
2026/04/27,勇盛丸,大原港,マハタ&ヒラメに出船予定でしたが、出船中止とさせて頂きました。 Tweet シェア,釣りビジョン
2026/04/28,恒丸,大磯港,定休日。 Tweet シェア,釣りビジョン
2026/04/24,福よし丸,鴨居大室港,お休み。 Tweet シェア 全 419件 1 2 3 4 5 次 最後 福よし丸のニュース ニュース お知らせ 2026年4月の情報 ・5月2日はタチウオとアジのリレーに出船致します。 ・5月4日よりタチウオとアジのリレー釣りに変更致します。 福よし丸の店舗情報 施設名 福よし丸(フクヨシマル) 電話番号 090-8442-6607 住所 〒239-0813 神奈川県横須賀市鴨居2-74-22 リンク 施設のサイトへ サービス 設備 紹介文 鴨居大室港「福よし丸」です。 アジと旬の魚のリレー釣りが特徴の船宿です。 救命胴衣、貸し道具完備！ ビギナーからベテランさんはもちろん 特に女性やお子様,釣りビジョン
2026/04/24,つる丸,大原港,お休み。 Tweet シェア 全 720件 1 2 3 4 5 次 最後 つる丸のニュース ニュース お知らせ 2026年4月の情報 ・もう何日もヒラメ釣り出来ないので満員でお断りしてる日が多いです。直前のキャンセルはキャンセル料発生しますのでご了承ください。連休中、毎年午後マダイ釣りのお客様で、渋滞で間に合わないお客様がいます。渋滞を予想しての早めの出発お願いします!※29日現在 ・潮が速くなりオマツリもするので、ゴールデンウィークご予約のお客様は仕掛けを多めに用意してください! ・ヒラメ船…潮が速いのでライトタックルのお客様は60号、80号まで、PE3号のお客様は80号、100号まで。PE,釣りビジョン
2026/04/28,ちがさき丸,茅ヶ崎港,定休日の為、お休み。 Tweet シェア,釣りビジョン
2026/04/25,恒丸,大磯港,今日は仕立出船。皆さんお土産になりました。 Tweet シェア 全 255件 1 2 3 4 5 次 最後 恒丸のニュース ニュース お知らせ 2026年4月の情報 【出船予定】 ・30日(木)…アジ乗合 ・1日(金)…アジ乗合(出確) ・2日(土)…アジ乗合(出確) ・3日(日)…アジ乗合 ・4日(月)…仕立船 ・5日(火)…アジ乗合 ・6日(水)…アジ乗合 ・7日(木)…アジ乗合 【お休み】 ・5月…12日(火)、19日(火)、26日(火)。 恒丸の店舗情報 施設名 恒丸(ツネマル) 電話番号 0463-61-3073 住所 〒255-0003 神奈川県中郡大磯町大磯1310-6 リンク ,釣りビジョン
2026/04/30,長崎屋,横浜本牧港,定休日です。 Tweet シェア,釣りビジョン
2026/04/30,渡辺釣船店,横浜港･新山下,定休日。 Tweet シェア,釣りビジョン
2026/04/30,恒丸,大磯港,今日は出船なしです。 Tweet シェア,釣りビジョン
2026/05/01,つる丸,大原港,予報悪くお休みに…。 Tweet シェア,釣りビジョン
2026/05/01,第三松栄丸,大原港,海況悪い為、出船中止としました。 Tweet シェア,釣りビジョン
2026/05/01,恒丸,大磯港,予報がよくないので出船中止にさせていただきました。 Tweet シェア,釣りビジョン
2026/05/01,洋征丸,小坪港,悪天候の為、休船。 Tweet シェア,釣りビジョン
2026/05/01,長崎屋,横浜本牧港,悪天候のため出船中止しました。 Tweet シェア,釣りビジョン
2026/05/01,渡辺釣船店,横浜港･新山下,荒天予報のため、全船出船中止しました。 Tweet シェア,釣りビジョン
2026/05/01,秀丸,沼津内港,天候不良の為、休業。 Tweet シェア,釣りビジョン
2026/05/01,たいぞう丸,葉山あぶずり港,予報悪く出船中止。 Tweet シェア,釣りビジョン
2026/05/01,幸丸,飯岡港,出船中止しました。 Tweet シェア,釣りビジョン
2026/05/01,福よし丸,鴨居大室港,予報悪く出船中止致しました。 Tweet シェア,釣りビジョン
2026/04/27,福よし丸,鴨居大室港,天候悪く出船しませんでした。 Tweet シェア 全 420件 1 2 3 4 5 次 最後 福よし丸のニュース ニュース お知らせ 2026年5月の情報 ・2日はタチウオとアジのリレーに出船致します。 ・4日よりタチウオとアジのリレー釣りに変更致します。 ・休み…8日、15日、22日、29日。 福よし丸の店舗情報 施設名 福よし丸(フクヨシマル) 電話番号 090-8442-6607 住所 〒239-0813 神奈川県横須賀市鴨居2-74-22 リンク 施設のサイトへ サービス 設備 紹介文 鴨居大室港「福よし丸」です。 アジと旬の魚のリレー釣りが特徴の船宿です。 救命胴衣、貸し道具完備！ ,釣りビジョン
2026/05/02,幸丸,飯岡港,予報が悪い為、全船出船中止しました。 Tweet シェア,釣りビジョン
2026/05/01,勇盛丸,大原港,悪天候の為、中止とさせて頂きました。 Tweet シェア,釣りビジョン
2026/05/04,つる丸,大原港,強風の為、お休みとなりました。 Tweet シェア,釣りビジョン
2026/05/04,第三松栄丸,大原港,予報悪い為、出船中止にしました。 Tweet シェア,釣りビジョン
2026/05/04,恒丸,大磯港,予報がよくないので出船中止にさせていただきました。 Tweet シェア,釣りビジョン
2026/05/04,太郎丸,小坪港,海上予報悪く出船中止となりました。 Tweet シェア,釣りビジョン
2026/05/04,船宿 まる八,平和島,強風予報の為、出船中止とさせていただきました。 Tweet シェア,釣りビジョン
2026/05/04,長崎屋,横浜本牧港,強風予報のため出船中止しました。 Tweet シェア,釣りビジョン
2026/05/04,渡辺釣船店,横浜港･新山下,荒天予報のため、全船出船中止させていただきました。 Tweet シェア,釣りビジョン
2026/05/04,たいぞう丸,葉山あぶずり港,予報悪く出船中止。 Tweet シェア,釣りビジョン
2026/05/04,幸丸,飯岡港,強風予報の為、全船出船中止しました。 Tweet シェア,釣りビジョン
2026/05/04,福よし丸,鴨居大室港,予報悪く出船中止致しました。 Tweet シェア,釣りビジョン
2026/05/04,大春丸,鹿島港,予報が悪い為、鹿島港全船出船中止となりました。 Tweet シェア,釣りビジョン
2026/05/04,平安丸,小田原早川港,強風予報の為出船中止。 Tweet シェア,釣りビジョン
2026/04/27,大春丸,鹿島港,予報が悪い為、鹿島港全船中止となりました。 Tweet シェア 全 514件 1 2 3 4 5 次 最後 大春丸のニュース ニュース お知らせ 2026年5月の情報 【お客様へのお願い】 ・ヤリイカ船…PE3号、オモリ120号、150号シンプルなもの、ヨリ取りリングは禁止、水中ライト禁止、あくまでもシンプルでお願いいたします。サメにオモリごと取られてしまうので仕掛け、オモリは予備は多めにご用意ください!船上でもオモリ・仕掛けは販売しております。 ・オマツリの原因になり他の方に迷惑が掛かかりますので必ず守ってください!また、バッテリーの貸し出しはございませんので各自ご持参ください。 ・投入器は,釣りビジョン
2026/05/07,恒丸,大磯港,今日は出船なしです。 Tweet シェア,釣りビジョン
2026/05/07,太郎丸,小坪港,休船となりました。 Tweet シェア,釣りビジョン
2026/05/07,洋征丸,小坪港,振替定休日。 Tweet シェア,釣りビジョン
2026/05/07,長崎屋,横浜本牧港,定休日です。 Tweet シェア,釣りビジョン
2026/05/07,渡辺釣船店,横浜港･新山下,定休日。 Tweet シェア,釣りビジョン
2026/05/07,たいぞう丸,葉山あぶずり港,定休日。 Tweet シェア,釣りビジョン
2026/05/07,大春丸,鹿島港,船の整備の為、休船とさせて頂きました。 Tweet シェア,釣りビジョン
2026/05/08,恒丸,大磯港,今日も出船なしです。 Tweet シェア,釣りビジョン
2026/05/09,恒丸,大磯港,今日も出船なしです。 Tweet シェア,釣りビジョン
2026/05/05,平安丸,小田原早川港,お休み。 Tweet シェア 全 848件 1 2 3 4 5 次 最後 平安丸のニュース ニュース お知らせ 2026年5月の情報 ・10日(日)…「ムギイカ船」「アコウ船」「LT五目船」出船します。 平安丸の店舗情報 施設名 平安丸(ヘイアンマル) 電話番号 0465-23-2907 住所 〒250-0021 神奈川県小田原市早川1丁目20-2 リンク 施設のサイトへ サービス 設備 紹介文 平安丸では、相模湾がメインの漁場として、季節に応じた魚種の釣りをご案内させていただいております。 船は、毎日3隻体制にて出船しており、大型船なので安心してご利用いただけます。 営業時間 操業に準ずる ,釣りビジョン
2026/05/11,恒丸,大磯港,今日は出船なしです。 Tweet シェア,釣りビジョン
2026/05/07,福よし丸,鴨居大室港,人数がそろわず出船しませんでした。 Tweet シェア 全 426件 1 2 3 4 5 次 最後 福よし丸のニュース ニュース お知らせ 2026年5月の情報 ・4日よりタチウオとアジのリレー釣りに変更致します。 ・休み…15日、22日、29日。 福よし丸の店舗情報 施設名 福よし丸(フクヨシマル) 電話番号 090-8442-6607 住所 〒239-0813 神奈川県横須賀市鴨居2-74-22 リンク 施設のサイトへ サービス 設備 紹介文 鴨居大室港「福よし丸」です。 アジと旬の魚のリレー釣りが特徴の船宿です。 救命胴衣、貸し道具完備！ ビギナーからベテランさんはもちろん 特に女性やお,釣りビジョン
2026/05/12,恒丸,大磯港,定休日。 Tweet シェア,釣りビジョン
2026/05/08,たいぞう丸,葉山あぶずり港,代休でお休み。 Tweet シェア 全 979件 1 2 3 4 5 次 最後 たいぞう丸のニュース ニュース お知らせ 2026年5月の情報 【マルイカ船】 ・13日(水)……満席となりました。 ・14日(木)……予約受付中(空席多数)※出船確定 ・15日(金)……予約受付中(空席多数)※出船確定 ・16日(土)……予約受付中(空席多数)※出船確定 ・17日(日)……予約受付中(空席多数)※出船確定 ※7時出船です。集合時間は6時。土日祝日は駐車場が混みますので5時30分までにお入り下さい。ご予約お待ちしております。 ※水深浅いのでオモリ40号でお願いします。 ※毎朝お声かけしていますが、慣,釣りビジョン
2026/05/12,幸丸,飯岡港,定休日です。 Tweet シェア,釣りビジョン
2026/05/08,福よし丸,鴨居大室港,休み。 Tweet シェア 全 427件 1 2 3 4 5 次 最後 福よし丸のニュース ニュース お知らせ 2026年5月の情報 ・4日よりタチウオとアジのリレー釣りに変更致します。 ・休み…15日、22日、29日。 福よし丸の店舗情報 施設名 福よし丸(フクヨシマル) 電話番号 090-8442-6607 住所 〒239-0813 神奈川県横須賀市鴨居2-74-22 リンク 施設のサイトへ サービス 設備 紹介文 鴨居大室港「福よし丸」です。 アジと旬の魚のリレー釣りが特徴の船宿です。 救命胴衣、貸し道具完備！ ビギナーからベテランさんはもちろん 特に女性やお子様などご家族連れ大歓迎！！,釣りビジョン
2026/05/08,秀丸,沼津内港,早夜ムギイカ、深夜ムギイカ共に中止。 Tweet シェア 全 723件 1 2 3 4 5 次 最後 秀丸のニュース ニュース お知らせ 2026年5月の情報 【出船予定】 ・14日(木)…早夜ムギイカ(空席多数)、深夜ムギイカ(募集中) ・15日(金)…早夜ムギイカ(募集中)、深夜ムギイカ(満席) ・16日(土)…早夜ムギイカ(空席多数)、深夜ムギイカ(空席多数) ・17日(日)…早夜ムギイカ(空席多数)、深夜ムギイカ(空席多数) ・18日(月)…早夜ムギイカ(募集中)、深夜ムギイカ(募集中) ・19日(火)…早夜ムギイカ(募集中)、深夜ムギイカ(募集中) ・20日(水)…早夜ムギイカ(募集,釣りビジョン
2026/05/09,博栄丸,御前崎港,風強く休みにしました。 Tweet シェア 全 508件 1 2 3 4 5 次 最後 博栄丸のニュース ニュース お知らせ 2026年5月の情報 ・まだナギ続きそうで楽しみ!釣れる時に頑張りたい※12日現在 【お知らせ】 ・電話繋がり悪い時は公式LINEまたはメッセージを残しておいて下さい。 【ご案内】 ・機能を把握出てきていなくて返信いままでできていなかったようですが、LINEからの予約も承ります。LINE電話も沖では可です。返信あって初めてご予約となりますのでメッセージに気づき次第返信いたします。個人またはオフィシャルでも。よろしくお願いします。 ・PayPay…5%還元できるようになり,釣りビジョン
2026/05/14,長崎屋,横浜本牧港,定休日。 Tweet シェア,釣りビジョン
2026/05/15,恒丸,大磯港,今日は出船なしです。 Tweet シェア,釣りビジョン
2026/05/14,平安丸,小田原早川港,定休日。 Tweet シェア,釣りビジョン
2026/05/14,渡辺釣船店,横浜港･新山下,定休日。 Tweet シェア,釣りビジョン
2026/05/15,福よし丸,鴨居大室港,都合により休船致しました。 Tweet シェア,釣りビジョン
2026/05/12,福よし丸,鴨居大室港,出漁者なく出船しませんでした。 Tweet シェア 全 430件 1 2 3 4 5 次 最後 福よし丸のニュース ニュース お知らせ 2026年5月の情報 ・4日よりタチウオとアジのリレー釣りに変更致します。 ・休み…22日、29日。 福よし丸の店舗情報 施設名 福よし丸(フクヨシマル) 電話番号 090-8442-6607 住所 〒239-0813 神奈川県横須賀市鴨居2-74-22 リンク 施設のサイトへ サービス 設備 紹介文 鴨居大室港「福よし丸」です。 アジと旬の魚のリレー釣りが特徴の船宿です。 救命胴衣、貸し道具完備！ ビギナーからベテランさんはもちろん 特に女性やお子様などご家
2026/05/13,恒丸,大磯港,今日は仕立船のみの出船、皆さんお土産になりました。 Tweet シェア 全 272件 1 2 3 4 5 次 最後 恒丸のニュース ニュース お知らせ 2026年5月の情報 【出船予定】 ・18日(月)…アジ乗合(出確) ・19日(火)…定休日 ・20日(水)…アジ乗合 ・21日(木)…アジ乗合 ・22日(金)…アジ乗合 ・23日(土)…アジ乗合(出確) ・24日(日)…仕立船 【お休み】 ・19日(火)、26日(火)。 恒丸の店舗情報 施設名 恒丸(ツネマル) 電話番号 0463-61-3073 住所 〒255-0003 神奈川県中郡大磯町大磯1310-6 リンク 施設のサイトへ サービス 
2026/05/18,つる丸,大原港,定休日。 Tweet シェア
2026/05/18,洋征丸,小坪港,定休日。 Tweet シェア
2026/05/18,大春丸,鹿島港,定休日です。 Tweet シェア
2026/05/19,恒丸,大磯港,定休日。 Tweet シェア
2026/05/19,たいぞう丸,葉山あぶずり港,予報悪く出船中止。 Tweet シェア
2026/05/20,恒丸,大磯港,今日は出船なしです。 Tweet シェア
2026/05/16,恒丸,大磯港,今日は仕立船の出船でした。 Tweet シェア 全 275件 1 2 3 4 5 次 最後 恒丸のニュース ニュース お知らせ 2026年5月の情報 【出船予定】 ・21日(木)…予報がよくないので出船中止にさせていただきます。 ・22日(金)…アジ乗合 ・23日(土)…アジ乗合(出確) ・24日(日)…仕立船 ・25日(月)…アジ乗合 【お休み】 ・26日(火)。 恒丸の店舗情報 施設名 恒丸(ツネマル) 電話番号 0463-61-3073 住所 〒255-0003 神奈川県中郡大磯町大磯1310-6 リンク 施設のサイトへ サービス 設備 紹介文 大型快速船3隻。沖の瀬のキンメにも出船。※
2026/05/21,恒丸,大磯港,予報がよくないので出船中止にさせていただきました。 Tweet シェア
2026/05/21,長崎屋,横浜本牧港,定休日です。 Tweet シェア
2026/05/21,渡辺釣船店,横浜港･新山下,定休日。 Tweet シェア
2026/05/21,秀丸,沼津内港,休業。 Tweet シェア
2026/05/21,たいぞう丸,葉山あぶずり港,定休日。 Tweet シェア
2026/05/21,幸丸,飯岡港,強風予報の為、全船出船中止しました。 Tweet シェア
2026/05/22,恒丸,大磯港,今日も出船なしです。 Tweet シェア
2026/05/21,平安丸,小田原早川港,定休日。 Tweet シェア
2026/05/22,長崎屋,横浜本牧港,風雨強い予報もあり出船中止しました。 Tweet シェア
2026/05/22,たいぞう丸,葉山あぶずり港,予報悪く出船中止。 Tweet シェア
2026/05/22,幸丸,飯岡港,強風予報の為、全船出船中止しました。 Tweet シェア
2026/05/22,つる丸,大原港,予報悪く出船中止にしました。 Tweet シェア
2026/05/25,太郎丸,小坪港,定休日。 Tweet シェア
2026/05/26,恒丸,大磯港,定休日。 Tweet シェア
2026/05/22,福よし丸,鴨居大室港,休み。 Tweet シェア 全 438件 1 2 3 4 5 次 最後 福よし丸のニュース ニュース お知らせ 2026年5月の情報 ・休み…29日。 ・6月1日～3日は船体整備の為、休船致します。 福よし丸の店舗情報 施設名 福よし丸(フクヨシマル) 電話番号 090-8442-6607 住所 〒239-0813 神奈川県横須賀市鴨居2-74-22 リンク 施設のサイトへ サービス 設備 紹介文 鴨居大室港「福よし丸」です。 アジと旬の魚のリレー釣りが特徴の船宿です。 救命胴衣、貸し道具完備！ ビギナーからベテランさんはもちろん 特に女性やお子様などご家族連れ大歓迎！！ 判らないことがあれば
2026/05/27,秀丸,沼津内港,休業。 Tweet シェア
2026/05/28,恒丸,大磯港,今日も出船なしでした。 Tweet シェア
2026/05/28,博栄丸,御前崎港,予報悪くお休みしました。 Tweet シェア
2026/05/21,博栄丸,御前崎港,雨風でお休みしました。 Tweet シェア 全 511件 1 2 3 4 5 次 最後 博栄丸のニュース ニュース お知らせ 2026年5月の情報 ・29日(金)…予報悪くお休みします。 【お知らせ】 ・電話繋がり悪い時は公式LINEまたはメッセージを残しておいて下さい。 【ご案内】 ・機能を把握出てきていなくて返信いままでできていなかったようですが、LINEからの予約も承ります。LINE電話も沖では可です。返信あって初めてご予約となりますのでメッセージに気づき次第返信いたします。個人またはオフィシャルでも。よろしくお願いします。 ・PayPay…5%還元できるようになりました。併せて20回に
2026/05/28,長崎屋,横浜本牧港,定休日です。 Tweet シェア
2026/05/28,渡辺釣船店,横浜港･新山下,定休日。 Tweet シェア
2026/05/28,平安丸,小田原早川港,定休日。 Tweet シェア
2026/05/29,博栄丸,御前崎港,予報悪くお休みしました。 Tweet シェア
2026/05/22,博栄丸,御前崎港,"お休みです。 Tweet シェア 全 512件 1 2 3 4 5 次 最後 博栄丸のニュース ニュース お知らせ 2026年5月の情報 【お知らせ】 ・電話繋がり悪い時は公式LINEまたはメッセージを残しておいて下さい。 【ご案内】 ・機能を把握出てきていなくて返信いままでできていなかったようですが、LINEからの予約も承ります。LINE電話も沖では可です。返信あって初めてご予約となりますのでメッセージに気づき次第返信いたします。個人またはオフィシャルでも。よろしくお願いします。 ・PayPay…5%還元できるようになりました。併せて20回に1度1,000円戻るのもです。他auPay、楽天P"
2026/05/25,新幸丸,大原港,メンテナンスの為お休みいたしました。 Tweet シェア 全 603件 1 2 3 4 5 次 最後 新幸丸のニュース ニュース お知らせ 2026年5月の情報 ・31日(日)…空きあります。お電話お待ちしております!! 新幸丸の店舗情報 施設名 新幸丸(シンコウマル) 電話番号 0470-62-1500 住所 〒298-0004 千葉県いすみ市大原10398-21 リンク 施設のサイトへ サービス 設備 紹介文 新幸丸はカブラと1つテンヤで年間マダイ狙いで出船しています。 1つテンヤのスペシャリストの中乗りが親切に指導しますので、初心者の方でも安心して乗船してくださいね。 新幸丸は親子3代マ
2026/05/24,恒丸,大磯港,"今日は仕立船のみの出船でした。 Tweet シェア 全 282件 1 2 3 4 5 次 最後 恒丸のニュース ニュース お知らせ 2026年5月の情報 【出船予定】 ・31日(日)…アジ乗合(出確)。 ・1日(月)…アジ乗合。 ・2日(火)…定休日。 ・3日(水)…アジ乗合。 ・4日(木)…仕立船。 恒丸の店舗情報 施設名 恒丸(ツネマル) 電話番号 0463-61-3073 住所 〒255-0003 神奈川県中郡大磯町大磯1310-6 リンク 施設のサイトへ サービス 設備 紹介文 大型快速船3隻。沖の瀬のキンメにも出船。※ルアー仕立船のみ 営業時間 定休日 毎週火曜日 料金形態 アジ9,"
2026/05/28,洋征丸,小坪港,悪天候予報で休船とさせていただきました。 Tweet シェア
2026/06/01,太郎丸,小坪港,定休日となります。 Tweet シェア
2026/05/28,たいぞう丸,葉山あぶずり港,ご予約無くお休みしました。 Tweet シェア 全 980件 1 2 3 4 5 次 最後 たいぞう丸のニュース ニュース お知らせ 2026年6月の情報 ・2日(火)もマルイカ探してからムギイカ狙う予定です。オモリ50号、60号のご用意お願いします。予報良くなり、台風前のラスト出船です! 【マルイカ船】 ・2日(火)……予約受付中(空席多数)※出船確定 ・3日(水)……予約受付中(空席多数)※出船確定 ・4日(木)……定休日(第1、3、5木曜日) ・5日(金)……予約受付中(空席多数) ・6日(土)……予約受付中(空席多数)※出船確定 ・7日(日)……予約受付中(空席多数)※出船確定 ※7時
2026/06/02,恒丸,大磯港,定休日。 Tweet シェア
2026/06/02,ちがさき丸,茅ヶ崎港,定休日です。 Tweet シェア
2026/06/03,恒丸,大磯港,休船。 Tweet シェア
2026/06/03,船宿 まる八,平和島,台風接近に伴い、出船中止とさせて頂きました。 Tweet シェア
2026/06/03,長崎屋,横浜本牧港,台風接近で出船中止しました。 Tweet シェア
2026/06/03,渡辺釣船店,横浜港･新山下,台風6号接近のため、全船出船中止させていただきました。 Tweet シェア
2026/06/03,秀丸,沼津内港,天候不良の為、休業。 Tweet シェア
2026/06/03,第八幸松丸,沼津静浦,交通機関の乱れが想定されるので、出船中止とさせて頂きました。 Tweet シェア
2026/06/03,たいぞう丸,葉山あぶずり港,台風通過でお休みです。 Tweet シェア
2026/06/03,幸丸,飯岡港,台風の影響で、全船出船中止しました。 Tweet シェア
2026/06/03,福よし丸,鴨居大室港,1日～3日は船体整備の為、休船致しました。 Tweet シェア
2026/05/28,福よし丸,鴨居大室港,出漁者なく出船しませんでした。 Tweet シェア 全 442件 1 2 3 4 5 次 最後 福よし丸の店舗情報 施設名 福よし丸(フクヨシマル) 電話番号 090-8442-6607 住所 〒239-0813 神奈川県横須賀市鴨居2-74-22 リンク 施設のサイトへ サービス 設備 紹介文 鴨居大室港「福よし丸」です。 アジと旬の魚のリレー釣りが特徴の船宿です。 救命胴衣、貸し道具完備！ ビギナーからベテランさんはもちろん 特に女性やお子様などご家族連れ大歓迎！！ 判らないことがあれば何でも聞いて下さい。 親切丁寧にお教えて致しますのでお気軽に遊びに来て下さい。 営業時間 定休日 第2・
2026/06/04,恒丸,大磯港,休船。 Tweet シェア
2026/06/04,博栄丸,御前崎港,台風通過。そして海が落ち着く本日まで一旦お休みしました。 Tweet シェア
2026/06/04,長崎屋,横浜本牧港,定休日。 Tweet シェア
2026/06/04,渡辺釣船店,横浜港･新山下,定休日。 Tweet シェア
2026/06/04,秀丸,沼津内港,休業。 Tweet シェア
2026/06/04,たいぞう丸,葉山あぶずり港,定休日。 Tweet シェア
2026/06/04,幸丸,飯岡港,台風の影響で全船出船中止しました。 Tweet シェア
2026/05/29,福よし丸,鴨居大室港,休み。 Tweet シェア 全 442件 1 2 3 4 5 次 最後 福よし丸の店舗情報 施設名 福よし丸(フクヨシマル) 電話番号 090-8442-6607 住所 〒239-0813 神奈川県横須賀市鴨居2-74-22 リンク 施設のサイトへ サービス 設備 紹介文 鴨居大室港「福よし丸」です。 アジと旬の魚のリレー釣りが特徴の船宿です。 救命胴衣、貸し道具完備！ ビギナーからベテランさんはもちろん 特に女性やお子様などご家族連れ大歓迎！！ 判らないことがあれば何でも聞いて下さい。 親切丁寧にお教えて致しますのでお気軽に遊びに来て下さい。 営業時間 定休日 第2・4・5金曜日 氷 1個サ
2026/06/02,巳之助丸,久比里港,台風接近の為、休船。 Tweet シェア
2026/06/05,恒丸,大磯港,今日も出船なしです。 Tweet シェア
2026/06/03,平安丸,小田原早川港,台風接近の為お休みいたします。 Tweet シェア
2026/06/02,平安丸,小田原早川港,台風接近の為お休みいたします。 Tweet シェア
2026/06/05,信栄丸,波崎港,出船は中止しました。 Tweet シェア
2026/06/03,佐衛美丸,洲崎港,2日、3日は台風の影響でお休みしました。 Tweet シェア
2026/06/05,幸丸,飯岡港,予報が悪い為、全船出船中止しました。 Tweet シェア
2026/06/06,つる丸,大原港,出船中止。 Tweet シェア
2026/06/06,信栄丸,波崎港,出船は中止しました。 Tweet シェア
2026/06/06,恒丸,大磯港,今日も出船なしです。 Tweet シェア
2026/06/08,恒丸,大磯港,予報がよくないので出船中止にさせていただきました。 Tweet シェア
2026/06/08,長崎屋,横浜本牧港,予報悪くキャンセル多数、北東風が強まる予報のため出船中止しました。 Tweet シェア
2026/06/08,信栄丸,波崎港,予報悪く中止。 Tweet シェア
2026/06/08,たいぞう丸,葉山あぶずり港,予報悪く出船中止。 Tweet シェア
2026/06/08,幸丸,飯岡港,全船出船中止しました。 Tweet シェア
2026/06/04,福よし丸,鴨居大室港,出漁者なく出船しませんでした。 Tweet シェア 全 443件 1 2 3 4 5 次 最後 福よし丸の店舗情報 施設名 福よし丸(フクヨシマル) 電話番号 090-8442-6607 住所 〒239-0813 神奈川県横須賀市鴨居2-74-22 リンク 施設のサイトへ サービス 設備 紹介文 鴨居大室港「福よし丸」です。 アジと旬の魚のリレー釣りが特徴の船宿です。 救命胴衣、貸し道具完備！ ビギナーからベテランさんはもちろん 特に女性やお子様などご家族連れ大歓迎！！ 判らないことがあれば何でも聞いて下さい。 親切丁寧にお教えて致しますのでお気軽に遊びに来て下さい。 営業時間 定休日 第2・
2026/06/09,恒丸,大磯港,定休日。 Tweet シェア
2026/06/08,佐衛美丸,洲崎港,予報悪く出船中止しました。 Tweet シェア
2026/06/09,幸丸,飯岡港,定休日です。 Tweet シェア
2026/06/05,つる丸,大原港,1日～5日までお休みとなりました。 Tweet シェア 全 727件 1 2 3 4 5 次 最後 つる丸のニュース ニュース お知らせ 2026年6月の情報 ・これからのマダイ釣りは、もうしばらく沖のポイントで大ダイ狙いで、釣れなくなったら浅場の数釣りマダイが始まる予定です。半年練習を重ねてまた来年のイベントで成果を出しましょう!!※3日現在 【お知らせ】 ・新しいスタッフの紹介です!1月より私の長男が乗ることになりました!今日で釣り4回目でまだまだ初心者です。しばらくご迷惑かける事もあると思いますが、長い目で見ていただけると幸いです。しばらく釣りを覚える為に、釣りをやらせますのでくれぐれも
2026/06/08,洋征丸,小坪港,悪天候予報のため休船とさせて頂きました。 Tweet シェア
2026/06/04,平安丸,小田原早川港,お休み。 Tweet シェア 全 852件 1 2 3 4 5 次 最後 平安丸のニュース ニュース お知らせ 2026年6月の情報 ・11日(木)…定休日 ・12日(金)…「スルメイカ船」「マダイ船」出船します 平安丸の店舗情報 施設名 平安丸(ヘイアンマル) 電話番号 0465-23-2907 住所 〒250-0021 神奈川県小田原市早川1丁目20-2 リンク 施設のサイトへ サービス 設備 紹介文 平安丸では、相模湾がメインの漁場として、季節に応じた魚種の釣りをご案内させていただいております。 船は、毎日3隻体制にて出船しており、大型船なので安心してご利用いただけます。 営業時間 操業
2026/06/09,ちがさき丸,茅ヶ崎港,定休日の為、お休み。 Tweet シェア
2026/06/05,新幸丸,大原港,1日〜5日まで大原港はお休みでした。 Tweet シェア 全 603件 1 2 3 4 5 次 最後 新幸丸のニュース ニュース お知らせ 2026年6月の情報 ・12日(金)も午前マダイで出船します。 新幸丸の店舗情報 施設名 新幸丸(シンコウマル) 電話番号 0470-62-1500 住所 〒298-0004 千葉県いすみ市大原10398-21 リンク 施設のサイトへ サービス 設備 紹介文 新幸丸はカブラと1つテンヤで年間マダイ狙いで出船しています。 1つテンヤのスペシャリストの中乗りが親切に指導しますので、初心者の方でも安心して乗船してくださいね。 新幸丸は親子3代マダイ一筋で頑張って
2026/06/11,長崎屋,横浜本牧港,定休日です。 Tweet シェア
2026/06/11,渡辺釣船店,横浜港･新山下,定休日。 Tweet シェア
2026/06/07,福よし丸,鴨居大室港,出漁者なく出船しませんでした。 Tweet シェア 全 444件 1 2 3 4 5 次 最後 福よし丸の店舗情報 施設名 福よし丸(フクヨシマル) 電話番号 090-8442-6607 住所 〒239-0813 神奈川県横須賀市鴨居2-74-22 リンク 施設のサイトへ サービス 設備 紹介文 鴨居大室港「福よし丸」です。 アジと旬の魚のリレー釣りが特徴の船宿です。 救命胴衣、貸し道具完備！ ビギナーからベテランさんはもちろん 特に女性やお子様などご家族連れ大歓迎！！ 判らないことがあれば何でも聞いて下さい。 親切丁寧にお教えて致しますのでお気軽に遊びに来て下さい。 営業時間 定休日 第2・
2026/06/05,第三松栄丸,大原港,1日〜5日まで大原全船お休みとなりました。 Tweet シェア 全 149件 1 2 3 4 5 次 最後 第三松栄丸の店舗情報 施設名 第三松栄丸(ダイサンマツエイマル) 電話番号 0470-63-0085 住所 〒298-0004 千葉県いすみ市大原 大原港 リンク 施設のサイトへ サービス 設備 紹介文 第三松栄丸では、お客さまに広々と快適に釣りを楽しんでいただきたいと思っております。 そのため船の全長は19mとゆったりとした設計になっています。ヒラメ・イサキ・一つテンヤマダイなど、大原の海なら第三松栄丸におまかせください！下船後軽食あります。 営業時間 定休日 第1・3月曜日（※祝日の
2026/06/11,平安丸,小田原早川港,定休日。 Tweet シェア
2026/06/10,石田丸,大津港,予報悪く、出しませんでした。9時前から北風が強まって来ました。 Tweet シェア
2026/06/07,博栄丸,御前崎港,お休み。 Tweet シェア 全 514件 1 2 3 4 5 次 最後 博栄丸のニュース ニュース お知らせ 2026年6月の情報 ・13日(土)、14日(日)までナギ良し!来週は16日(火)から! 【お知らせ】 ・電話繋がり悪い時は公式LINEまたはメッセージを残しておいて下さい。 【ご案内】 ・機能を把握出てきていなくて返信いままでできていなかったようですが、LINEからの予約も承ります。LINE電話も沖では可です。返信あって初めてご予約となりますのでメッセージに気づき次第返信いたします。個人またはオフィシャルでも。よろしくお願いします。 ・PayPay…5%還元できるようになりました。
2026/06/08,博栄丸,御前崎港,お休み。 Tweet シェア 全 515件 1 2 3 4 5 次 最後 博栄丸のニュース ニュース お知らせ 2026年6月の情報 ・16日(火)、17日(水)はナギがありそう。16日(火)はできれば朝スルメイカやってから金洲五目へ行きたい。※13日現在 【お知らせ】 ・電話繋がり悪い時は公式LINEまたはメッセージを残しておいて下さい。 【ご案内】 ・機能を把握出てきていなくて返信いままでできていなかったようですが、LINEからの予約も承ります。LINE電話も沖では可です。返信あって初めてご予約となりますのでメッセージに気づき次第返信いたします。個人またはオフィシャルでも。よろしくお願いし
2026/06/09,福よし丸,鴨居大室港,出漁者なく出船しませんでした。 Tweet シェア 全 445件 1 2 3 4 5 次 最後 福よし丸の店舗情報 施設名 福よし丸(フクヨシマル) 電話番号 090-8442-6607 住所 〒239-0813 神奈川県横須賀市鴨居2-74-22 リンク 施設のサイトへ サービス 設備 紹介文 鴨居大室港「福よし丸」です。 アジと旬の魚のリレー釣りが特徴の船宿です。 救命胴衣、貸し道具完備！ ビギナーからベテランさんはもちろん 特に女性やお子様などご家族連れ大歓迎！！ 判らないことがあれば何でも聞いて下さい。 親切丁寧にお教えて致しますのでお気軽に遊びに来て下さい。 営業時間 定休日 第2・
2026/06/15,勇盛丸,大原港,定休日。 Tweet シェア
2026/06/15,長崎屋,横浜本牧港,雨と北東風が強まる予報のため出船中止しました。 Tweet シェア
2026/06/16,恒丸,大磯港,定休日。 Tweet シェア
2026/06/09,博栄丸,御前崎港,お休み。 Tweet シェア 全 516件 1 2 3 4 5 次 最後 博栄丸のニュース ニュース お知らせ 2026年6月の情報 ・スルメイカ～金洲五目リレー募集中!だんだん増やしていきたいですが、まだこれからの相談しながらです。都度確認していきます。予定に記載がなければスルメイカはやりません。ご希望あればご予約の際にお問い合わせください。※15日現在 【お知らせ】 ・金洲へ出船中は電波弱く電話はとれないことが多いです。電話繋がり悪い時は公式LINEまたはメッセージを残しておいて下さい。LINEからの予約も承ります。LINE電話も沖では可です。返信あって初めてご予約となりますのでメッセージ
2026/06/15,たいぞう丸,葉山あぶずり港,予報悪く出船中止。 Tweet シェア
2026/06/11,福よし丸,鴨居大室港,出漁者なく出船しませんでした。 Tweet シェア 全 447件 1 2 3 4 5 次 最後 福よし丸の店舗情報 施設名 福よし丸(フクヨシマル) 電話番号 090-8442-6607 住所 〒239-0813 神奈川県横須賀市鴨居2-74-22 リンク 施設のサイトへ サービス 設備 紹介文 鴨居大室港「福よし丸」です。 アジと旬の魚のリレー釣りが特徴の船宿です。 救命胴衣、貸し道具完備！ ビギナーからベテランさんはもちろん 特に女性やお子様などご家族連れ大歓迎！！ 判らないことがあれば何でも聞いて下さい。 親切丁寧にお教えて致しますのでお気軽に遊びに来て下さい。 営業時間 定休日 第2・
2026/06/09,信栄丸,波崎港,【水温】21℃ ライトメヌケ船は犬吠沖水深300～400mでメヌケ0匹。久しぶりにメヌケで出船。潮が流れずで実績のあるポイントを回ってみたが、アタリなくダメ、ダメで撃沈でした。皆さんお疲れ様でした。 Tweet シェア 全 155件 1 2 3 4 5 次 最後 信栄丸のニュース ニュース お知らせ 2026年6月の情報 ・今月初めからご案内のアカムツ釣り情報です。何回か空振りで本命以外の魚種でお茶を濁していた状況でしたが、昨日出船の船はカンネコにて本命を各船ともゲット出来たようです。いよいよカンネコでのアカムツ釣りが本格化しそうです。ご予約お待ちしております。※15日現在 ・ジギング船…リー
2026/06/18,長崎屋,横浜本牧港,定休日です。 Tweet シェア
2026/06/18,渡辺釣船店,横浜港･新山下,定休日。 Tweet シェア
2026/06/18,たいぞう丸,葉山あぶずり港,定休日。 Tweet シェア
2026/06/14,恒丸,大磯港,【波】ナギ 仕立船。 Tweet シェア 全 298件 1 2 3 4 5 次 最後 恒丸のニュース ニュース お知らせ 2026年6月の情報 【出船予定】 ・21日(日)…アジ乗合 ・22日(月)…アジ乗合 ・23日(火)…定休日 ・24日(水)…アジ乗合 ・25日(木)…アジ乗合 ・26日(金)…アジ乗合 ※最近、船のバッテリー電源では使えないリールが多くなりましたので、該当するリールの方は必ずバッテリーをご持参下さい。 恒丸の店舗情報 施設名 恒丸(ツネマル) 電話番号 0463-61-3073 住所 〒255-0003 神奈川県中郡大磯町大磯1310-6 リンク 施設のサイトへ サービ
2026/06/08,海桜丸,由比,お休み。 Tweet シェア 全 180件 1 2 3 4 5 次 最後 海桜丸のニュース ニュース お知らせ 2026年6月の情報 ・20日(土)…キス釣り。予約募集中! ・21日(日)…キス釣り。予約募集中! ・27日(土)…仕立出船。 ・28日(日)…キス釣り。予約募集中! 海桜丸の店舗情報 施設名 海桜丸(カイオウマル) 電話番号 090-1560-0465 住所 〒421-3102 静岡県静岡市清水区由比東山寺580-8 リンク 施設のサイトへ サービス 設備 紹介文 由比港周辺のアマダイ、五目、カワハギ、シロギスで出船しています。 初心者でも気楽にきてください。 営業時間 定休日 
2026/06/16,たいぞう丸,葉山あぶずり港,潮神楽にてお休みしました。 Tweet シェア 全 983件 1 2 3 4 5 次 最後 たいぞう丸のニュース ニュース お知らせ 2026年6月の情報 【マルイカ船】 ・21日(日)……予報悪く出船中止。 ・22日(月)……予約受付中(空席多数)※出船確定 ・23日(火)……予約受付中(空席多数)※出船確定 ・24日(水)……予約受付中(空席多数) ・25日(木)……予約受付中(空席多数) ・26日(金)……予約受付中(空席多数) ・27日(土)……予約受付中(空席多数)※出船確定 ・28日(日)……予約受付中(空席多数)※出船確定 ※7時出船です。集合時間は6時。土日祝日は駐車場が混みま
2026/06/21,勇盛丸,大原港,イサキ&シマアジに出船予定でしたが、出船中止とさせて頂きました。 Tweet シェア
2026/06/21,敷嶋丸,大原港,雨風の為、出船中止にしました。 Tweet シェア
2026/06/21,第三松栄丸,大原港,思った以上の雨と海況悪く出船中止となりました。 Tweet シェア
2026/06/21,洋征丸,小坪港,予報悪く休船。 Tweet シェア
2026/06/21,たいぞう丸,葉山あぶずり港,予報悪く出船中止。 Tweet シェア
2026/06/21,幸丸,飯岡港,予報が悪い為、全船出船中止しました。 Tweet シェア
2026/06/22,福よし丸,鴨居大室港,横須賀市東部漁業協同組合の総会の為、休船致しました。 Tweet シェア
2026/06/21,福よし丸,鴨居大室港,予報悪く出船中止致しました。 Tweet シェア
2026/06/18,福よし丸,鴨居大室港,出漁者なく出船しませんでした。 Tweet シェア 全 450件 1 2 3 4 5 次 最後 福よし丸の店舗情報 施設名 福よし丸(フクヨシマル) 電話番号 090-8442-6607 住所 〒239-0813 神奈川県横須賀市鴨居2-74-22 リンク 施設のサイトへ サービス 設備 紹介文 鴨居大室港「福よし丸」です。 アジと旬の魚のリレー釣りが特徴の船宿です。 救命胴衣、貸し道具完備！ ビギナーからベテランさんはもちろん 特に女性やお子様などご家族連れ大歓迎！！ 判らないことがあれば何でも聞いて下さい。 親切丁寧にお教えて致しますのでお気軽に遊びに来て下さい。 営業時間 定休日 第2・
2026/06/23,恒丸,大磯港,定休日。 Tweet シェア
2026/06/23,信栄丸,波崎港,お客様には集まっていただいたので河口付近まで走りましたが、海況悪く出港中止しました。 Tweet シェア
2026/06/21,信栄丸,波崎港,ジギング船は予報悪く中止しました。 Tweet シェア
2026/06/23,ちがさき丸,茅ヶ崎港,定休日でした。 Tweet シェア
2026/06/17,恒丸,大磯港,今日は出船無しでした。 Tweet シェア 全 300件 1 2 3 4 5 次 最後 恒丸のニュース ニュース お知らせ 2026年6月の情報 【出船予定】 ・25日(木)…アジ乗合 ・26日(金)…アジ乗合 ・27日(土)…仕立船 ・28日(日)…アジ乗合 ・29日(月)…アジ乗合 ・30日(火)…定休日 ・7月1日(水)…アジ乗合 ※最近、船のバッテリー電源では使えないリールが多くなりましたので、該当するリールの方は必ずバッテリーをご持参下さい。 恒丸の店舗情報 施設名 恒丸(ツネマル) 電話番号 0463-61-3073 住所 〒255-0003 神奈川県中郡大磯町大磯1310-6 リ
2026/06/25,明進丸,日立久慈港,本日は予報が悪く出船中止でした。 Tweet シェア
2026/06/25,長崎屋,横浜本牧港,定休日です。 Tweet シェア
2026/06/25,渡辺釣船店,横浜港･新山下,定休日。 Tweet シェア
2026/06/25,たいぞう丸,葉山あぶずり港,予報悪く出船中止。 Tweet シェア
2026/06/25,福よし丸,鴨居大室港,臨時休業致しました。 Tweet シェア
2026/06/25,つる丸,大原港,出船中止になりました。 Tweet シェア
2026/06/26,洋征丸,小坪港,風予報の為、休船とさせて頂きました。 Tweet シェア
2026/06/25,平安丸,小田原早川港,定休日。 Tweet シェア
2026/06/26,弘漁丸,日立久慈港,本日は出船中止にします。 Tweet シェア
2026/06/26,長崎屋,横浜本牧港,前線と台風の影響で出船中止しました。 Tweet シェア
2026/06/26,渡辺釣船店,横浜港･新山下,台風7号接近のため安全第一をとり、全船出船中止とさせていただきました。 Tweet シェア
2026/06/26,幸丸,飯岡港,台風影響の為、全船出船中止しました。 Tweet シェア
2026/06/26,幸栄丸,鹿島港,予報悪く中止。 Tweet シェア
2026/06/27,つる丸,大原港,台風でお休みしました。 Tweet シェア
2026/06/27,恒丸,大磯港,出船中止です。 Tweet シェア
2026/06/27,船宿 まる八,平和島,台風接近の為、出船中止とさせていただきました。 Tweet シェア
2026/06/27,長崎屋,横浜本牧港,前線と台風の影響で出船中止しました。 Tweet シェア
2026/06/27,渡辺釣船店,横浜港･新山下,台風7号、8号接近のため、全船出船中止させて頂きました。 Tweet シェア
2026/06/27,海桜丸,由比,出船中止しました。 Tweet シェア
2026/06/27,ちがさき丸,茅ヶ崎港,台風でおやすみです。 Tweet シェア
2026/06/27,幸丸,飯岡港,台風影響の為、全船出船中止しました。 Tweet シェア
2026/06/27,福よし丸,鴨居大室港,台風接近の為、出船中止致しました。 Tweet シェア
2026/06/28,つる丸,大原港,出船中止。 Tweet シェア
2026/06/27,三喜丸釣船店,小柴港,台風接近の為に休ませて頂きました。 Tweet シェア
2026/06/27,平安丸,小田原早川港,台風接近の為出船を中止しました。 Tweet シェア
2026/06/28,幸丸,飯岡港,台風影響の為、全船出船中止しました。 Tweet シェア
2026/06/24,恒丸,大磯港,今日は出船無しです。 Tweet シェア 全 304件 1 2 3 4 5 次 最後 恒丸のニュース ニュース お知らせ 2026年6月の情報 【出船予定】 ・30日(火)…定休日 ・7月1日(水)～5日(日)…アジ乗合 ※最近、船のバッテリー電源では使えないリールが多くなりましたので、該当するリールの方は必ずバッテリーをご持参下さい。 恒丸の店舗情報 施設名 恒丸(ツネマル) 電話番号 0463-61-3073 住所 〒255-0003 神奈川県中郡大磯町大磯1310-6 リンク 施設のサイトへ サービス 設備 紹介文 大型快速船3隻。沖の瀬のキンメにも出船。※ルアー仕立船のみ 営業時間 定
2026/06/28,海桜丸,由比,出船中止しました。 Tweet シェア
2026/06/24,福よし丸,鴨居大室港,出漁者なく出船しませんでした。 Tweet シェア 全 454件 1 2 3 4 5 次 最後 福よし丸の店舗情報 施設名 福よし丸(フクヨシマル) 電話番号 090-8442-6607 住所 〒239-0813 神奈川県横須賀市鴨居2-74-22 リンク 施設のサイトへ サービス 設備 紹介文 鴨居大室港「福よし丸」です。 アジと旬の魚のリレー釣りが特徴の船宿です。 救命胴衣、貸し道具完備！ ビギナーからベテランさんはもちろん 特に女性やお子様などご家族連れ大歓迎！！ 判らないことがあれば何でも聞いて下さい。 親切丁寧にお教えて致しますのでお気軽に遊びに来て下さい。 営業時間 定休日 第2・
2026/06/30,恒丸,大磯港,定休日。 Tweet シェア
2026/06/25,恒丸,大磯港,今日も出船無しです。 Tweet シェア 全 305件 1 2 3 4 5 次 最後 恒丸のニュース ニュース お知らせ 2026年7月の情報 【出船予定】 ・1日(水)～3日(金)…アジ乗合 ・4日(土)…アジ乗合(出確) ・5日(日)…アジ乗合 ※最近、船のバッテリー電源では使えないリールが多くなりましたので、該当するリールの方は必ずバッテリーをご持参下さい。 恒丸の店舗情報 施設名 恒丸(ツネマル) 電話番号 0463-61-3073 住所 〒255-0003 神奈川県中郡大磯町大磯1310-6 リンク 施設のサイトへ サービス 設備 紹介文 大型快速船3隻。沖の瀬のキンメにも出船。※ル
2026/06/30,ちがさき丸,茅ヶ崎港,定休日。 Tweet シェア
2026/06/26,恒丸,大磯港,今日も出船無しです。 Tweet シェア 全 306件 1 2 3 4 5 次 最後 恒丸のニュース ニュース お知らせ 2026年7月の情報 【出船予定】 ・2日(木)…アジ乗合 ・3日(金)…アジ乗合 ・4日(土)…アジ乗合(出確) ・5日(日)…アジ乗合 ・6日(月)…アジ乗合 ・7日(火)…定休日 ・8日(水)…アジ乗合 ※最近、船のバッテリー電源では使えないリールが多くなりましたので、該当するリールの方は必ずバッテリーをご持参下さい。 恒丸の店舗情報 施設名 恒丸(ツネマル) 電話番号 0463-61-3073 住所 〒255-0003 神奈川県中郡大磯町大磯1310-6 リンク 施
2026/06/30,秀丸,沼津内港,15日～30日は船体整備の為、休業。 Tweet シェア
2026/06/27,小柴丸,金沢八景,中止。 Tweet シェア 全 678件 1 2 3 4 5 次 最後 小柴丸のニュース ニュース お知らせ 2026年7月の情報 ・アジ船、イシモチ船、シロギス船、マダコ船、仕立船、受付中。 小柴丸の店舗情報 施設名 小柴丸(コシバマル) 電話番号 045-701-5002 住所 〒236-0027 神奈川県横浜市金沢区瀬戸7-3 リンク 施設のサイトへ サービス 設備 紹介文 乗合は約35名乗船可が2隻。 各船共にトイレは男女で3ヶ所。キャビンは前後に2ヵ所。 船体カラーはクリーム色です。 魚の釣り方や血抜き方などは船でドンドン聞いてください。 釣りが初めての方にも楽しんもらえるように、わ
2026/07/02,洋征丸,小坪港,悪天候予報の為休船とさせていただきました。 Tweet シェア
2026/07/02,明進丸,日立久慈港,悪天候の為、出船中止とさせて頂きました。 Tweet シェア
2026/07/02,長崎屋,横浜本牧港,定休日です。 Tweet シェア
2026/07/02,渡辺釣船店,横浜港･新山下,定休日。 Tweet シェア
2026/07/02,たいぞう丸,葉山あぶずり港,定休日。 Tweet シェア
2026/06/28,福よし丸,鴨居大室港,出漁者なく出船しませんでした。 Tweet シェア 全 456件 1 2 3 4 5 次 最後 福よし丸の店舗情報 施設名 福よし丸(フクヨシマル) 電話番号 090-8442-6607 住所 〒239-0813 神奈川県横須賀市鴨居2-74-22 リンク 施設のサイトへ サービス 設備 紹介文 鴨居大室港「福よし丸」です。 アジと旬の魚のリレー釣りが特徴の船宿です。 救命胴衣、貸し道具完備！ ビギナーからベテランさんはもちろん 特に女性やお子様などご家族連れ大歓迎！！ 判らないことがあれば何でも聞いて下さい。 親切丁寧にお教えて致しますのでお気軽に遊びに来て下さい。 営業時間 定休日 第2・
2026/06/29,恒丸,大磯港,今日は出船無しです。 Tweet シェア 全 308件 1 2 3 4 5 次 最後 恒丸のニュース ニュース お知らせ 2026年7月の情報 【出船予定】 ・4日(土)…アジ乗合(出確)。 ・5日(日)…アジ乗合。 ・6日(月)…アジ乗合。 ・7日(火)…定休日。 ・8日(水)…アジ乗合(出確)。 ・9日(木)～12日(日)…仕立船。 ※最近、船のバッテリー電源では使えないリールが多くなりましたので、該当するリールの方は必ずバッテリーをご持参下さい。 【7月のお休み】 ・7日(火)、14日(火)、18日(土)、19日(日)、20(月)、21日(火)、28日(火)。 恒丸の店舗情報 施設名 恒
2026/07/02,佐衛美丸,洲崎港,予報悪く出船中止しました。 Tweet シェア
2026/06/29,福よし丸,鴨居大室港,本日も出漁者なく出船しませんでした。 Tweet シェア 全 457件 1 2 3 4 5 次 最後 福よし丸の店舗情報 施設名 福よし丸(フクヨシマル) 電話番号 090-8442-6607 住所 〒239-0813 神奈川県横須賀市鴨居2-74-22 リンク 施設のサイトへ サービス 設備 紹介文 鴨居大室港「福よし丸」です。 アジと旬の魚のリレー釣りが特徴の船宿です。 救命胴衣、貸し道具完備！ ビギナーからベテランさんはもちろん 特に女性やお子様などご家族連れ大歓迎！！ 判らないことがあれば何でも聞いて下さい。 親切丁寧にお教えて致しますのでお気軽に遊びに来て下さい。 営業時間 定休日 
2026/06/30,福よし丸,鴨居大室港,またまた出漁者なく出船しませんでした。 Tweet シェア 全 458件 1 2 3 4 5 次 最後 福よし丸の店舗情報 施設名 福よし丸(フクヨシマル) 電話番号 090-8442-6607 住所 〒239-0813 神奈川県横須賀市鴨居2-74-22 リンク 施設のサイトへ サービス 設備 紹介文 鴨居大室港「福よし丸」です。 アジと旬の魚のリレー釣りが特徴の船宿です。 救命胴衣、貸し道具完備！ ビギナーからベテランさんはもちろん 特に女性やお子様などご家族連れ大歓迎！！ 判らないことがあれば何でも聞いて下さい。 親切丁寧にお教えて致しますのでお気軽に遊びに来て下さい。 営業時間 定休日
2026/07/01,恒丸,大磯港,今日は出船無しです。 Tweet シェア 全 310件 1 2 3 4 5 次 最後 恒丸のニュース ニュース お知らせ 2026年7月の情報 【出船予定】 ・6日(月)…アジ乗合。 ・7日(火)…定休日。 ・8日(水)…アジ乗合(出確)。 ・9日(木)～12日(日)…仕立船。 ※最近、船のバッテリー電源では使えないリールが多くなりましたので、該当するリールの方は必ずバッテリーをご持参下さい。 【7月のお休み】 ・7日(火)、14日(火)、18日(土)、19日(日)、20(月)、21日(火)、28日(火)。 恒丸の店舗情報 施設名 恒丸(ツネマル) 電話番号 0463-61-3073 住所 〒
2026/07/06,洋征丸,小坪港,定休日。 Tweet シェア
2026/07/02,平安丸,小田原早川港,お休みです。 Tweet シェア 全 853件 1 2 3 4 5 次 最後 平安丸のニュース ニュース お知らせ 2026年7月の情報 ・7日(火)…「LT五目船」出船します。 平安丸の店舗情報 施設名 平安丸(ヘイアンマル) 電話番号 0465-23-2907 住所 〒250-0021 神奈川県小田原市早川1丁目20-2 リンク 施設のサイトへ サービス 設備 紹介文 平安丸では、相模湾がメインの漁場として、季節に応じた魚種の釣りをご案内させていただいております。 船は、毎日3隻体制にて出船しており、大型船なので安心してご利用いただけます。 営業時間 操業に準ずる 定休日 第2・3・4木曜
2026/07/02,福よし丸,鴨居大室港,出漁者なく出船しませんでした。 Tweet シェア 全 458件 1 2 3 4 5 次 最後 福よし丸の店舗情報 施設名 福よし丸(フクヨシマル) 電話番号 090-8442-6607 住所 〒239-0813 神奈川県横須賀市鴨居2-74-22 リンク 施設のサイトへ サービス 設備 紹介文 鴨居大室港「福よし丸」です。 アジと旬の魚のリレー釣りが特徴の船宿です。 救命胴衣、貸し道具完備！ ビギナーからベテランさんはもちろん 特に女性やお子様などご家族連れ大歓迎！！ 判らないことがあれば何でも聞いて下さい。 親切丁寧にお教えて致しますのでお気軽に遊びに来て下さい。 営業時間 定休日 第2・
2026/07/06,第三松栄丸,大原港,定休日。 Tweet シェア
2026/07/07,恒丸,大磯港,定休日。 Tweet シェア
2026/07/02,恒丸,大磯港,今日も出船無しです。 Tweet シェア 全 311件 1 2 3 4 5 次 最後 恒丸のニュース ニュース お知らせ 2026年7月の情報 【出船予定】 ・8日(水)…アジ乗合(出確)。 ・9日(木)～12日(日)…仕立船。 ※最近、船のバッテリー電源では使えないリールが多くなりましたので、該当するリールの方は必ずバッテリーをご持参下さい。 【7月のお休み】 ・7日(火)、14日(火)、18日(土)、19日(日)、20(月)、21日(火)、28日(火)。 恒丸の店舗情報 施設名 恒丸(ツネマル) 電話番号 0463-61-3073 住所 〒255-0003 神奈川県中郡大磯町大磯1310-
2026/07/07,秀丸,沼津内港,休業。 Tweet シェア
2026/07/09,平安丸,小田原早川港,定休日。 Tweet シェア
2026/07/09,長崎屋,横浜本牧港,定休日です。 Tweet シェア
2026/07/09,渡辺釣船店,横浜港･新山下,定休日。 Tweet シェア
2026/07/10,太郎丸,小坪港,6日～10日は船体設備のため休船しました。 Tweet シェア
2026/07/12,洋征丸,小坪港,祭礼のため休船となりました。 Tweet シェア
2026/07/02,博栄丸,御前崎港,雨風休み。 Tweet シェア 全 515件 1 2 3 4 5 次 最後 博栄丸のニュース ニュース お知らせ 2026年7月の情報 ・しばらく遠くの台風のウネリは入るものの、沖は関係なくナギ良くでられるかなと思います。※8日現在 ※金洲は電波悪く電話は拾えないので、公式LINE、もしくはメッセージを残しておいてください。衛星通信を緊急連絡用として入れてあるのでネット環境はあります。 ・まだスルメイカもシーズン始まったばかり!!釣りものも増えて金洲の五目と含めてまだまだ楽しみ!カツオが回ってくるまでは金洲五目、泳がせ+スルメイカでやっていきます。 【お知らせ】 ・金洲へ出船中は電波弱く電話は
2026/07/14,恒丸,大磯港,定休日です。 Tweet シェア
2026/07/09,恒丸,大磯港,仕立船でした。 Tweet シェア 全 317件 1 2 3 4 5 次 最後 恒丸のニュース ニュース お知らせ 2026年7月の情報 【出船予定】 ・15日(水)…休船 ・16日(木)、17日(金)…アジ乗合 ・18日(土)～20日(月)…休船 ・21日(火)…定休日 ※春のにごり潮になってきましたのでアオイソメをご持参ください。 ※最近、船のバッテリー電源では使えないリールが多くなりましたので、該当するリールの方は必ずバッテリーをご持参下さい。 【7月のお休み】 ・18日(土)、19日(日)、20(月)、21日(火)、28日(火)。 恒丸の店舗情報 施設名 恒丸(ツネマル) 電話番号 0
2026/07/14,幸丸,飯岡港,定休日です。 Tweet シェア
2026/07/16,渡辺釣船店,横浜港･新山下,定休日。 Tweet シェア
2026/07/16,たいぞう丸,葉山あぶずり港,定休日。 Tweet シェア
2026/07/13,恒丸,大磯港,今日は出船無しでした。 Tweet シェア 全 320件 1 2 3 4 5 次 最後 恒丸のニュース ニュース お知らせ 2026年7月の情報 【出船予定】 ・18日(土)～20日(月)…休船 ・21日(火)…定休日 ・22日(水)、23日(木)…アジ乗合 ※春のにごり潮になってきましたのでアオイソメをご持参ください。 ※最近、船のバッテリー電源では使えないリールが多くなりましたので、該当するリールの方は必ずバッテリーをご持参下さい。 【7月のお休み】 ・18日(土)、19日(日)、20(月)、21日(火)、28日(火)。 恒丸の店舗情報 施設名 恒丸(ツネマル) 電話番号 0463-61-
2026/07/17,洋征丸,小坪港,都合により休船。 Tweet シェア
2026/07/16,平安丸,小田原早川港,定休日。 Tweet シェア
2026/07/16,長崎屋,横浜本牧港,定休日。 Tweet シェア
2026/07/08,佐衛美丸,洲崎港,定休日です。 Tweet シェア
2026/07/13,福よし丸,鴨居大室港,出漁者なく出船しませんでした。 Tweet シェア 全 462件 1 2 3 4 5 次 最後 福よし丸の店舗情報 施設名 福よし丸(フクヨシマル) 電話番号 090-8442-6607 住所 〒239-0813 神奈川県横須賀市鴨居2-74-22 リンク 施設のサイトへ サービス 設備 紹介文 鴨居大室港「福よし丸」です。 アジと旬の魚のリレー釣りが特徴の船宿です。 救命胴衣、貸し道具完備！ ビギナーからベテランさんはもちろん 特に女性やお子様などご家族連れ大歓迎！！ 判らないことがあれば何でも聞いて下さい。 親切丁寧にお教えて致しますのでお気軽に遊びに来て下さい。 営業時間 定休日 第2・
2026/07/13,博栄丸,御前崎港,風が強い予報でお休みでした。 Tweet シェア 全 517件 1 2 3 4 5 次 最後 博栄丸のニュース ニュース お知らせ 2026年7月の情報 ・しばらくまだナギあり。21日(火)、22日(水)あたり空き多くあります。募集中!基本、記載なくてもしばらくスルメイカ～金洲五目リレーです。※19日現在 ・スルメイカ釣り…オモリ150号にしています。プラヅノ14cm、18cm、ブランコ、直結、直ブラと仕掛けもあります。初めてで分からない方は14cmブランコ、少し慣れた人は直ブラか直結に挑戦…竿や自分の腕、これからの意気込みで挑戦してみてください。 ・カツオが釣れるようになるまではスルメイカ～
2026/07/16,恒丸,大磯港,今日は出船無しでした。 Tweet シェア 全 323件 1 2 3 4 5 次 最後 恒丸のニュース ニュース お知らせ 2026年7月の情報 【出船予定】 ・21日(火)…定休日 ・22日(水)、23日(木)…アジ乗合 ※最近、船のバッテリー電源では使えないリールが多くなりましたので、該当するリールの方は必ずバッテリーをご持参下さい。 【7月のお休み】 ・21日(火)、28日(火)。 恒丸の店舗情報 施設名 恒丸(ツネマル) 電話番号 0463-61-3073 住所 〒255-0003 神奈川県中郡大磯町大磯1310-6 リンク 施設のサイトへ サービス 設備 紹介文 大型快速船3隻。沖の
2026/07/16,福よし丸,鴨居大室港,出漁者なく出船しませんでした。 Tweet シェア 全 465件 1 2 3 4 5 次 最後 福よし丸のニュース ニュース お知らせ 2026年7月の情報 ・26日は祭礼の為臨時休業致します。 福よし丸の店舗情報 施設名 福よし丸(フクヨシマル) 電話番号 090-8442-6607 住所 〒239-0813 神奈川県横須賀市鴨居2-74-22 リンク 施設のサイトへ サービス 設備 紹介文 鴨居大室港「福よし丸」です。 アジと旬の魚のリレー釣りが特徴の船宿です。 救命胴衣、貸し道具完備！ ビギナーからベテランさんはもちろん 特に女性やお子様などご家族連れ大歓迎！！ 判らないことがあれば何で
2026/07/21,第三松栄丸,大原港,定休日。 Tweet シェア
2026/07/17,恒丸,大磯港,今日は出船無しです。 Tweet シェア 全 324件 1 2 3 4 5 次 最後 恒丸のニュース ニュース お知らせ 2026年7月の情報 【出船予定】 ・22日(水)…アジ乗合 ・23日(木)…アジ乗合(出確) ・24日(金)…仕立船 ・25日(土)…アジ乗合(出確) ・26日(日)…仕立船 ・27日(月)…アジ乗合 ※最近、船のバッテリー電源では使えないリールが多くなりましたので、該当するリールの方は必ずバッテリーをご持参下さい。 【7月のお休み】 ・28日(火)。 恒丸の店舗情報 施設名 恒丸(ツネマル) 電話番号 0463-61-3073 住所 〒255-0003 神奈川県中郡大磯
2026/07/21,洋征丸,小坪港,振替定休日。 Tweet シェア
2026/07/18,恒丸,大磯港,お休みです。 Tweet シェア 全 325件 1 2 3 4 5 次 最後 恒丸のニュース ニュース お知らせ 2026年7月の情報 【出船予定】 ・23日(木)…アジ乗合(出確)空席多数 ・24日(金)…仕立船 ・25日(土)…アジ乗合(出確)空席多数 ・26日(日)…仕立船 ・27日(月)…アジ乗合 ※最近、船のバッテリー電源では使えないリールが多くなりましたので、該当するリールの方は必ずバッテリーをご持参下さい。 【7月のお休み】 ・28日(火)。 恒丸の店舗情報 施設名 恒丸(ツネマル) 電話番号 0463-61-3073 住所 〒255-0003 神奈川県中郡大磯町大磯1310-6
2026/07/19,恒丸,大磯港,お休みです。 Tweet シェア 全 326件 1 2 3 4 5 次 最後 恒丸のニュース ニュース お知らせ 2026年7月の情報 ・キハダ・カツオ乗合(6:00出船)…8月1日(土)よりスタート!予約お願いします。 【出船予定】 ・24日(金)…仕立船 ・25日(土)…アジ乗合(出確)空席多数 ・26日(日)…仕立船 ・27日(月)…アジ乗合 ・28日(火)…定休日 ・29日(水)…アジ乗合 ・30日(木)…アジ乗合 ・31日(金)…アジ乗合 ・1日(土)…キハダ・カツオ乗合 ・2日(日)…キハダ・カツオ乗合 ※最近、船のバッテリー電源では使えないリールが多くなりましたので、該当するリー
2026/07/13,明進丸,日立久慈港,本日は沖合風の予報だった為、中止となりました。 Tweet シェア 全 155件 1 2 3 4 5 次 最後 明進丸のニュース ニュース お知らせ 2026年7月の情報 【出船予定】 ・24日…イシナギ ・25日…イシナギ ・26日…イシナギ ・27日、28日…船のメンテナンスの為お休みします ・29日…募集中 ・30日…大杉神社例祭の為、お休み ・31日…沖メバル ・1日…中深場五目 ・2日…イシナギ ・3日…募集中 ・4日…募集中 ・5日…カサゴ根魚五目 ・6日…募集中 ・7日…イシナギ ・8日…イシナギ釣り教室 ・9日…イシナギ ※7月はイシナギメインで、アマダイもしくは、沖メバル、希
2026/07/23,長崎屋,横浜本牧港,定休日です。 Tweet シェア
2026/07/23,渡辺釣船店,横浜港･新山下,定休日。 Tweet シェア
2026/07/23,秀丸,沼津内港,休業。 Tweet シェア
2026/07/20,恒丸,大磯港,お休みです。 Tweet シェア 全 327件 1 2 3 4 5 次 最後 恒丸のニュース ニュース お知らせ 2026年7月の情報 ・キハダ・カツオ乗合(6:00出船)…8月1日(土)よりスタート!予約お願いします。 【出船予定】 ・24日(金)…仕立船 ・25日(土)…アジ乗合(出確)空席多数 ・26日(日)…仕立船 ・27日(月)…アジ乗合 ・28日(火)…定休日 ・29日(水)…アジ乗合 ・30日(木)…アジ乗合 ・31日(金)…アジ乗合 ・1日(土)…キハダ・カツオ乗合 ・2日(日)…キハダ・カツオ乗合 ※最近、船のバッテリー電源では使えないリールが多くなりましたので、該当するリー
2026/07/23,平安丸,小田原早川港,定休日。 Tweet シェア
2026/07/20,日正丸,日立久慈港,"公休日の為、お休みでした。 Tweet シェア 全 584件 1 2 3 4 5 次 最後 日正丸のニュース ニュース お知らせ 2026年7月の情報 ・25日(土)、26日(日)まだ空きあります!タイラバ、ジグ仕様OK! 【お知らせ】 ・大エビ入荷しました!!初めての方へのレクチャーはもちろん、レンタルタックルも人数分ご用意あります。家族、子供、女性も大歓迎です。貸竿もあるので手ぶらでもOKです!是非お待ちしています。ご予約お待ちしております。 ・竿頭ステッカー配布開始!! ・テンヤマダイ船…集合時間:午前5時30分。ジグOK、タイラバOK。料金:12,000円(税込)餌エビ、氷、昼食ポイン"
2026/07/21,恒丸,大磯港,お休みです。 Tweet シェア 全 328件 1 2 3 4 5 次 最後 恒丸のニュース ニュース お知らせ 2026年7月の情報 ・キハダ・カツオ乗合(6:00出船)…8月1日(土)よりスタート!予約お願いします。 【出船予定】 ・26日(日)…仕立船 ・27日(月)…アジ乗合 ・28日(火)…定休日 ・29日(水)…アジ乗合 ・30日(木)…アジ乗合 ・31日(金)…アジ乗合 ・1日(土)…キハダ・カツオ乗合(出確) ・2日(日)…キハダ・カツオ乗合 ※最近、船のバッテリー電源では使えないリールが多くなりましたので、該当するリールの方は必ずバッテリーをご持参下さい。 【7月のお休み】 
2026/07/21,日正丸,日立久慈港,"公休日の為、お休みでした。 Tweet シェア 全 585件 1 2 3 4 5 次 最後 日正丸のニュース ニュース お知らせ 2026年7月の情報 ・26日(日)まだ空きあります!タイラバ、ジグ仕様OK! 【お知らせ】 ・大エビ入荷しました!!初めての方へのレクチャーはもちろん、レンタルタックルも人数分ご用意あります。家族、子供、女性も大歓迎です。貸竿もあるので手ぶらでもOKです!是非お待ちしています。ご予約お待ちしております。 ・竿頭ステッカー配布開始!! ・テンヤマダイ船…集合時間:午前5時30分。ジグOK、タイラバOK。料金:12,000円(税込)餌エビ、氷、昼食ポイント付き。女性・"
2026/07/22,恒丸,大磯港,今日は出船無しです。 Tweet シェア 全 329件 1 2 3 4 5 次 最後 恒丸のニュース ニュース お知らせ 2026年7月の情報 ・キハダ・カツオ乗合(6:00出船)…8月1日(土)よりスタート!予約お願いします。 【出船予定】 ・27日(月)…アジ乗合 ・28日(火)…定休日 ・29日(水)…アジ乗合 ・30日(木)…アジ乗合 ・31日(金)…アジ乗合 ・1日(土)…キハダ・カツオ乗合(出確) ・2日(日)…キハダ・カツオ乗合 ※最近、船のバッテリー電源では使えないリールが多くなりましたので、該当するリールの方は必ずバッテリーをご持参下さい。 【7月のお休み】 ・28日(火)。
2026/07/26,福よし丸,鴨居大室港,祭礼の為、臨時休業致しました。 Tweet シェア
2026/07/24,つる丸,大原港,午後マダイ釣りは北から南まで色々やったけど全くアタらず、型程度で終わってしまいました。 Tweet シェア 全 731件 1 2 3 4 5 次 最後 つる丸のニュース ニュース お知らせ 2026年7月の情報 ・シマアジ…29日(水)～8月2日(日)は満員ですが、8月3日(月)～の平日はまだ空きあります。※27日現在 ・初心者のお客様は午後マダイ釣りがオススメです。 【お知らせ】 ・イサキ釣り…9月いっぱいになります。7月中は満員御礼。8月の平日はまだ空きありますのでよろしくお願いします。人数限定してますのでご予約はお早めにどうぞ。直前のキャンセルはキャンセル料いただきますので、ご承知の上ご
2026/07/28,恒丸,大磯港,定休日です。 Tweet シェア
2026/07/28,秀丸,沼津内港,休業。 Tweet シェア
2026/07/26,信栄丸,波崎港,地元祭礼で臨時休業となりました。 Tweet シェア
2026/07/28,信栄丸,波崎港,お客様集まらず出船中止しました。 Tweet シェア
2026/07/22,信栄丸,波崎港,お客様纏まらず出船しませんでした。 Tweet シェア 全 181件 1 2 3 4 5 次 最後 信栄丸のニュース ニュース お知らせ 2026年7月の情報 ・出船は30日からのアカムツ船です。 ・カツオ・マグロ船…波崎カンネコ沖でカツオ・マグロの模様が出ました。カツオタックル、キハダタックルを用意してください。4時集合でお願いします。ご予約お待ちしています。 ・ジギング船…リールの番手は大きいものでお願いします。ベイトリールも小さいやつは巻けませんよ。チャンスがあればキャスティングもしますのでジグは200g以上で!持っている方はキャスティングの用意もお願いします! 信栄丸の店舗情報 施設名
2026/07/30,長崎屋,横浜本牧港,定休日です。 Tweet シェア
2026/07/30,渡辺釣船店,横浜港･新山下,定休日。 Tweet シェア
2026/07/23,信栄丸,波崎港,【水温】22℃ カツオ・マグロ船。カツオ・マグロ0匹。今季初出船でしたが、潮が変わったみたく模様の水温が見つからず大苦戦。確認は出来なかったが遠目で単発の飛沫だけは見えました。次回の水温好転に期待します Tweet シェア 全 182件 1 2 3 4 5 次 最後 信栄丸のニュース ニュース お知らせ 2026年7月の情報 ・カツオ・マグロ船…波崎カンネコ沖でカツオ・マグロの模様が出ました。カツオタックル、キハダタックルを用意してください。4時集合でお願いします。ご予約お待ちしています。 ・ジギング船…リールの番手は大きいものでお願いします。ベイトリールも小さいやつは巻けませんよ。チャンスが
2026/07/26,恒丸,大磯港,今日は仕立船でした。 Tweet シェア 全 333件 1 2 3 4 5 次 最後 恒丸のニュース ニュース お知らせ 2026年8月の情報 ・キハダ・カツオ乗合(6:00出船)…1日(土)よりスタート!予約お願いします。 【出船予定】 ・1日(土)…キハダ・カツオ乗合(出確) ・2日(日)…キハダ・カツオ乗合 ・3日(月)…キハダ・カツオ乗合 ・4日(火)…定休日 ・5日(水)…キハダ・カツオ乗合 ・6日(木)…キハダ・カツオ乗合 ※最近、船のバッテリー電源では使えないリールが多くなりましたので、該当するリールの方は必ずバッテリーをご持参下さい。 ・今月の休み…4日(火)、16(日)、18
2026/07/27,さえむ丸,金谷港,25日～27日は祭礼の為、お休みしました。 Tweet シェア 全 563件 1 2 3 4 5 次 最後 さえむ丸のニュース ニュース お知らせ 2026年8月の情報 ・14日(金)～16日(日)はお盆休みです。 ・乗合カマス～マアジのリレー船…出船5時、予約制。 【料金案内】 ・前日と当日のキャンセル、ドタキャンはキャンセル料が発生します。 ※仕立船はお電話でご確認下さい。 さえむ丸の店舗情報 施設名 さえむ丸(サエムマル) 電話番号 0439-69-2930 住所 〒299-1861 千葉県富津市金谷4153-1 リンク 施設のサイトへ サービス 設備 紹介文 年間を通して、アオリイカ、
2026/07/27,勘次郎丸,金谷港,24日～27日はお休みになりました。 Tweet シェア 全 522件 1 2 3 4 5 次 最後 勘次郎丸のニュース ニュース お知らせ 2026年の情報 【おしらせ】 ・カマス…7月28日からカマス初めました!出船時間5時になります。4時集合、受付けしてください。お待ちしてます。 ・深場に行きます。電動リールをお願いします。電動がある方は持ってきてください。 勘次郎丸の店舗情報 施設名 勘次郎丸(カンジロウマル) 電話番号 090-8847-1341 住所 〒299-1861 千葉県富津市金谷4157 リンク サービス 設備 紹介文 金谷名物「金アジ」の大型を狙います。初心者の方でもご遠
2026/07/27,恒丸,大磯港,今日は出船無しです。 Tweet シェア 全 334件 1 2 3 4 5 次 最後 恒丸のニュース ニュース お知らせ 2026年8月の情報 【出船予定】 ・2日(日)…キハダ・カツオ乗合(出船確定、空席多数) ・3日(月)…キハダ・カツオ乗合 ・4日(火)…定休日 ・5日(水)…キハダ・カツオ乗合 ・6日(木)…キハダ・カツオ乗合 ※キハダ・カツオ乗合(6:00出船)スタート!予約お願いします。 ※最近、船のバッテリー電源では使えないリールが多くなりましたので、該当するリールの方は必ずバッテリーをご持参下さい。 ・今月の休み…4日(火)、16(日)、18日(火)、25日(火)。 恒丸の店舗
2026/08/02,福よし丸,鴨居大室港,人数が揃わず出船中止しました。 Tweet シェア
2026/08/03,第三松栄丸,大原港,定休日。 Tweet シェア
2026/07/30,恒丸,大磯港,今日は出船無しです。 Tweet シェア 全 336件 1 2 3 4 5 次 最後 恒丸のニュース ニュース お知らせ 2026年8月の情報 【出船予定】 ・4日(火)…定休日 ・5日(水)…キハダ・カツオ乗合 ・6日(木)…キハダ・カツオ乗合 ・7日(金)…キハダ・カツオ乗合 ・8日(土)…キハダ・カツオ乗合 ・9日(日)…キハダ・カツオ乗合 ・10日(月)…キハダ・カツオ乗合 ・11日(火)…キハダ・カツオ乗合 ※キハダ・カツオ乗合(6:00出船)スタート!予約お願いします。 ※最近、船のバッテリー電源では使えないリールが多くなりましたので、該当するリールの方は必ずバッテリーをご持参下さ
2026/08/03,洋征丸,小坪港,定休日。 Tweet シェア
2026/08/02,平安丸,小田原早川港,臨時休業。 Tweet シェア
2026/08/01,平安丸,小田原早川港,臨時休業。 Tweet シェア
2026/08/03,信栄丸,波崎港,波、ウネリ高くなる予報ですので出船は中止しました。 Tweet シェア
2026/08/03,幸丸,飯岡港,台風によるウネリの影響が出る為、全船出船中止しました。 Tweet シェア
2026/08/04,恒丸,大磯港,定休日です。 Tweet シェア
2026/08/03,伊達丸,御前崎港,沖に台風が出来て、出航見合わせました。 Tweet シェア
2026/08/04,ちがさき丸,茅ヶ崎港,定休日です。 Tweet シェア
2026/08/04,たいぞう丸,葉山あぶずり港,予報悪く出船中止。 Tweet シェア
2026/07/31,たいぞう丸,葉山あぶずり港,27日～31日は夏休みでした。 Tweet シェア 全 979件 1 2 3 4 5 次 最後 たいぞう丸のニュース ニュース お知らせ 2026年8月の情報 ・カツオ、キハダ船出船!1日(土)より開始します!今シーズンは早くもカツオ、キメジが湾内に出没してるようです!!釣れるといいですね!カツオ食べたい!!ご予約受付中です、宜しくお願いします! 【本ガツオ・キハダ船】 ・5日(水)……予約受付中(空席多数) ・6日(木)……定休日(第1、3、5木曜日) ・7日(金)……予約受付中(空席多数) ・8日(土)……予約受付中(空席多数) ・9日(日)……予約受付中(空席多数)※出船確定 ・10日(
2026/08/04,幸丸,飯岡港,台風によるウネリの影響が出る為、全船出船中止しました。 Tweet シェア
2026/07/30,福よし丸,鴨居大室港,出漁者なく出船しませんでした。 Tweet シェア 全 471件 1 2 3 4 5 次 最後 福よし丸のニュース ニュース お知らせ 2026年8月の情報 【お休み】 ・28日(金)、30日(日)、31日(月)。 福よし丸の店舗情報 施設名 福よし丸(フクヨシマル) 電話番号 090-8442-6607 住所 〒239-0813 神奈川県横須賀市鴨居2-74-22 リンク 施設のサイトへ サービス 設備 紹介文 鴨居大室港「福よし丸」です。 アジと旬の魚のリレー釣りが特徴の船宿です。 救命胴衣、貸し道具完備！ ビギナーからベテランさんはもちろん 特に女性やお子様などご家族連れ大歓迎！！ 判ら
2026/08/01,恒丸,大磯港,キハダ・カツオ乗合はマグロメインで跳ねたり潜ったりでやりましたがヒット無し。次回に期待! Tweet シェア 全 338件 1 2 3 4 5 次 最後 恒丸のニュース ニュース お知らせ 2026年8月の情報 【出船予定】 ・6日(木)…台風の影響で出船中止 ・7日(金)…キハダ・カツオ乗合 ・8日(土)…キハダ・カツオ乗合 ・9日(日)…キハダ・カツオ乗合 ・10日(月)…キハダ・カツオ乗合 ・11日(火)…キハダ・カツオ乗合 ※キハダ・カツオ乗合(6:00出船)スタート!予約お願いします。 ※最近、船のバッテリー電源では使えないリールが多くなりましたので、該当するリールの方は必ずバッテリ
2026/08/01,長崎屋,横浜本牧港,"祭礼のためお休み。 Tweet シェア 全 1,075件 1 2 3 4 5 次 最後 長崎屋のニュース ニュース お知らせ 2026年8月の情報 【出船予定】 ・6日(木)…定休日です。 ・7日(金)…マダコ船(確定、空きあり)、ショートシロギス船(確定、空き多数)。 ・8日(土)…マダコ船(確定、2隻出船、空きあり、貸し竿は受付終了)、ショートシロギス船(確定、空きあり)。 ・9日(日)…マダコ船(確定、2隻出船、空きあり)、ショートシロギス船(確定、空きあり)。 ・10日(月)…マダコ船(確定、空きあり)、ショートシロギス船(確定、空き多数) ・11日(火・祝)…マダコ船(確定、空き多数"
2026/08/05,信栄丸,波崎港,台風の影響で今日まで休みました。 Tweet シェア
2026/08/05,幸丸,飯岡港,台風によるウネリの影響が出る為、全船出船中止しました。 Tweet シェア
2026/08/06,恒丸,大磯港,台風の影響で出船中止しました。 Tweet シェア
2026/08/03,日正丸,日立久慈港,予報悪い為、出船中止で休みました。 Tweet シェア
2026/08/06,長崎屋,横浜本牧港,定休日です。 Tweet シェア
2026/08/02,長崎屋,横浜本牧港,"祭礼のためお休み。 Tweet シェア 全 1,076件 1 2 3 4 5 次 最後 長崎屋のニュース ニュース お知らせ 2026年8月の情報 【出船予定】 ・7日(金)…マダコ船(確定、2隻出船、空きあり)、ショートシロギス船(確定、空き多数)。 ・8日(土)…マダコ船(確定、2隻出船、空きあり、貸し竿は受付終了)、ショートシロギス船(確定、空きあり)。 ・9日(日)…マダコ船(確定、2隻出船、空きあり)、ショートシロギス船(確定、空きあり)。 ・10日(月)…マダコ船(確定、空きあり)、ショートシロギス船(確定、空き多数) ・11日(火・祝)…マダコ船(確定、空き多数)、ショートシロギ"
2026/08/06,渡辺釣船店,横浜港･新山下,定休日。 Tweet シェア
2026/08/06,たいぞう丸,葉山あぶずり港,定休日。 Tweet シェア
2026/08/01,たいぞう丸,葉山あぶずり港,【水色】澄む 【水温】27.5℃ 本ガツオ・キハダ船はゆったり2隻で行ってきました。開幕初日、気合い入れて行ってきましたよー!マグロの跳ね、カツオの跳ね、反応は確認できましたがアタリ出せず…。終了間際には超スーパーボイルからの水の中マグロゾロゾロ見え、船の周りグルーっと反応に囲まれる激アツ場面に遭遇し、コマセ、ルアーともに食ってもおかしくない状況でしたが惜しくもノーヒット…と残念でした。開幕からバシッとやらせてもらいたかったですが、甘くなかったですね。魚は沢山いるようです!!今後に期待ですね。 Tweet シェア 全 978件 1 2 3 4 5 次 最後 たいぞう丸のニュース ニュース お知
2026/08/06,幸丸,飯岡港,台風によるウネリの影響が出る為、全船出船中止しました。 Tweet シェア
2026/08/06,福よし丸,鴨居大室港,人数がそろわず出船中止しました。 Tweet シェア
2026/08/03,弘漁丸,日立久慈港,出船中止です。 Tweet シェア
2026/08/03,長崎屋,横浜本牧港,"祭礼のためお休み。 Tweet シェア 全 1,076件 1 2 3 4 5 次 最後 長崎屋のニュース ニュース お知らせ 2026年8月の情報 【出船予定】 ・8日(土)…マダコ船(確定、2隻出船、空き少々、貸し竿は受付終了)、ショートシロギス船(確定、空き少々)。 ・9日(日)…マダコ船(確定、2隻出船、空き少々)、ショートシロギス船(確定、空きあり)。 ・10日(月)…マダコ船(確定、2隻出船、空きあり)、ショートシロギス船(確定、空き多数)。 ・11日(火・祝)…マダコ船(確定、空きあり)、ショートシロギス船(確定、空き多数)。 ・12日(水)…マダコ船(確定、空き多数)、ショートシ"
2026/08/02,たいぞう丸,葉山あぶずり港,本日、ご予約人数揃わずお休みでした。 Tweet シェア 全 978件 1 2 3 4 5 次 最後 たいぞう丸のニュース ニュース お知らせ 2026年8月の情報 ・カツオ、キハダ船出船!1日(土)より開始しました!今シーズンは早くもカツオ、キメジが湾内に出没してるようです!!釣れるといいですね!カツオ食べたい!!ご予約受付中です。宜しくお願いします!とろカツオを求めて! 【本ガツオ・キハダ船】※5日現在 ・8日(土)……予約受付中(空席多数)※出船確定 ・9日(日)……予約受付中(空席多数、コマセ2名様)※出船確定 ・10日(月)……予約受付中(空席多数、コマセ6名様)※出船確定 ・11日
2026/08/05,米元釣船店,金沢八景,臨時休業。 Tweet シェア
2026/08/07,幸丸,飯岡港,海の状況が悪い為、全船出船中止しました。 Tweet シェア
2026/08/03,恒丸,大磯港,今日は出船無しです。 Tweet シェア 全 340件 1 2 3 4 5 次 最後 恒丸のニュース ニュース お知らせ 2026年8月の情報 【出船予定】 ・9日(日)…キハダ・カツオ乗合(出確) ・10日(月)…キハダ・カツオ乗合 ・11日(火)…キハダ・カツオ乗合(出確)※空席多数 ・12日(水)…キハダ・カツオ乗合 ・13日(木)…キハダ・カツオ乗合 ・14日(金)…キハダ・カツオ乗合 ・15日(土)…キハダ・カツオ乗合(出確)※空席多数 ・16日(日)…休船 ※キハダ・カツオ乗合(6:00出船)スタート!予約お願いします。 ※最近、船のバッテリー電源では使えないリールが多くなりました
2026/08/08,海桜丸,由比,海状況悪く、出船中止しました。 Tweet シェア
2026/08/03,つる丸,大原港,お休みしました。 Tweet シェア 全 732件 1 2 3 4 5 次 最後 つる丸のニュース ニュース お知らせ 2026年8月の情報 ・お盆まで行けるかと思ったけど15号の動き次第となります。動きが定まらないので前日の夕方までお待ちください。ウネリが出た時点で連絡させていただきますが、連絡ない場合出船予定となります。※8日現在 ・午後マダイ釣り募集…大型狙いのお客様募集中!!シケ後激アツとなっております!!9日(日)の午後は現在2名様で確定出来ておりません。募集中です!※8日現在 【お知らせ】 ・イサキ釣り…9月いっぱいになります。8月の平日はまだ空きありますのでよろしくお願いします。
2026/08/05,平安丸,小田原早川港,お休みです。 Tweet シェア 全 857件 1 2 3 4 5 次 最後 平安丸のニュース ニュース お知らせ 2026年8月の情報 ・10日(月)…「本ガツオ・マグロ船」「ビシアジ船」出船します。 平安丸の店舗情報 施設名 平安丸(ヘイアンマル) 電話番号 0465-23-2907 住所 〒250-0021 神奈川県小田原市早川1丁目20-2 リンク 施設のサイトへ サービス 設備 紹介文 平安丸では、相模湾がメインの漁場として、季節に応じた魚種の釣りをご案内させていただいております。 船は、毎日3隻体制にて出船しており、大型船なので安心してご利用いただけます。 営業時間 操業に準ずる 
2026/08/06,平安丸,小田原早川港,お休みです。 Tweet シェア 全 858件 1 2 3 4 5 次 最後 平安丸のニュース ニュース お知らせ 2026年8月の情報 ・11日(火・祝)…「本ガツオ・マグロ船」出船します。 平安丸の店舗情報 施設名 平安丸(ヘイアンマル) 電話番号 0465-23-2907 住所 〒250-0021 神奈川県小田原市早川1丁目20-2 リンク 施設のサイトへ サービス 設備 紹介文 平安丸では、相模湾がメインの漁場として、季節に応じた魚種の釣りをご案内させていただいております。 船は、毎日3隻体制にて出船しており、大型船なので安心してご利用いただけます。 営業時間 操業に準ずる 定休日 第
2026/08/10,明進丸,日立久慈港,風シケの為、出船中止でした。 Tweet シェア
2026/08/10,幸丸,飯岡港,台風の影響もあり予報が悪い為、全船出船中止しました。 Tweet シェア
2026/08/10,つる丸,大原港,ウネリが大きくなり出れるか出れないかの状況なので出船中止となりました。 Tweet シェア
2026/08/04,つる丸,大原港,ウネリが収まるまでお休みです。 Tweet シェア 全 733件 1 2 3 4 5 次 最後 つる丸のニュース ニュース お知らせ 2026年8月の情報 【お知らせ】 ・イサキ釣り…9月いっぱいになります。8月の平日はまだ空きありますのでよろしくお願いします。人数限定してますのでご予約はお早めにどうぞ。直前のキャンセルはキャンセル料いただきますので、ご承知の上ご予約ください。 【キャンセル料について】 ・前日、当日のキャンセルは100%キャンセル料いただきますのでご了承ください。 つる丸の店舗情報 施設名 つる丸(ツルマル) 電話番号 090-4377-5777 住所 〒298-0003 千
2026/08/07,恒丸,大磯港,今日は出船無しです。 Tweet シェア 全 344件 1 2 3 4 5 次 最後 恒丸のニュース ニュース お知らせ 2026年8月の情報 【出船予定】 ・13日(木)…キハダ・カツオ乗合 ・14日(金)…キハダ・カツオ乗合(出確)※空席多数 ・15日(土)…キハダ・カツオ乗合(出確)※空席多数 ・16日(日)…休船 ・17日(月)…キハダ・カツオ乗合 ・18日(火)…定休日 ・19日(水)…キハダ・カツオ乗合 ・20日(木)…キハダ・カツオ乗合 ※キハダ・カツオ乗合(6:00出船)スタート!予約お願いします。 ※最近、船のバッテリー電源では使えないリールが多くなりましたので、該当するリー
2026/08/12,長崎屋,横浜本牧港,台風の影響とキャンセル多数のため出船中止しました。 Tweet シェア
2026/08/12,たいぞう丸,葉山あぶずり港,台風の影響で出船中止しました。 Tweet シェア
2026/08/12,幸丸,飯岡港,本日は台風の影響で、出船中止しました。 Tweet シェア
2026/08/11,幸丸,飯岡港,本日は台風の影響で、出船中止しました。 Tweet シェア
2026/08/12,平安丸,小田原早川港,台風の影響の為お休みします。 Tweet シェア
2026/08/04,翔太丸,小網代港,北風が強そうです。お休みしました! Tweet シェア 全 569件 1 2 3 4 5 次 最後 翔太丸の店舗情報 施設名 翔太丸(ショウタマル) 電話番号 090-3249-1119 住所 〒238-0225 神奈川県三浦市三崎町小網代 小網代港（1450付近） リンク 施設のサイトへ サービス 設備 紹介文 ★席順は、お電話予約制です！ AM7:30～PM8:30までお電話お待ちしてます。 TEL:090-3249-1119まで！ ★当日予約の無い方は空いてる席になります！ 翔太丸では多少潮の流れが速い時も皆さんが楽しく釣りを楽しめる様に定員を最大でも18人と制限させて頂いております。 
2026/08/12,伊達丸,御前崎港,11日、12日と台風予報にて休業。 Tweet シェア
2026/08/12,喜平治丸,松輪間口港,予報悪く全船出船中止とさせて頂きます。 Tweet シェア
2026/08/07,信栄丸,波崎港,【水温】25℃ カツオ・マグロ船はカツオ・マグロ0匹。久しぶりの出船で探索しながら、沖に中盤に鳥付けてキメジが跳ねてたのですが、トビ子追い回してて移動速く間に合わなかったです。明日も探索しながらポイント変えてみます。 Tweet シェア 全 192件 1 2 3 4 5 次 最後 信栄丸のニュース ニュース お知らせ 2026年8月の情報 ・お盆中も休まず営業いたします。予約お待ちしております。 【お知らせ】 ・カツオ・マグロ船…波崎カンネコ沖でカツオ・マグロの模様が出ました。カツオタックル、キハダタックルを用意してください。4時集合でお願いします。ご予約お待ちしています。 ・ジギング船…リー
2026/08/14,船宿 まる八,平和島,1日雨予報で大量キャンセルの為、出船中止にさせていただきました。 Tweet シェア
2026/08/14,信栄丸,波崎港,受付時間帯に激しい雷雨で危険回避、安全な乗船もままならないとの判断で出船を中止しました。 Tweet シェア
2026/08/08,信栄丸,波崎港,【水温】26.4℃ カツオ・マグロ船はカツオ・マグロ0匹。鳥の纏まった下で跳ねはあったのですが、今日もトビ子パターンで移動速く間に合いませんでした。 Tweet シェア 全 193件 1 2 3 4 5 次 最後 信栄丸のニュース ニュース お知らせ 2026年8月の情報 ・お盆中も休まず営業いたします。予約お待ちしております。 【お知らせ】 ・カツオ・マグロ船…波崎カンネコ沖でカツオ・マグロの模様が出ました。カツオタックル、キハダタックルを用意してください。4時集合でお願いします。ご予約お待ちしています。 ・ジギング船…リールの番手は大きいものでお願いします。ベイトリールも小さいやつは巻けま
2026/08/14,たいぞう丸,葉山あぶずり港,予報悪く出船中止。 Tweet シェア
2026/08/14,幸丸,飯岡港,午前船は出船中止しました。 Tweet シェア
2026/08/12,ちがさき丸,茅ヶ崎港,"振替休日でお休み。 Tweet シェア 全 798件 1 2 3 4 5 次 最後 ちがさき丸の店舗情報 施設名 ちがさき丸(チガサキマル) 電話番号 0467-86-1157 住所 〒253-0061 神奈川県茅ヶ崎市南湖6-18-6 リンク 施設のサイトへ サービス 設備 紹介文 相模湾の四季の釣りは何でもおまかせください！釣り物はご相談に応じますので、まずはお気軽にお問い合わせください。 営業時間 定休日 第1・3火曜日 料金形態 仕立船：68,000円～156,000円 夏季の土日・ 祝日は12名様より、冬季の平日は6名様より受付可能です。15名様以上は、乗船料金のご相談に応じます。お"
2026/08/13,恒丸,大磯港,今日は出船無しです。 Tweet シェア 全 348件 1 2 3 4 5 次 最後 恒丸のニュース ニュース お知らせ 2026年8月の情報 【出船予定】 ・18日(火)…定休日 ・19日(水)…キハダ・カツオ乗合 ・20日(木)…キハダ・カツオ乗合 ・21日(金)…キハダ・カツオ乗合 ・22日(土)…キハダ・カツオ乗合 ・23日(日)…キハダ・カツオ乗合 ※キハダ・カツオ乗合(6:00出船)スタート!予約お願いします。 ※最近、船のバッテリー電源では使えないリールが多くなりましたので、該当するリールの方は必ずバッテリーをご持参下さい。 【今月の休み】 ・18日(火)、25日(火)。 恒丸の
2026/08/17,秀丸,沼津内港,休業。 Tweet シェア
2026/08/17,福よし丸,鴨居大室港,出船中止しました。 Tweet シェア
2026/08/10,石田丸,大津港,北風が強く、出ませんでした。 Tweet シェア 全 516件 1 2 3 4 5 次 最後 石田丸のニュース ニュース お知らせ 2026年8月の情報 【ご案内】 ・土曜、日曜、祝日…予約日の3日前、朝8時より電話受付致します。 ・大潮の時等、潮が速い時は養殖イカダが沈む事があります。気をつけて下さい。 ・ボートの中に水が溜まったら汲み出して下さい。水が動くと傾きやすく危険です。 ・駐車場、ドンキホーテ裏海側黒い門の中、又は有Pへお願い致します。店の奥岸壁は全面禁止です。 ・ポイント詳細は来店時にお聞き下さい。 石田丸の店舗情報 施設名 石田丸(イシダマル) 電話番号 046-842-998
2026/08/18,恒丸,大磯港,定休日。 Tweet シェア
2026/08/18,ちがさき丸,茅ヶ崎港,定休日。 Tweet シェア
2026/07/20,共栄丸,富浦港,18日～20日まで富浦祭礼の為お休みでした。 Tweet シェア 全 242件 1 2 3 4 5 次 最後 共栄丸のニュース ニュース お知らせ 2026年の情報 ・8月2日てっぱつドルフィン受付中です!(詳細はHP) 共栄丸の店舗情報 施設名 共栄丸(キョウエイマル) 電話番号 090-7244-0460 住所 〒299-2404 千葉県南房総市富浦町多田良880 リンク 施設のサイトへ サービス 設備 紹介文 東京・神奈川方面からの高速バスを利用したお客様が増えています（安くて便利）。 車でも館山自動車道全線開通で都心からでもアッ！と言う間です。 アオリイカ船は休みなし。ポイントカードサ
2026/08/17,洋征丸,小坪港,定休日。 Tweet シェア
2026/08/18,幸丸,飯岡港,本日は定休日です。 Tweet シェア
2026/08/16,恒丸,大磯港,今日はお盆休みでした。 Tweet シェア 全 349件 1 2 3 4 5 次 最後 恒丸のニュース ニュース お知らせ 2026年8月の情報 【出船予定】 ・21日(金)…キハダ・カツオ乗合 ・22日(土)…キハダ・カツオ乗合※出確(空席多数) ・23日(日)…キハダ・カツオ乗合※出確(空席多数) ・24日(月)…キハダ・カツオ乗合 ・25日(火)…定休日 ・26日(水)…キハダ・カツオ乗合※出確(空席多数) ・27日(木)…キハダ・カツオ乗合 ・28日(金)…キハダ・カツオ乗合※出確(空席多数) ※キハダ・カツオ乗合(6:00出船)スタート!予約お願いします。 ※最近、船のバッテリー電源
2026/08/20,渡辺釣船店,横浜港･新山下,定休日。 Tweet シェア
2026/08/20,たいぞう丸,葉山あぶずり港,定休日。 Tweet シェア
2026/08/16,石田丸,大津港,朝、北風が吹き始めたため、出れませんでした。 Tweet シェア 全 516件 1 2 3 4 5 次 最後 石田丸のニュース ニュース お知らせ 2026年8月の情報 【ご案内】 ・土曜、日曜、祝日…予約日の3日前、朝8時より電話受付致します。 ・大潮の時等、潮が速い時は養殖イカダが沈む事があります。気をつけて下さい。 ・ボートの中に水が溜まったら汲み出して下さい。水が動くと傾きやすく危険です。 ・駐車場、ドンキホーテ裏海側黒い門の中、又は有Pへお願い致します。店の奥岸壁は全面禁止です。 ・ポイント詳細は来店時にお聞き下さい。 石田丸の店舗情報 施設名 石田丸(イシダマル) 電話番号 046
2026/08/20,平安丸,小田原早川港,定休日。 Tweet シェア
2026/08/16,さえむ丸,金谷港,14日～16日はお盆休みです。 Tweet シェア 全 567件 1 2 3 4 5 次 最後 さえむ丸のニュース ニュース お知らせ 2026年8月の情報 ・乗合ティップランアオリイカ船…9月12日(土)から6時出船で開始します。予約制です。 ・乗合マアジ船…6時出船。予約制です。 ・カマスは終了します。※20日現在 【料金案内】 ・前日と当日のキャンセル、ドタキャンはキャンセル料が発生します。 ※仕立船はお電話でご確認下さい。 さえむ丸の店舗情報 施設名 さえむ丸(サエムマル) 電話番号 0439-69-2930 住所 〒299-1861 千葉県富津市金谷4153-1 リンク 施設のサイト
2026/08/21,船宿 まる八,平和島,17日～21日夏季休業。 Tweet シェア
2026/08/17,喜平治丸,松輪間口港,浜せがきの為、松輪全船お休みです。 Tweet シェア 全 787件 1 2 3 4 5 次 最後 喜平治丸のニュース ニュース お知らせ 2026年8月の情報 ・23日(日)はマルイカとスルメイカに出船します。両船共に出船確定していますので、是非お出掛け下さい。 ・24日(月)は定休日です。 【お知らせ】 ・マルイカ船…3名様から出船、予約乗合です。できればお早めに予約してくださるとありがたいです。今後人数によっては2隻体制で出船していきます!まだまだ頑張って出船していきますので宜しくお願いします。仕掛けは直結、直ブランコ、ブランコ、どれでもご自身の得意な、やり易いので頑張って下さい。水深が
2026/08/18,長崎屋,横浜本牧港,"お休みしました。 Tweet シェア 全 1,076件 1 2 3 4 5 次 最後 長崎屋のニュース ニュース お知らせ 2026年8月の情報 【出船予定】 ・23日(日)…マダコ船(確定、2隻出船、予約締切、貸竿受付終了)、ショートシロギス船(確定、空き少々)。 ・24日(月)…マダコ船(確定、空きあり)、ショートシロギス船(確定、空き多数)。 ・25日(火)…マダコ船(確定、予約締切、貸竿受付終了)、ショートシロギス船(確定、空き多数)。 ・26日(水)…マダコ船(確定、空き多数)、ショートシロギス船(確定、空き多数)。 ・27日(木)…定休日です。 ・28日(金)…マダコ船(あと1名で"
