point,date,hour,wave_height,wave_period,wind_speed,wind_dir,sst,weather_code
洲崎沖,2026-04-01,00,3.9,8.5,10.0,224,15.4,3
洲崎沖,2026-04-01,03,3.2,8.3,8.0,219,15.4,3
洲崎沖,2026-04-01,06,2.7,8.2,3.5,259,15.4,3
洲崎沖,2026-04-01,09,2.4,8.1,0.6,294,15.4,3
洲崎沖,2026-04-01,12,2.2,8.0,6.0,66,15.6,51
洲崎沖,2026-04-01,15,2.0,7.7,7.0,74,15.6,51
洲崎沖,2026-04-01,18,1.7,7.3,6.2,69,15.5,53
洲崎沖,2026-04-01,21,1.6,7.1,2.7,77,15.4,53
沖の瀬,2026-04-01,00,3.5,8.2,12.4,222,15.3,3
沖の瀬,2026-04-01,03,2.9,8.1,11.4,212,15.4,2
沖の瀬,2026-04-01,06,2.4,8.2,1.5,26,15.4,2
沖の瀬,2026-04-01,09,2.2,8.1,1.9,14,15.4,3
沖の瀬,2026-04-01,12,2.0,8.0,7.7,50,15.5,3
沖の瀬,2026-04-01,15,1.8,7.6,6.3,37,15.6,61
沖の瀬,2026-04-01,18,1.7,7.0,7.2,29,15.5,61
沖の瀬,2026-04-01,21,1.5,6.6,8.9,14,15.4,61
平砂浦沖,2026-04-01,00,3.8,8.6,10.0,224,15.2,3
平砂浦沖,2026-04-01,03,3.2,8.3,8.0,219,15.2,3
平砂浦沖,2026-04-01,06,2.7,8.2,3.5,259,15.3,3
平砂浦沖,2026-04-01,09,2.4,8.1,0.6,294,15.4,3
平砂浦沖,2026-04-01,12,2.2,8.1,6.0,66,15.4,51
平砂浦沖,2026-04-01,15,2.0,7.8,7.0,74,15.5,51
平砂浦沖,2026-04-01,18,1.8,7.3,6.2,69,15.4,53
平砂浦沖,2026-04-01,21,1.6,7.2,2.7,77,15.4,53
館山沖,2026-04-01,00,3.9,8.6,10.0,224,15.5,3
館山沖,2026-04-01,03,3.2,8.3,8.0,219,15.5,3
館山沖,2026-04-01,06,2.7,8.2,3.5,259,15.6,3
館山沖,2026-04-01,09,2.4,8.1,0.6,294,15.6,3
館山沖,2026-04-01,12,2.2,8.0,6.0,66,15.7,51
館山沖,2026-04-01,15,1.9,7.8,7.0,74,15.8,51
館山沖,2026-04-01,18,1.7,7.3,6.2,69,15.7,53
館山沖,2026-04-01,21,1.6,7.2,2.7,77,15.6,53
富浦沖,2026-04-01,00,3.8,8.4,10.0,224,15.4,3
富浦沖,2026-04-01,03,3.2,8.2,8.0,219,15.4,3
富浦沖,2026-04-01,06,2.6,8.2,3.5,259,15.4,3
富浦沖,2026-04-01,09,2.4,8.1,0.6,294,15.5,3
富浦沖,2026-04-01,12,2.2,8.0,6.0,66,15.6,51
富浦沖,2026-04-01,15,1.9,7.7,7.0,74,15.6,51
富浦沖,2026-04-01,18,1.7,7.2,6.2,69,15.6,53
富浦沖,2026-04-01,21,1.6,7.0,2.7,77,15.4,53
岩井富浦沖,2026-04-01,00,3.6,8.4,10.0,224,15.4,3
岩井富浦沖,2026-04-01,03,3.0,8.2,8.0,219,15.4,3
岩井富浦沖,2026-04-01,06,2.4,8.2,3.5,259,15.4,3
岩井富浦沖,2026-04-01,09,2.2,8.0,0.6,294,15.4,3
岩井富浦沖,2026-04-01,12,2.0,8.0,6.0,66,15.4,51
岩井富浦沖,2026-04-01,15,1.7,7.7,7.0,74,15.4,51
岩井富浦沖,2026-04-01,18,1.5,7.3,6.2,69,15.4,53
岩井富浦沖,2026-04-01,21,1.3,7.0,2.7,77,15.3,53
岩井沖,2026-04-01,00,3.6,8.4,10.0,224,15.4,3
岩井沖,2026-04-01,03,3.0,8.2,8.0,219,15.4,3
岩井沖,2026-04-01,06,2.4,8.2,3.5,259,15.4,3
岩井沖,2026-04-01,09,2.2,8.0,0.6,294,15.4,3
岩井沖,2026-04-01,12,2.0,8.0,6.0,66,15.4,51
岩井沖,2026-04-01,15,1.7,7.7,7.0,74,15.4,51
岩井沖,2026-04-01,18,1.5,7.3,6.2,69,15.4,53
岩井沖,2026-04-01,21,1.3,7.0,2.7,77,15.3,53
相模湾,2026-04-01,00,2.9,8.2,10.4,202,15.6,3
相模湾,2026-04-01,03,2.4,8.2,5.9,243,15.6,2
相模湾,2026-04-01,06,2.0,8.2,5.0,28,15.6,1
相模湾,2026-04-01,09,1.8,8.2,1.0,333,15.7,3
相模湾,2026-04-01,12,1.7,8.1,7.2,22,15.7,53
相模湾,2026-04-01,15,1.5,7.5,8.2,41,15.6,61
相模湾,2026-04-01,18,1.4,6.8,9.2,26,15.6,55
相模湾,2026-04-01,21,1.4,6.4,10.3,13,15.6,61
太海沖航程1時間30分,2026-04-01,00,3.8,8.6,8.3,226,15.1,3
太海沖航程1時間30分,2026-04-01,03,3.2,8.3,5.7,218,15.1,3
太海沖航程1時間30分,2026-04-01,06,2.7,8.2,1.5,288,15.1,3
太海沖航程1時間30分,2026-04-01,09,2.4,8.1,1.4,56,15.1,3
太海沖航程1時間30分,2026-04-01,12,2.2,8.1,5.7,57,15.1,51
太海沖航程1時間30分,2026-04-01,15,2.0,7.8,5.9,69,15.1,51
太海沖航程1時間30分,2026-04-01,18,1.8,7.3,5.3,64,15.1,53
太海沖航程1時間30分,2026-04-01,21,1.6,7.2,2.4,64,15.1,61
カメギ根,2026-04-01,00,3.4,8.2,11.9,216,15.4,3
カメギ根,2026-04-01,03,2.8,8.1,6.3,236,15.4,2
カメギ根,2026-04-01,06,2.3,8.2,6.2,56,15.5,0
カメギ根,2026-04-01,09,2.1,8.2,3.7,23,15.5,3
カメギ根,2026-04-01,12,1.9,8.1,6.7,45,15.6,3
カメギ根,2026-04-01,15,1.7,7.7,7.0,48,15.6,61
カメギ根,2026-04-01,18,1.6,7.0,7.9,29,15.5,55
カメギ根,2026-04-01,21,1.4,6.6,8.4,11,15.4,55
保田沖,2026-04-01,00,3.7,8.4,8.0,211,15.5,3
保田沖,2026-04-01,03,3.0,8.2,5.3,214,15.5,3
保田沖,2026-04-01,06,2.5,8.2,1.2,25,15.6,3
保田沖,2026-04-01,09,2.2,8.1,3.6,24,15.6,3
保田沖,2026-04-01,12,2.0,8.0,4.6,60,15.6,3
保田沖,2026-04-01,15,1.8,7.8,4.8,67,15.6,53
保田沖,2026-04-01,18,1.6,7.3,5.0,66,15.5,53
保田沖,2026-04-01,21,1.4,6.9,3.5,30,15.4,61
勝浦沖航程1時間30分,2026-04-01,00,4.3,8.9,9.1,221,15.4,3
勝浦沖航程1時間30分,2026-04-01,03,3.6,8.8,5.6,237,15.4,3
勝浦沖航程1時間30分,2026-04-01,06,3.0,8.6,0.5,323,15.4,3
勝浦沖航程1時間30分,2026-04-01,09,3.0,8.9,3.5,46,15.4,51
勝浦沖航程1時間30分,2026-04-01,12,2.4,8.3,6.9,46,15.6,51
勝浦沖航程1時間30分,2026-04-01,15,2.2,8.0,5.4,50,15.8,53
勝浦沖航程1時間30分,2026-04-01,18,2.1,7.5,4.8,59,15.7,61
勝浦沖航程1時間30分,2026-04-01,21,2.0,7.4,3.7,54,15.6,61
岩船沖,2026-04-01,00,3.8,8.6,6.6,230,15.1,3
岩船沖,2026-04-01,03,3.2,8.3,3.8,227,15.1,2
岩船沖,2026-04-01,06,2.7,8.2,1.3,326,15.1,3
岩船沖,2026-04-01,09,2.4,8.1,2.7,56,15.1,51
岩船沖,2026-04-01,12,2.2,8.1,5.6,52,15.1,3
岩船沖,2026-04-01,15,2.0,7.8,5.0,63,15.1,51
岩船沖,2026-04-01,18,1.8,7.3,4.9,58,15.1,53
岩船沖,2026-04-01,21,1.6,7.2,2.8,57,15.1,61
太海沖,2026-04-01,00,3.4,8.4,8.0,211,15.4,3
太海沖,2026-04-01,03,2.7,8.2,5.3,214,15.4,3
太海沖,2026-04-01,06,2.2,8.2,1.2,25,15.5,3
太海沖,2026-04-01,09,1.9,8.1,3.6,24,15.6,3
太海沖,2026-04-01,12,1.8,8.0,4.6,60,15.6,3
太海沖,2026-04-01,15,1.6,7.8,4.8,67,15.6,53
太海沖,2026-04-01,18,1.3,7.3,5.0,66,15.5,53
太海沖,2026-04-01,21,1.2,7.0,3.5,30,15.4,61
岩和田沖,2026-04-01,00,3.9,8.8,9.1,221,15.4,3
岩和田沖,2026-04-01,03,3.2,8.7,5.6,237,15.4,3
岩和田沖,2026-04-01,06,2.7,8.6,0.5,323,15.4,3
岩和田沖,2026-04-01,09,2.7,8.7,3.5,46,15.5,51
岩和田沖,2026-04-01,12,2.3,8.2,6.9,46,15.6,51
岩和田沖,2026-04-01,15,2.1,7.8,5.4,50,15.6,53
岩和田沖,2026-04-01,18,2.0,7.3,4.8,59,15.6,61
岩和田沖,2026-04-01,21,1.8,7.3,3.7,54,15.5,61
城ヶ島西沖,2026-04-01,00,3.2,8.3,11.9,216,15.6,3
城ヶ島西沖,2026-04-01,03,2.6,8.2,6.3,236,15.6,2
城ヶ島西沖,2026-04-01,06,2.2,8.1,6.2,56,15.6,0
城ヶ島西沖,2026-04-01,09,1.9,8.2,3.7,23,15.6,3
城ヶ島西沖,2026-04-01,12,1.8,8.0,6.7,45,15.6,3
城ヶ島西沖,2026-04-01,15,1.6,7.7,7.0,48,15.6,61
城ヶ島西沖,2026-04-01,18,1.4,7.2,7.9,29,15.6,55
城ヶ島西沖,2026-04-01,21,1.3,6.7,8.4,11,15.6,55
城ヶ島沖,2026-04-01,00,3.4,8.3,12.6,212,15.5,2
城ヶ島沖,2026-04-01,03,2.8,8.2,8.3,227,15.5,2
城ヶ島沖,2026-04-01,06,2.3,8.1,5.2,41,15.6,1
城ヶ島沖,2026-04-01,09,2.0,8.2,5.0,20,15.6,3
城ヶ島沖,2026-04-01,12,1.8,8.0,6.7,52,15.6,3
城ヶ島沖,2026-04-01,15,1.7,7.7,6.9,46,15.6,61
城ヶ島沖,2026-04-01,18,1.5,7.2,7.7,37,15.6,53
城ヶ島沖,2026-04-01,21,1.3,6.8,8.7,15,15.6,55
御宿沖,2026-04-01,00,3.9,8.8,9.1,221,15.4,3
御宿沖,2026-04-01,03,3.2,8.7,5.6,237,15.4,3
御宿沖,2026-04-01,06,2.7,8.6,0.5,323,15.4,3
御宿沖,2026-04-01,09,2.7,8.7,3.5,46,15.5,51
御宿沖,2026-04-01,12,2.3,8.2,6.9,46,15.6,51
御宿沖,2026-04-01,15,2.1,7.8,5.4,50,15.6,53
御宿沖,2026-04-01,18,2.0,7.3,4.8,59,15.6,61
御宿沖,2026-04-01,21,1.8,7.3,3.7,54,15.5,61
興津港沖,2026-04-01,00,3.9,8.8,9.1,221,15.4,3
興津港沖,2026-04-01,03,3.2,8.7,5.6,237,15.4,3
興津港沖,2026-04-01,06,2.7,8.6,0.5,323,15.4,3
興津港沖,2026-04-01,09,2.7,8.7,3.5,46,15.5,51
興津港沖,2026-04-01,12,2.3,8.2,6.9,46,15.6,51
興津港沖,2026-04-01,15,2.1,7.8,5.4,50,15.6,53
興津港沖,2026-04-01,18,2.0,7.3,4.8,59,15.6,61
興津港沖,2026-04-01,21,1.8,7.3,3.7,54,15.5,61
烏帽子沖,2026-04-01,00,3.4,8.3,12.6,212,15.5,2
烏帽子沖,2026-04-01,03,2.8,8.2,8.3,227,15.5,2
烏帽子沖,2026-04-01,06,2.3,8.1,5.2,41,15.6,1
烏帽子沖,2026-04-01,09,2.0,8.2,5.0,20,15.6,3
烏帽子沖,2026-04-01,12,1.8,8.0,6.7,52,15.6,3
烏帽子沖,2026-04-01,15,1.7,7.7,6.9,46,15.6,61
烏帽子沖,2026-04-01,18,1.5,7.2,7.7,37,15.6,53
烏帽子沖,2026-04-01,21,1.3,6.8,8.7,15,15.6,55
剣崎沖,2026-04-01,00,3.4,8.3,12.6,212,15.5,2
剣崎沖,2026-04-01,03,2.8,8.2,8.3,227,15.5,2
剣崎沖,2026-04-01,06,2.3,8.1,5.2,41,15.6,1
剣崎沖,2026-04-01,09,2.0,8.2,5.0,20,15.6,3
剣崎沖,2026-04-01,12,1.8,8.0,6.7,52,15.6,3
剣崎沖,2026-04-01,15,1.7,7.7,6.9,46,15.6,61
剣崎沖,2026-04-01,18,1.5,7.2,7.7,37,15.6,53
剣崎沖,2026-04-01,21,1.3,6.8,8.7,15,15.6,55
勝浦灯台沖航程20分,2026-04-01,00,3.7,8.8,9.1,221,15.2,3
勝浦灯台沖航程20分,2026-04-01,03,3.0,8.6,5.6,237,15.2,3
勝浦灯台沖航程20分,2026-04-01,06,2.6,8.4,0.5,323,15.3,3
勝浦灯台沖航程20分,2026-04-01,09,2.4,8.4,3.5,46,15.4,51
勝浦灯台沖航程20分,2026-04-01,12,2.1,8.2,6.9,46,15.4,51
勝浦灯台沖航程20分,2026-04-01,15,2.0,7.8,5.4,50,15.3,53
勝浦灯台沖航程20分,2026-04-01,18,1.8,7.4,4.8,59,15.2,61
勝浦灯台沖航程20分,2026-04-01,21,1.7,7.3,3.7,54,15.2,61
勝浦沖航程30分,2026-04-01,00,3.9,8.8,9.1,221,15.4,3
勝浦沖航程30分,2026-04-01,03,3.2,8.7,5.6,237,15.4,3
勝浦沖航程30分,2026-04-01,06,2.7,8.6,0.5,323,15.4,3
勝浦沖航程30分,2026-04-01,09,2.7,8.7,3.5,46,15.5,51
勝浦沖航程30分,2026-04-01,12,2.3,8.2,6.9,46,15.6,51
勝浦沖航程30分,2026-04-01,15,2.1,7.8,5.4,50,15.6,53
勝浦沖航程30分,2026-04-01,18,2.0,7.3,4.8,59,15.6,61
勝浦沖航程30分,2026-04-01,21,1.8,7.3,3.7,54,15.5,61
かんねこ,2026-04-01,00,3.4,8.4,8.0,211,15.4,3
かんねこ,2026-04-01,03,2.7,8.2,5.3,214,15.4,3
かんねこ,2026-04-01,06,2.2,8.2,1.2,25,15.5,3
かんねこ,2026-04-01,09,1.9,8.1,3.6,24,15.6,3
かんねこ,2026-04-01,12,1.8,8.0,4.6,60,15.6,3
かんねこ,2026-04-01,15,1.6,7.8,4.8,67,15.6,53
かんねこ,2026-04-01,18,1.3,7.3,5.0,66,15.5,53
かんねこ,2026-04-01,21,1.2,7.0,3.5,30,15.4,61
海中公園沖,2026-04-01,00,3.9,8.8,9.1,221,15.4,3
海中公園沖,2026-04-01,03,3.2,8.7,5.6,237,15.4,3
海中公園沖,2026-04-01,06,2.7,8.6,0.5,323,15.4,3
海中公園沖,2026-04-01,09,2.7,8.7,3.5,46,15.5,51
海中公園沖,2026-04-01,12,2.3,8.2,6.9,46,15.6,51
海中公園沖,2026-04-01,15,2.1,7.8,5.4,50,15.6,53
海中公園沖,2026-04-01,18,2.0,7.3,4.8,59,15.6,61
海中公園沖,2026-04-01,21,1.8,7.3,3.7,54,15.5,61
真鶴沖,2026-04-01,00,2.2,8.1,2.6,223,15.6,3
真鶴沖,2026-04-01,03,1.9,8.0,2.1,298,15.6,3
真鶴沖,2026-04-01,06,1.6,8.0,1.1,308,15.6,2
真鶴沖,2026-04-01,09,1.5,8.0,2.2,97,15.7,3
真鶴沖,2026-04-01,12,1.4,7.8,3.9,53,15.8,53
真鶴沖,2026-04-01,15,1.3,7.4,3.6,46,15.8,61
真鶴沖,2026-04-01,18,1.2,6.8,3.3,27,15.7,55
真鶴沖,2026-04-01,21,1.1,6.4,3.1,9,15.6,61
勝浦灯台沖,2026-04-01,00,3.7,8.8,9.1,221,15.2,3
勝浦灯台沖,2026-04-01,03,3.0,8.6,5.6,237,15.2,3
勝浦灯台沖,2026-04-01,06,2.6,8.4,0.5,323,15.3,3
勝浦灯台沖,2026-04-01,09,2.4,8.4,3.5,46,15.4,51
勝浦灯台沖,2026-04-01,12,2.1,8.2,6.9,46,15.4,51
勝浦灯台沖,2026-04-01,15,2.0,7.8,5.4,50,15.3,53
勝浦灯台沖,2026-04-01,18,1.8,7.4,4.8,59,15.2,61
勝浦灯台沖,2026-04-01,21,1.7,7.3,3.7,54,15.2,61
勝浦沖,2026-04-01,00,3.7,8.8,9.1,221,15.2,3
勝浦沖,2026-04-01,03,3.0,8.6,5.6,237,15.2,3
勝浦沖,2026-04-01,06,2.6,8.4,0.5,323,15.3,3
勝浦沖,2026-04-01,09,2.4,8.4,3.5,46,15.4,51
勝浦沖,2026-04-01,12,2.1,8.2,6.9,46,15.4,51
勝浦沖,2026-04-01,15,2.0,7.8,5.4,50,15.3,53
勝浦沖,2026-04-01,18,1.8,7.4,4.8,59,15.2,61
勝浦沖,2026-04-01,21,1.7,7.3,3.7,54,15.2,61
富士山根,2026-04-01,00,3.0,8.3,8.6,215,15.7,2
富士山根,2026-04-01,03,2.4,8.2,1.9,297,15.7,2
富士山根,2026-04-01,06,2.0,8.1,4.2,25,15.8,0
富士山根,2026-04-01,09,1.8,8.2,5.4,27,15.8,3
富士山根,2026-04-01,12,1.6,8.1,5.5,46,15.8,3
富士山根,2026-04-01,15,1.5,7.7,4.9,44,15.8,61
富士山根,2026-04-01,18,1.3,7.3,5.6,31,15.8,55
富士山根,2026-04-01,21,1.2,6.8,6.0,14,15.7,61
川津沖,2026-04-01,00,3.2,8.7,9.1,218,15.4,3
川津沖,2026-04-01,03,2.6,8.5,4.3,255,15.4,3
川津沖,2026-04-01,06,2.3,8.3,0.4,270,15.4,3
川津沖,2026-04-01,09,2.6,8.8,6.8,48,15.5,51
川津沖,2026-04-01,12,2.0,7.8,6.7,47,15.6,3
川津沖,2026-04-01,15,1.9,7.2,5.6,57,15.6,53
川津沖,2026-04-01,18,1.8,7.0,5.1,68,15.6,61
川津沖,2026-04-01,21,1.7,6.9,5.0,56,15.5,61
下浦沖,2026-04-01,00,2.9,8.2,8.6,215,15.6,2
下浦沖,2026-04-01,03,2.3,8.1,1.9,297,15.6,2
下浦沖,2026-04-01,06,1.9,8.0,4.2,25,15.6,0
下浦沖,2026-04-01,09,1.6,8.1,5.4,27,15.6,3
下浦沖,2026-04-01,12,1.5,7.8,5.5,46,15.6,3
下浦沖,2026-04-01,15,1.3,7.6,4.9,44,15.6,61
下浦沖,2026-04-01,18,1.2,7.2,5.6,31,15.6,55
下浦沖,2026-04-01,21,1.0,6.8,6.0,14,15.4,61
興津沖,2026-04-01,00,3.2,8.7,9.1,218,15.4,3
興津沖,2026-04-01,03,2.6,8.5,4.3,255,15.4,3
興津沖,2026-04-01,06,2.3,8.3,0.4,270,15.4,3
興津沖,2026-04-01,09,2.6,8.8,6.8,48,15.5,51
興津沖,2026-04-01,12,2.0,7.8,6.7,47,15.6,3
興津沖,2026-04-01,15,1.9,7.2,5.6,57,15.6,53
興津沖,2026-04-01,18,1.8,7.0,5.1,68,15.6,61
興津沖,2026-04-01,21,1.7,6.9,5.0,56,15.5,61
長井西沖,2026-04-01,00,3.0,8.3,8.6,215,15.7,2
長井西沖,2026-04-01,03,2.4,8.2,1.9,297,15.7,2
長井西沖,2026-04-01,06,2.0,8.1,4.2,25,15.8,0
長井西沖,2026-04-01,09,1.8,8.2,5.4,27,15.8,3
長井西沖,2026-04-01,12,1.6,8.1,5.5,46,15.8,3
長井西沖,2026-04-01,15,1.5,7.7,4.9,44,15.8,61
長井西沖,2026-04-01,18,1.3,7.3,5.6,31,15.8,55
長井西沖,2026-04-01,21,1.2,6.8,6.0,14,15.7,61
長井沖,2026-04-01,00,2.9,8.2,8.6,215,15.6,2
長井沖,2026-04-01,03,2.3,8.1,1.9,297,15.6,2
長井沖,2026-04-01,06,1.9,8.0,4.2,25,15.7,0
長井沖,2026-04-01,09,1.7,8.1,5.4,27,15.7,3
長井沖,2026-04-01,12,1.5,7.8,5.5,46,15.7,3
長井沖,2026-04-01,15,1.4,7.6,4.9,44,15.7,61
長井沖,2026-04-01,18,1.2,7.2,5.6,31,15.6,55
長井沖,2026-04-01,21,1.1,6.7,6.0,14,15.6,61
三戸輪沖,2026-04-01,00,2.9,8.2,8.6,215,15.6,2
三戸輪沖,2026-04-01,03,2.3,8.1,1.9,297,15.6,2
三戸輪沖,2026-04-01,06,1.9,8.0,4.2,25,15.7,0
三戸輪沖,2026-04-01,09,1.7,8.1,5.4,27,15.7,3
三戸輪沖,2026-04-01,12,1.5,7.8,5.5,46,15.7,3
三戸輪沖,2026-04-01,15,1.4,7.6,4.9,44,15.7,61
三戸輪沖,2026-04-01,18,1.2,7.2,5.6,31,15.6,55
三戸輪沖,2026-04-01,21,1.1,6.7,6.0,14,15.6,61
金谷沖,2026-04-01,00,2.8,8.2,8.6,215,15.4,2
金谷沖,2026-04-01,03,2.2,8.2,1.9,297,15.3,2
金谷沖,2026-04-01,06,1.8,8.1,4.2,25,15.3,0
金谷沖,2026-04-01,09,1.6,8.1,5.4,27,15.3,3
金谷沖,2026-04-01,12,1.4,7.8,5.5,46,15.2,3
金谷沖,2026-04-01,15,1.3,7.7,4.9,44,15.2,61
金谷沖,2026-04-01,18,1.1,7.2,5.6,31,15.1,55
金谷沖,2026-04-01,21,0.9,6.9,6.0,14,15.0,61
瀬の海,2026-04-01,00,2.5,8.2,10.7,209,15.7,3
瀬の海,2026-04-01,03,2.1,8.2,2.8,334,15.7,2
瀬の海,2026-04-01,06,1.8,8.0,3.6,36,15.8,1
瀬の海,2026-04-01,09,1.6,8.1,2.6,14,15.9,3
瀬の海,2026-04-01,12,1.4,8.0,5.6,16,15.9,53
瀬の海,2026-04-01,15,1.3,7.6,6.4,49,15.9,61
瀬の海,2026-04-01,18,1.2,7.2,7.8,23,15.8,61
瀬の海,2026-04-01,21,1.1,6.8,8.1,8,15.8,53
秋谷沖,2026-04-01,00,3.0,8.3,8.6,215,15.7,2
秋谷沖,2026-04-01,03,2.4,8.2,1.9,297,15.7,2
秋谷沖,2026-04-01,06,2.0,8.1,4.2,25,15.8,0
秋谷沖,2026-04-01,09,1.8,8.2,5.4,27,15.8,3
秋谷沖,2026-04-01,12,1.6,8.1,5.5,46,15.8,3
秋谷沖,2026-04-01,15,1.5,7.7,4.9,44,15.8,61
秋谷沖,2026-04-01,18,1.3,7.3,5.6,31,15.8,55
秋谷沖,2026-04-01,21,1.2,6.8,6.0,14,15.7,61
竹岡沖,2026-04-01,00,2.8,8.2,8.2,209,15.4,3
竹岡沖,2026-04-01,03,2.2,8.2,0.4,16,15.3,2
竹岡沖,2026-04-01,06,1.8,8.1,3.3,24,15.3,0
竹岡沖,2026-04-01,09,1.6,8.1,5.3,19,15.3,51
竹岡沖,2026-04-01,12,1.4,7.8,5.5,45,15.2,3
竹岡沖,2026-04-01,15,1.3,7.7,5.5,63,15.2,53
竹岡沖,2026-04-01,18,1.1,7.2,5.3,51,15.1,53
竹岡沖,2026-04-01,21,0.9,6.9,5.3,18,15.0,61
部原沖,2026-04-01,00,3.7,8.8,9.1,221,15.2,3
部原沖,2026-04-01,03,3.0,8.6,5.6,237,15.2,3
部原沖,2026-04-01,06,2.6,8.4,0.5,323,15.3,3
部原沖,2026-04-01,09,2.4,8.4,3.5,46,15.4,51
部原沖,2026-04-01,12,2.1,8.2,6.9,46,15.4,51
部原沖,2026-04-01,15,2.0,7.8,5.4,50,15.3,53
部原沖,2026-04-01,18,1.8,7.4,4.8,59,15.2,61
部原沖,2026-04-01,21,1.7,7.3,3.7,54,15.2,61
小田原沖,2026-04-01,00,2.1,8.1,2.6,223,15.6,3
小田原沖,2026-04-01,03,1.8,8.0,2.1,298,15.6,3
小田原沖,2026-04-01,06,1.5,7.9,1.1,308,15.7,2
小田原沖,2026-04-01,09,1.4,8.0,2.2,97,15.8,3
小田原沖,2026-04-01,12,1.3,7.8,3.9,53,15.8,53
小田原沖,2026-04-01,15,1.2,7.5,3.6,46,15.8,61
小田原沖,2026-04-01,18,1.1,7.2,3.3,27,15.8,55
小田原沖,2026-04-01,21,1.0,6.8,3.1,9,15.6,61
久里浜沖,2026-04-01,00,2.9,8.2,8.6,215,15.6,2
久里浜沖,2026-04-01,03,2.3,8.1,1.9,297,15.6,2
久里浜沖,2026-04-01,06,1.9,8.0,4.2,25,15.6,0
久里浜沖,2026-04-01,09,1.6,8.1,5.4,27,15.6,3
久里浜沖,2026-04-01,12,1.5,7.8,5.5,46,15.6,3
久里浜沖,2026-04-01,15,1.3,7.6,4.9,44,15.6,61
久里浜沖,2026-04-01,18,1.2,7.2,5.6,31,15.6,55
久里浜沖,2026-04-01,21,1.0,6.8,6.0,14,15.4,61
鎌倉沖,2026-04-01,00,2.5,8.3,4.6,230,15.9,3
鎌倉沖,2026-04-01,03,2.0,8.2,2.9,60,15.9,3
鎌倉沖,2026-04-01,06,1.7,8.1,3.6,42,15.9,0
鎌倉沖,2026-04-01,09,1.4,8.1,3.4,28,15.9,3
鎌倉沖,2026-04-01,12,1.3,8.0,4.3,44,16.0,51
鎌倉沖,2026-04-01,15,1.2,7.8,3.7,49,16.0,61
鎌倉沖,2026-04-01,18,1.0,7.3,4.2,25,15.9,61
鎌倉沖,2026-04-01,21,0.9,6.9,4.5,359,15.9,55
葉山沖,2026-04-01,00,2.5,8.3,5.0,234,15.9,3
葉山沖,2026-04-01,03,2.0,8.2,2.5,38,15.9,3
葉山沖,2026-04-01,06,1.7,8.1,3.9,13,15.9,0
葉山沖,2026-04-01,09,1.4,8.1,4.5,30,15.9,3
葉山沖,2026-04-01,12,1.3,8.0,5.2,50,16.0,3
葉山沖,2026-04-01,15,1.2,7.8,4.4,60,16.0,61
葉山沖,2026-04-01,18,1.0,7.3,4.7,31,15.9,61
葉山沖,2026-04-01,21,0.9,6.9,4.9,6,15.9,53
大貫沖,2026-04-01,00,2.1,7.8,8.2,209,14.8,3
大貫沖,2026-04-01,03,1.7,7.8,0.4,16,14.8,2
大貫沖,2026-04-01,06,1.3,7.8,3.3,24,14.8,0
大貫沖,2026-04-01,09,1.1,7.7,5.3,19,14.9,51
大貫沖,2026-04-01,12,1.0,7.5,5.5,45,14.9,3
大貫沖,2026-04-01,15,0.9,7.3,5.5,63,14.9,53
大貫沖,2026-04-01,18,0.8,6.8,5.3,51,14.9,53
大貫沖,2026-04-01,21,0.7,6.3,5.3,18,14.9,61
大原沖,2026-04-01,00,2.8,8.8,9.1,218,15.3,3
大原沖,2026-04-01,03,2.4,8.5,4.3,255,15.3,3
大原沖,2026-04-01,06,2.1,8.3,0.4,270,15.4,3
大原沖,2026-04-01,09,2.6,9.1,6.8,48,15.4,51
大原沖,2026-04-01,12,1.9,7.5,6.7,47,15.4,3
大原沖,2026-04-01,15,1.9,7.0,5.6,57,15.4,53
大原沖,2026-04-01,18,1.8,6.8,5.1,68,15.4,61
大原沖,2026-04-01,21,1.7,6.8,5.0,56,15.4,61
江ノ島沖,2026-04-01,00,2.5,8.3,4.6,230,15.9,3
江ノ島沖,2026-04-01,03,2.1,8.2,2.9,60,15.9,3
江ノ島沖,2026-04-01,06,1.7,8.1,3.6,42,15.9,0
江ノ島沖,2026-04-01,09,1.5,8.1,3.4,28,15.9,3
江ノ島沖,2026-04-01,12,1.4,8.0,4.3,44,16.0,51
江ノ島沖,2026-04-01,15,1.2,7.8,3.7,49,16.0,61
江ノ島沖,2026-04-01,18,1.1,7.5,4.2,25,15.9,61
江ノ島沖,2026-04-01,21,1.0,7.0,4.5,359,15.9,55
小坪沖,2026-04-01,00,2.5,8.3,5.0,234,15.9,3
小坪沖,2026-04-01,03,2.0,8.2,2.5,38,15.9,3
小坪沖,2026-04-01,06,1.7,8.1,3.9,13,15.9,0
小坪沖,2026-04-01,09,1.4,8.1,4.5,30,15.9,3
小坪沖,2026-04-01,12,1.3,8.0,5.2,50,16.0,3
小坪沖,2026-04-01,15,1.2,7.8,4.4,60,16.0,61
小坪沖,2026-04-01,18,1.0,7.3,4.7,31,15.9,61
小坪沖,2026-04-01,21,0.9,6.9,4.9,6,15.9,53
横須賀沖,2026-04-01,00,2.0,7.9,8.6,215,15.1,2
横須賀沖,2026-04-01,03,1.6,7.8,1.9,297,15.1,2
横須賀沖,2026-04-01,06,1.3,7.8,4.2,25,15.1,0
横須賀沖,2026-04-01,09,1.1,7.7,5.4,27,15.1,3
横須賀沖,2026-04-01,12,1.0,7.4,5.5,46,15.1,3
横須賀沖,2026-04-01,15,0.9,7.2,4.9,44,15.1,61
横須賀沖,2026-04-01,18,0.8,6.8,5.6,31,15.0,55
横須賀沖,2026-04-01,21,0.7,6.2,6.0,14,14.9,61
観音崎沖,2026-04-01,00,2.0,7.9,8.6,215,15.1,2
観音崎沖,2026-04-01,03,1.6,7.8,1.9,297,15.1,2
観音崎沖,2026-04-01,06,1.3,7.8,4.2,25,15.1,0
観音崎沖,2026-04-01,09,1.1,7.7,5.4,27,15.1,3
観音崎沖,2026-04-01,12,1.0,7.4,5.5,46,15.1,3
観音崎沖,2026-04-01,15,0.9,7.2,4.9,44,15.1,61
観音崎沖,2026-04-01,18,0.8,6.8,5.6,31,15.0,55
観音崎沖,2026-04-01,21,0.7,6.2,6.0,14,14.9,61
富津南沖,2026-04-01,00,2.1,7.8,8.2,209,14.8,3
富津南沖,2026-04-01,03,1.7,7.8,0.4,16,14.8,2
富津南沖,2026-04-01,06,1.3,7.8,3.3,24,14.8,0
富津南沖,2026-04-01,09,1.1,7.7,5.3,19,14.9,51
富津南沖,2026-04-01,12,1.0,7.5,5.5,45,14.9,3
富津南沖,2026-04-01,15,0.9,7.3,5.5,63,14.9,53
富津南沖,2026-04-01,18,0.8,6.8,5.3,51,14.9,53
富津南沖,2026-04-01,21,0.7,6.3,5.3,18,14.9,61
二宮沖,2026-04-01,00,2.0,8.1,2.1,230,15.8,3
二宮沖,2026-04-01,03,1.6,8.0,1.8,358,15.8,1
二宮沖,2026-04-01,06,1.4,7.8,0.7,293,15.9,2
二宮沖,2026-04-01,09,1.3,7.8,1.6,76,15.9,3
二宮沖,2026-04-01,12,1.2,7.8,3.5,63,16.0,53
二宮沖,2026-04-01,15,1.1,7.6,2.1,45,16.0,63
二宮沖,2026-04-01,18,1.0,7.3,2.7,23,15.9,61
二宮沖,2026-04-01,21,0.9,7.1,2.6,357,15.9,53
大津沖,2026-04-01,00,2.2,8.1,8.6,215,15.1,2
大津沖,2026-04-01,03,1.8,8.0,1.9,297,15.1,2
大津沖,2026-04-01,06,1.4,7.8,4.2,25,15.1,0
大津沖,2026-04-01,09,1.2,7.8,5.4,27,15.1,3
大津沖,2026-04-01,12,1.1,7.7,5.5,46,15.1,3
大津沖,2026-04-01,15,1.0,7.5,4.9,44,15.1,61
大津沖,2026-04-01,18,0.9,7.0,5.6,31,15.0,55
大津沖,2026-04-01,21,0.8,6.5,6.0,14,14.9,61
大磯沖,2026-04-01,00,2.0,8.1,4.1,219,15.8,3
大磯沖,2026-04-01,03,1.6,8.0,2.9,44,15.8,2
大磯沖,2026-04-01,06,1.4,7.8,1.8,22,15.9,0
大磯沖,2026-04-01,09,1.3,7.8,2.5,13,15.9,3
大磯沖,2026-04-01,12,1.2,7.8,3.8,36,16.0,53
大磯沖,2026-04-01,15,1.1,7.6,3.0,32,16.0,63
大磯沖,2026-04-01,18,1.0,7.3,4.1,19,15.9,61
大磯沖,2026-04-01,21,0.9,7.1,4.5,1,15.9,53
大磯東沖,2026-04-01,00,2.3,8.2,4.1,219,15.9,3
大磯東沖,2026-04-01,03,1.9,8.1,2.9,44,15.9,2
大磯東沖,2026-04-01,06,1.6,8.0,1.8,22,15.9,0
大磯東沖,2026-04-01,09,1.4,8.0,2.5,13,16.0,3
大磯東沖,2026-04-01,12,1.3,7.9,3.8,36,16.0,53
大磯東沖,2026-04-01,15,1.2,7.7,3.0,32,16.0,63
大磯東沖,2026-04-01,18,1.1,7.5,4.1,19,15.9,61
大磯東沖,2026-04-01,21,1.0,7.1,4.5,1,15.9,53
茅ヶ崎沖,2026-04-01,00,2.3,8.2,4.1,219,15.9,3
茅ヶ崎沖,2026-04-01,03,1.9,8.1,2.9,44,15.9,2
茅ヶ崎沖,2026-04-01,06,1.6,8.0,1.8,22,15.9,0
茅ヶ崎沖,2026-04-01,09,1.4,8.0,2.5,13,16.0,3
茅ヶ崎沖,2026-04-01,12,1.3,7.9,3.8,36,16.0,53
茅ヶ崎沖,2026-04-01,15,1.2,7.7,3.0,32,16.0,63
茅ヶ崎沖,2026-04-01,18,1.1,7.5,4.1,19,15.9,61
茅ヶ崎沖,2026-04-01,21,1.0,7.1,4.5,1,15.9,53
猿島沖,2026-04-01,00,2.0,7.9,8.6,215,15.1,2
猿島沖,2026-04-01,03,1.6,7.8,1.9,297,15.1,2
猿島沖,2026-04-01,06,1.3,7.8,4.2,25,15.1,0
猿島沖,2026-04-01,09,1.1,7.7,5.4,27,15.1,3
猿島沖,2026-04-01,12,1.0,7.4,5.5,46,15.1,3
猿島沖,2026-04-01,15,0.9,7.2,4.9,44,15.1,61
猿島沖,2026-04-01,18,0.8,6.8,5.6,31,15.0,55
猿島沖,2026-04-01,21,0.7,6.2,6.0,14,14.9,61
走水沖,2026-04-01,00,2.1,7.8,8.2,209,14.8,3
走水沖,2026-04-01,03,1.7,7.8,0.4,16,14.8,2
走水沖,2026-04-01,06,1.3,7.8,3.3,24,14.8,0
走水沖,2026-04-01,09,1.1,7.7,5.3,19,14.9,51
走水沖,2026-04-01,12,1.0,7.5,5.5,45,14.9,3
走水沖,2026-04-01,15,0.9,7.3,5.5,63,14.9,53
走水沖,2026-04-01,18,0.8,6.8,5.3,51,14.9,53
走水沖,2026-04-01,21,0.7,6.3,5.3,18,14.9,61
太東沖,2026-04-01,00,2.8,8.8,8.2,213,15.1,3
太東沖,2026-04-01,03,2.4,8.5,3.1,280,15.1,3
太東沖,2026-04-01,06,2.1,8.3,1.6,277,15.1,3
太東沖,2026-04-01,09,2.6,9.1,9.1,60,15.2,51
太東沖,2026-04-01,12,1.9,7.5,7.4,52,15.2,3
太東沖,2026-04-01,15,1.9,7.0,6.4,60,15.2,53
太東沖,2026-04-01,18,1.8,6.8,6.2,66,15.1,61
太東沖,2026-04-01,21,1.7,6.8,5.5,55,15.1,61
第二海堡沖,2026-04-01,00,2.1,7.8,8.2,209,14.8,3
第二海堡沖,2026-04-01,03,1.7,7.8,0.4,16,14.8,2
第二海堡沖,2026-04-01,06,1.3,7.8,3.3,24,14.8,0
第二海堡沖,2026-04-01,09,1.1,7.7,5.3,19,14.9,51
第二海堡沖,2026-04-01,12,1.0,7.5,5.5,45,14.9,3
第二海堡沖,2026-04-01,15,0.9,7.3,5.5,63,14.9,53
第二海堡沖,2026-04-01,18,0.8,6.8,5.3,51,14.9,53
第二海堡沖,2026-04-01,21,0.7,6.3,5.3,18,14.9,61
富津沖,2026-04-01,00,2.1,7.8,8.2,209,14.8,3
富津沖,2026-04-01,03,1.7,7.8,0.4,16,14.8,2
富津沖,2026-04-01,06,1.3,7.8,3.3,24,14.8,0
富津沖,2026-04-01,09,1.1,7.7,5.3,19,14.9,51
富津沖,2026-04-01,12,1.0,7.5,5.5,45,14.9,3
富津沖,2026-04-01,15,0.9,7.3,5.5,63,14.9,53
富津沖,2026-04-01,18,0.8,6.8,5.3,51,14.9,53
富津沖,2026-04-01,21,0.7,6.3,5.3,18,14.9,61
鴨居沖,2026-04-01,00,2.2,8.1,5.0,234,14.4,3
鴨居沖,2026-04-01,03,1.8,8.0,2.5,38,14.4,3
鴨居沖,2026-04-01,06,1.4,7.8,3.9,13,14.4,0
鴨居沖,2026-04-01,09,1.2,7.8,4.5,30,14.4,3
鴨居沖,2026-04-01,12,1.1,7.7,5.2,50,14.4,3
鴨居沖,2026-04-01,15,1.0,7.5,4.4,60,14.4,61
鴨居沖,2026-04-01,18,0.9,7.0,4.7,31,14.4,61
鴨居沖,2026-04-01,21,0.8,6.5,4.9,6,14.3,53
鴨井沖,2026-04-01,00,3.1,8.7,14.3,214,15.4,3
鴨井沖,2026-04-01,03,2.6,8.5,5.4,259,15.4,2
鴨井沖,2026-04-01,06,2.2,8.3,1.1,233,15.4,3
鴨井沖,2026-04-01,09,2.7,8.9,11.6,53,15.4,3
鴨井沖,2026-04-01,12,2.1,7.4,9.4,52,15.3,3
鴨井沖,2026-04-01,15,2.0,7.0,9.9,67,15.2,53
鴨井沖,2026-04-01,18,1.9,6.8,9.2,75,15.2,55
鴨井沖,2026-04-01,21,1.8,6.8,8.4,60,15.2,61
富岡沖,2026-04-01,00,2.2,8.1,5.0,234,14.4,3
富岡沖,2026-04-01,03,1.8,8.0,2.5,38,14.4,3
富岡沖,2026-04-01,06,1.4,7.8,3.9,13,14.4,0
富岡沖,2026-04-01,09,1.2,7.8,4.5,30,14.4,3
富岡沖,2026-04-01,12,1.1,7.7,5.2,50,14.4,3
富岡沖,2026-04-01,15,1.0,7.5,4.4,60,14.4,61
富岡沖,2026-04-01,18,0.9,7.0,4.7,31,14.4,61
富岡沖,2026-04-01,21,0.8,6.5,4.9,6,14.3,53
小柴沖,2026-04-01,00,2.2,8.1,5.0,234,14.4,3
小柴沖,2026-04-01,03,1.8,8.0,2.5,38,14.4,3
小柴沖,2026-04-01,06,1.4,7.8,3.9,13,14.4,0
小柴沖,2026-04-01,09,1.2,7.8,4.5,30,14.4,3
小柴沖,2026-04-01,12,1.1,7.7,5.2,50,14.4,3
小柴沖,2026-04-01,15,1.0,7.5,4.4,60,14.4,61
小柴沖,2026-04-01,18,0.9,7.0,4.7,31,14.4,61
小柴沖,2026-04-01,21,0.8,6.5,4.9,6,14.3,53
八景沖,2026-04-01,00,2.2,8.1,5.0,234,14.4,3
八景沖,2026-04-01,03,1.8,8.0,2.5,38,14.4,3
八景沖,2026-04-01,06,1.4,7.8,3.9,13,14.4,0
八景沖,2026-04-01,09,1.2,7.8,4.5,30,14.4,3
八景沖,2026-04-01,12,1.1,7.7,5.2,50,14.4,3
八景沖,2026-04-01,15,1.0,7.5,4.4,60,14.4,61
八景沖,2026-04-01,18,0.9,7.0,4.7,31,14.4,61
八景沖,2026-04-01,21,0.8,6.5,4.9,6,14.3,53
長浦沖,2026-04-01,00,1.6,7.5,8.2,209,15.1,3
長浦沖,2026-04-01,03,1.2,7.6,0.4,16,15.1,2
長浦沖,2026-04-01,06,1.0,7.5,3.3,24,15.1,0
長浦沖,2026-04-01,09,0.8,7.4,5.3,19,15.1,51
長浦沖,2026-04-01,12,0.8,7.0,5.5,45,15.1,3
長浦沖,2026-04-01,15,0.7,6.8,5.5,63,15.1,53
長浦沖,2026-04-01,18,0.6,6.3,5.3,51,15.0,53
長浦沖,2026-04-01,21,0.6,5.8,5.3,18,14.9,61
木更津沖,2026-04-01,00,1.6,7.5,7.7,226,15.1,3
木更津沖,2026-04-01,03,1.2,7.6,1.2,38,15.1,2
木更津沖,2026-04-01,06,1.0,7.5,4.2,6,15.1,0
木更津沖,2026-04-01,09,0.8,7.4,5.8,35,15.1,51
木更津沖,2026-04-01,12,0.8,7.0,5.0,47,15.1,3
木更津沖,2026-04-01,15,0.7,6.8,5.8,68,15.1,53
木更津沖,2026-04-01,18,0.6,6.3,6.2,58,15.0,53
木更津沖,2026-04-01,21,0.6,5.8,6.1,24,14.9,61
一宮沖,2026-04-01,00,2.3,8.7,8.2,213,15.4,3
一宮沖,2026-04-01,03,1.9,8.4,3.1,280,15.4,3
一宮沖,2026-04-01,06,1.7,8.2,1.6,277,15.4,3
一宮沖,2026-04-01,09,2.3,8.9,9.1,60,15.4,51
一宮沖,2026-04-01,12,1.7,7.1,7.4,52,15.3,3
一宮沖,2026-04-01,15,1.6,6.8,6.4,60,15.2,53
一宮沖,2026-04-01,18,1.6,6.6,6.2,66,15.2,61
一宮沖,2026-04-01,21,1.5,6.6,5.5,55,15.2,61
中ノ瀬,2026-04-01,00,1.6,7.5,8.2,209,14.4,3
中ノ瀬,2026-04-01,03,1.2,7.6,0.4,16,14.4,2
中ノ瀬,2026-04-01,06,1.0,7.5,3.3,24,14.4,0
中ノ瀬,2026-04-01,09,0.8,7.4,5.3,19,14.4,51
中ノ瀬,2026-04-01,12,0.8,7.0,5.5,45,14.5,3
中ノ瀬,2026-04-01,15,0.7,6.8,5.5,63,14.6,53
中ノ瀬,2026-04-01,18,0.6,6.3,5.3,51,14.6,53
中ノ瀬,2026-04-01,21,0.6,5.8,5.3,18,14.5,61
本牧沖,2026-04-01,00,2.0,7.9,2.1,301,14.4,3
本牧沖,2026-04-01,03,1.6,7.8,1.7,39,14.4,3
本牧沖,2026-04-01,06,1.3,7.8,3.4,357,14.4,3
本牧沖,2026-04-01,09,1.1,7.7,3.0,21,14.4,3
本牧沖,2026-04-01,12,1.0,7.4,3.7,49,14.4,3
本牧沖,2026-04-01,15,0.9,7.2,3.7,72,14.4,61
本牧沖,2026-04-01,18,0.8,6.8,3.5,41,14.4,61
本牧沖,2026-04-01,21,0.7,6.2,3.8,5,14.3,53
横浜沖,2026-04-01,00,2.2,8.1,2.1,301,14.2,3
横浜沖,2026-04-01,03,1.8,8.0,1.7,39,14.1,3
横浜沖,2026-04-01,06,1.4,7.8,3.4,357,14.1,3
横浜沖,2026-04-01,09,1.2,7.8,3.0,21,14.1,3
横浜沖,2026-04-01,12,1.1,7.7,3.7,49,14.2,3
横浜沖,2026-04-01,15,1.0,7.5,3.7,72,14.2,61
横浜沖,2026-04-01,18,0.9,7.0,3.5,41,14.2,61
横浜沖,2026-04-01,21,0.8,6.5,3.8,5,14.1,53
根岸沖,2026-04-01,00,1.4,7.1,2.1,301,14.2,3
根岸沖,2026-04-01,03,1.0,7.4,1.7,39,14.1,3
根岸沖,2026-04-01,06,0.8,7.5,3.4,357,14.1,3
根岸沖,2026-04-01,09,0.7,7.3,3.0,21,14.1,3
根岸沖,2026-04-01,12,0.7,6.8,3.7,49,14.2,3
根岸沖,2026-04-01,15,0.6,6.5,3.7,72,14.2,61
根岸沖,2026-04-01,18,0.6,6.0,3.5,41,14.2,61
根岸沖,2026-04-01,21,0.5,5.4,3.8,5,14.1,53
片貝沖,2026-04-01,00,3.3,8.6,15.0,213,15.1,3
片貝沖,2026-04-01,03,2.7,8.4,5.3,268,15.1,2
片貝沖,2026-04-01,06,2.3,8.3,1.5,264,15.1,3
片貝沖,2026-04-01,09,2.8,8.7,13.3,58,15.0,3
片貝沖,2026-04-01,12,2.3,7.3,10.4,55,14.9,3
片貝沖,2026-04-01,15,2.1,7.0,10.4,69,14.9,53
片貝沖,2026-04-01,18,2.0,6.8,9.6,75,14.9,55
片貝沖,2026-04-01,21,1.9,6.8,8.9,58,14.9,61
盤洲沖,2026-04-01,00,1.5,7.2,7.7,226,14.4,3
盤洲沖,2026-04-01,03,1.1,7.6,1.2,38,14.5,2
盤洲沖,2026-04-01,06,0.9,7.6,4.2,6,14.6,0
盤洲沖,2026-04-01,09,0.7,7.5,5.8,35,14.6,51
盤洲沖,2026-04-01,12,0.7,6.9,5.0,47,14.6,3
盤洲沖,2026-04-01,15,0.6,6.7,5.8,68,14.6,53
盤洲沖,2026-04-01,18,0.6,6.2,6.2,58,14.4,53
盤洲沖,2026-04-01,21,0.5,5.5,6.1,24,14.4,61
大根,2026-04-01,00,3.3,8.6,14.9,214,15.1,3
大根,2026-04-01,03,2.7,8.4,5.3,267,15.1,2
大根,2026-04-01,06,2.3,8.3,2.0,300,15.1,3
大根,2026-04-01,09,2.8,8.7,12.6,60,15.0,3
大根,2026-04-01,12,2.3,7.3,10.8,57,14.9,3
大根,2026-04-01,15,2.1,7.0,10.7,70,14.9,53
大根,2026-04-01,18,2.0,6.8,9.7,73,14.9,55
大根,2026-04-01,21,1.9,6.8,9.2,60,14.9,61
川崎沖,2026-04-01,00,1.4,7.1,2.0,310,14.4,3
川崎沖,2026-04-01,03,1.0,7.4,1.1,13,14.4,3
川崎沖,2026-04-01,06,0.8,7.5,3.7,357,14.4,3
川崎沖,2026-04-01,09,0.7,7.3,2.9,15,14.4,3
川崎沖,2026-04-01,12,0.7,6.8,4.0,45,14.4,51
川崎沖,2026-04-01,15,0.6,6.5,3.4,64,14.4,61
川崎沖,2026-04-01,18,0.6,6.0,3.5,45,14.4,61
川崎沖,2026-04-01,21,0.5,5.4,3.9,7,14.3,53
五井沖,2026-04-01,00,1.0,5.9,6.8,233,13.2,3
五井沖,2026-04-01,03,0.6,6.8,1.0,259,13.2,2
五井沖,2026-04-01,06,0.5,7.3,1.6,346,13.2,1
五井沖,2026-04-01,09,0.4,7.2,6.2,63,13.3,51
五井沖,2026-04-01,12,0.4,5.7,5.0,68,13.4,3
五井沖,2026-04-01,15,0.4,5.6,4.2,67,13.4,53
五井沖,2026-04-01,18,0.3,5.0,4.6,65,13.4,53
五井沖,2026-04-01,21,0.3,4.4,4.0,41,13.3,51
鶴見沖,2026-04-01,00,1.4,7.1,2.0,310,14.4,3
鶴見沖,2026-04-01,03,1.0,7.4,1.1,13,14.4,3
鶴見沖,2026-04-01,06,0.8,7.5,3.7,357,14.4,3
鶴見沖,2026-04-01,09,0.7,7.3,2.9,15,14.4,3
鶴見沖,2026-04-01,12,0.7,6.8,4.0,45,14.4,51
鶴見沖,2026-04-01,15,0.6,6.5,3.4,64,14.4,61
鶴見沖,2026-04-01,18,0.6,6.0,3.5,45,14.4,61
鶴見沖,2026-04-01,21,0.5,5.4,3.9,7,14.3,53
羽田沖,2026-04-01,00,1.4,7.1,2.6,349,13.8,3
羽田沖,2026-04-01,03,1.0,7.4,1.0,337,13.8,2
羽田沖,2026-04-01,06,0.8,7.5,3.5,354,13.8,3
羽田沖,2026-04-01,09,0.7,7.3,2.2,17,13.8,51
羽田沖,2026-04-01,12,0.7,6.8,3.7,47,13.9,51
羽田沖,2026-04-01,15,0.6,6.5,3.3,69,13.9,55
羽田沖,2026-04-01,18,0.6,6.0,2.9,41,13.9,61
羽田沖,2026-04-01,21,0.5,5.4,3.6,3,13.8,53
千葉沖,2026-04-01,00,1.1,5.9,4.1,249,13.5,3
千葉沖,2026-04-01,03,0.7,6.7,0.8,292,13.5,3
千葉沖,2026-04-01,06,0.5,7.2,2.8,3,13.5,3
千葉沖,2026-04-01,09,0.4,7.2,4.7,59,13.6,3
千葉沖,2026-04-01,12,0.4,6.9,4.6,58,13.6,3
千葉沖,2026-04-01,15,0.4,5.7,4.0,68,13.6,53
千葉沖,2026-04-01,18,0.3,5.3,4.4,63,13.6,53
千葉沖,2026-04-01,21,0.3,4.8,4.0,36,13.6,61
浦安沖,2026-04-01,00,1.1,6.1,2.0,325,13.6,3
浦安沖,2026-04-01,03,0.7,6.7,1.3,299,13.6,3
浦安沖,2026-04-01,06,0.5,6.9,2.6,354,13.6,3
浦安沖,2026-04-01,09,0.4,6.9,2.3,43,13.7,3
浦安沖,2026-04-01,12,0.4,6.8,3.8,50,13.8,3
浦安沖,2026-04-01,15,0.4,6.0,3.9,74,13.8,55
浦安沖,2026-04-01,18,0.4,5.5,3.7,55,13.7,55
浦安沖,2026-04-01,21,0.3,5.0,3.9,21,13.6,51
屏風ヶ浦の陰,2026-04-01,00,1.1,5.9,3.4,241,13.8,3
屏風ヶ浦の陰,2026-04-01,03,0.7,6.7,1.3,283,13.8,3
屏風ヶ浦の陰,2026-04-01,06,0.5,7.2,2.6,11,13.8,3
屏風ヶ浦の陰,2026-04-01,09,0.4,7.2,4.9,67,13.8,51
屏風ヶ浦の陰,2026-04-01,12,0.4,6.9,4.6,58,13.8,3
屏風ヶ浦の陰,2026-04-01,15,0.4,5.7,4.2,66,13.9,53
屏風ヶ浦の陰,2026-04-01,18,0.3,5.3,4.3,66,13.9,53
屏風ヶ浦の陰,2026-04-01,21,0.3,4.8,3.9,43,13.8,51
犬吠南沖,2026-04-01,00,3.8,8.8,10.0,218,15.0,3
犬吠南沖,2026-04-01,03,3.1,8.7,2.5,253,14.9,3
犬吠南沖,2026-04-01,06,2.7,8.6,3.6,350,14.9,53
犬吠南沖,2026-04-01,09,2.8,8.7,8.4,64,14.9,3
犬吠南沖,2026-04-01,12,2.5,7.8,8.2,56,15.0,3
犬吠南沖,2026-04-01,15,2.3,7.2,7.6,66,15.0,53
犬吠南沖,2026-04-01,18,2.2,7.0,7.3,65,15.0,55
犬吠南沖,2026-04-01,21,2.1,7.0,6.1,62,14.9,53
亀城根,2026-04-01,00,3.8,8.8,14.7,217,15.0,3
亀城根,2026-04-01,03,3.1,8.7,5.3,253,14.9,3
亀城根,2026-04-01,06,2.7,8.6,4.0,319,14.9,3
亀城根,2026-04-01,09,2.8,8.7,10.0,60,14.9,3
亀城根,2026-04-01,12,2.5,7.8,9.8,54,15.0,3
亀城根,2026-04-01,15,2.3,7.2,10.6,69,15.0,53
亀城根,2026-04-01,18,2.2,7.0,9.9,75,15.0,55
亀城根,2026-04-01,21,2.1,7.0,9.0,72,14.9,61
外川沖,2026-04-01,00,3.3,8.8,10.0,218,15.1,3
外川沖,2026-04-01,03,2.7,8.7,2.5,253,15.1,3
外川沖,2026-04-01,06,2.3,8.6,3.6,350,15.1,53
外川沖,2026-04-01,09,2.4,8.7,8.4,64,15.1,3
外川沖,2026-04-01,12,2.2,7.8,8.2,56,15.1,3
外川沖,2026-04-01,15,2.0,7.2,7.6,66,15.1,53
外川沖,2026-04-01,18,1.9,7.0,7.3,65,15.1,55
外川沖,2026-04-01,21,1.9,6.8,6.1,62,15.1,53
犬吠沖,2026-04-01,00,3.3,8.8,10.0,218,15.1,3
犬吠沖,2026-04-01,03,2.7,8.7,2.5,253,15.1,3
犬吠沖,2026-04-01,06,2.3,8.6,3.6,350,15.1,53
犬吠沖,2026-04-01,09,2.4,8.7,8.4,64,15.1,3
犬吠沖,2026-04-01,12,2.2,7.8,8.2,56,15.1,3
犬吠沖,2026-04-01,15,2.0,7.2,7.6,66,15.1,53
犬吠沖,2026-04-01,18,1.9,7.0,7.3,65,15.1,55
犬吠沖,2026-04-01,21,1.9,6.8,6.1,62,15.1,53
飯岡沖,2026-04-01,00,2.8,8.7,10.0,218,15.1,3
飯岡沖,2026-04-01,03,2.1,8.7,2.5,253,15.1,3
飯岡沖,2026-04-01,06,1.8,8.5,3.6,350,15.1,53
飯岡沖,2026-04-01,09,2.0,8.9,8.4,64,15.1,3
飯岡沖,2026-04-01,12,1.8,7.8,8.2,56,15.1,3
飯岡沖,2026-04-01,15,1.7,7.1,7.6,66,15.2,53
飯岡沖,2026-04-01,18,1.6,6.9,7.3,65,15.2,55
飯岡沖,2026-04-01,21,1.5,6.8,6.1,62,15.1,53
波崎沖,2026-04-01,00,3.3,8.8,10.0,218,15.1,3
波崎沖,2026-04-01,03,2.7,8.7,2.5,253,15.1,3
波崎沖,2026-04-01,06,2.3,8.6,3.6,350,15.1,53
波崎沖,2026-04-01,09,2.4,8.7,8.4,64,15.1,3
波崎沖,2026-04-01,12,2.2,7.8,8.2,56,15.1,3
波崎沖,2026-04-01,15,2.0,7.2,7.6,66,15.1,53
波崎沖,2026-04-01,18,1.9,7.0,7.3,65,15.1,55
波崎沖,2026-04-01,21,1.9,6.8,6.1,62,15.1,53
川前大根,2026-04-01,00,2.8,8.7,10.0,218,15.1,3
川前大根,2026-04-01,03,2.1,8.7,2.5,253,15.1,3
川前大根,2026-04-01,06,1.8,8.5,3.6,350,15.1,53
川前大根,2026-04-01,09,2.0,8.9,8.4,64,15.1,3
川前大根,2026-04-01,12,1.8,7.8,8.2,56,15.1,3
川前大根,2026-04-01,15,1.7,7.1,7.6,66,15.2,53
川前大根,2026-04-01,18,1.6,6.9,7.3,65,15.2,55
川前大根,2026-04-01,21,1.5,6.8,6.1,62,15.1,53
神栖沖,2026-04-01,00,1.3,7.7,6.8,221,15.4,3
神栖沖,2026-04-01,03,1.1,8.1,1.8,254,15.4,3
神栖沖,2026-04-01,06,1.0,8.0,3.1,20,15.4,51
神栖沖,2026-04-01,09,1.5,8.1,7.1,63,15.4,3
神栖沖,2026-04-01,12,1.4,6.3,7.2,57,15.4,3
神栖沖,2026-04-01,15,1.5,6.0,6.4,66,15.3,55
神栖沖,2026-04-01,18,1.6,6.0,6.3,66,15.2,55
神栖沖,2026-04-01,21,1.7,6.1,6.0,61,15.2,61
鹿島沖,2026-04-01,00,1.3,7.7,5.3,243,15.4,3
鹿島沖,2026-04-01,03,1.1,8.1,2.0,226,15.4,3
鹿島沖,2026-04-01,06,1.0,8.0,3.2,20,15.4,3
鹿島沖,2026-04-01,09,1.5,8.1,6.8,66,15.4,3
鹿島沖,2026-04-01,12,1.4,6.3,7.1,62,15.4,3
鹿島沖,2026-04-01,15,1.5,6.0,6.5,70,15.4,55
鹿島沖,2026-04-01,18,1.6,6.0,6.6,67,15.4,53
鹿島沖,2026-04-01,21,1.7,6.1,6.3,61,15.4,55
鹿島北沖,2026-04-01,00,1.4,7.5,5.3,243,15.4,3
鹿島北沖,2026-04-01,03,1.2,8.0,2.0,226,15.4,3
鹿島北沖,2026-04-01,06,1.1,7.8,3.2,20,15.4,3
鹿島北沖,2026-04-01,09,1.6,7.6,6.8,66,15.4,3
鹿島北沖,2026-04-01,12,1.5,6.3,7.1,62,15.4,3
鹿島北沖,2026-04-01,15,1.6,6.0,6.5,70,15.4,55
鹿島北沖,2026-04-01,18,1.7,6.0,6.6,67,15.4,53
鹿島北沖,2026-04-01,21,1.8,6.1,6.3,61,15.4,55
北沖30,2026-04-01,00,1.6,7.8,2.3,334,15.3,3
北沖30,2026-04-01,03,1.3,8.2,2.6,5,15.3,2
北沖30,2026-04-01,06,1.3,7.9,3.1,63,15.3,3
北沖30,2026-04-01,09,1.8,8.0,7.0,58,15.4,3
北沖30,2026-04-01,12,1.7,6.8,7.0,60,15.4,51
北沖30,2026-04-01,15,1.7,6.5,6.5,61,15.4,55
北沖30,2026-04-01,18,1.7,6.3,7.2,66,15.4,53
北沖30,2026-04-01,21,1.8,6.3,7.2,58,15.3,53
青山沖,2026-04-01,00,1.6,8.0,2.3,334,15.4,3
青山沖,2026-04-01,03,1.4,8.2,2.6,5,15.4,2
青山沖,2026-04-01,06,1.4,8.0,3.1,63,15.4,3
青山沖,2026-04-01,09,1.8,8.0,7.0,58,15.4,3
青山沖,2026-04-01,12,1.7,6.9,7.0,60,15.4,51
青山沖,2026-04-01,15,1.7,6.5,6.5,61,15.4,55
青山沖,2026-04-01,18,1.7,6.4,7.2,66,15.4,53
青山沖,2026-04-01,21,1.8,6.4,7.2,58,15.3,53
日立沖,2026-04-01,00,2.0,8.3,2.2,304,15.4,3
日立沖,2026-04-01,03,1.8,8.4,2.5,311,15.4,3
日立沖,2026-04-01,06,1.6,8.3,2.4,89,15.4,2
日立沖,2026-04-01,09,2.1,8.4,7.1,57,15.4,3
日立沖,2026-04-01,12,1.9,7.4,7.1,52,15.4,3
日立沖,2026-04-01,15,1.8,7.0,6.8,49,15.4,55
日立沖,2026-04-01,18,1.7,6.7,7.0,51,15.4,53
日立沖,2026-04-01,21,1.8,6.7,7.2,47,15.3,51
茨城,2026-04-01,00,1.6,7.8,2.3,334,15.3,3
茨城,2026-04-01,03,1.3,8.2,2.6,5,15.3,2
茨城,2026-04-01,06,1.3,7.9,3.1,63,15.3,3
茨城,2026-04-01,09,1.8,8.0,7.0,58,15.4,3
茨城,2026-04-01,12,1.7,6.8,7.0,60,15.4,51
茨城,2026-04-01,15,1.7,6.5,6.5,61,15.4,55
茨城,2026-04-01,18,1.7,6.3,7.2,66,15.4,53
茨城,2026-04-01,21,1.8,6.3,7.2,58,15.3,53
千葉・外房,2026-04-01,00,3.9,8.7,15.3,217,14.4,3
千葉・外房,2026-04-01,03,3.2,8.6,7.1,253,14.4,3
千葉・外房,2026-04-01,06,2.7,8.5,1.2,223,14.6,3
千葉・外房,2026-04-01,09,3.1,9.2,9.4,53,14.8,3
千葉・外房,2026-04-01,12,2.3,7.8,9.4,58,14.8,3
千葉・外房,2026-04-01,15,2.2,7.3,10.1,71,14.8,53
千葉・外房,2026-04-01,18,2.1,7.1,8.6,76,14.7,55
千葉・外房,2026-04-01,21,2.0,7.1,7.5,67,14.6,61
千葉・内房,2026-04-01,00,3.4,8.4,8.0,211,15.6,3
千葉・内房,2026-04-01,03,2.7,8.2,5.3,214,15.6,3
千葉・内房,2026-04-01,06,2.2,8.2,1.2,25,15.6,3
千葉・内房,2026-04-01,09,1.9,8.1,3.6,24,15.6,3
千葉・内房,2026-04-01,12,1.8,8.0,4.6,60,15.7,3
千葉・内房,2026-04-01,15,1.6,7.8,4.8,67,15.7,53
千葉・内房,2026-04-01,18,1.3,7.3,5.0,66,15.6,53
千葉・内房,2026-04-01,21,1.2,7.0,3.5,30,15.6,61
千葉・東京湾奥,2026-04-01,00,1.1,6.1,2.0,325,13.6,3
千葉・東京湾奥,2026-04-01,03,0.7,6.7,1.3,299,13.6,3
千葉・東京湾奥,2026-04-01,06,0.5,6.9,2.6,354,13.6,3
千葉・東京湾奥,2026-04-01,09,0.4,6.9,2.3,43,13.7,3
千葉・東京湾奥,2026-04-01,12,0.4,6.8,3.8,50,13.8,3
千葉・東京湾奥,2026-04-01,15,0.4,6.0,3.9,74,13.8,55
千葉・東京湾奥,2026-04-01,18,0.4,5.5,3.7,55,13.7,55
千葉・東京湾奥,2026-04-01,21,0.3,5.0,3.9,21,13.6,51
神奈川・東京湾,2026-04-01,00,2.0,7.9,8.6,215,15.1,2
神奈川・東京湾,2026-04-01,03,1.6,7.8,1.9,297,15.1,2
神奈川・東京湾,2026-04-01,06,1.3,7.8,4.2,25,15.1,0
神奈川・東京湾,2026-04-01,09,1.1,7.7,5.4,27,15.1,3
神奈川・東京湾,2026-04-01,12,1.0,7.4,5.5,46,15.1,3
神奈川・東京湾,2026-04-01,15,0.9,7.2,4.9,44,15.1,61
神奈川・東京湾,2026-04-01,18,0.8,6.8,5.6,31,15.0,55
神奈川・東京湾,2026-04-01,21,0.7,6.2,6.0,14,14.9,61
神奈川・相模湾,2026-04-01,00,2.7,8.2,11.4,210,15.6,3
神奈川・相模湾,2026-04-01,03,2.2,8.2,4.0,263,15.6,2
神奈川・相模湾,2026-04-01,06,1.9,8.1,5.7,50,15.7,1
神奈川・相模湾,2026-04-01,09,1.7,8.2,2.5,7,15.8,3
神奈川・相模湾,2026-04-01,12,1.6,8.0,6.5,26,15.8,51
神奈川・相模湾,2026-04-01,15,1.5,7.5,7.5,51,15.7,61
神奈川・相模湾,2026-04-01,18,1.3,7.0,8.4,26,15.7,61
神奈川・相模湾,2026-04-01,21,1.3,6.5,9.2,10,15.6,55
静岡,2026-04-01,00,2.7,8.3,3.2,232,15.4,3
静岡,2026-04-01,03,2.3,8.3,2.1,319,15.4,1
静岡,2026-04-01,06,1.9,8.2,0.4,214,15.5,2
静岡,2026-04-01,09,1.8,8.2,2.9,100,15.6,3
静岡,2026-04-01,12,1.6,8.1,2.9,58,15.6,61
静岡,2026-04-01,15,1.5,7.5,3.7,59,15.7,61
静岡,2026-04-01,18,1.4,6.8,3.2,51,15.6,61
静岡,2026-04-01,21,1.3,6.3,2.5,42,15.5,63
茨城,2026-04-02,00,1.9,6.2,8.7,51,15.3,55
茨城,2026-04-02,03,2.1,6.2,8.3,16,15.2,55
茨城,2026-04-02,06,2.1,6.5,13.4,40,15.2,51
茨城,2026-04-02,09,2.1,6.8,4.2,293,15.2,55
茨城,2026-04-02,12,1.9,7.0,1.8,327,15.3,3
茨城,2026-04-02,15,1.7,7.2,2.2,201,15.3,2
茨城,2026-04-02,18,1.6,6.8,8.1,326,15.2,1
茨城,2026-04-02,21,1.4,7.0,4.9,328,15.2,2
千葉・外房,2026-04-02,00,1.9,7.0,6.1,172,14.5,63
千葉・外房,2026-04-02,03,1.8,6.9,4.1,326,14.5,63
千葉・外房,2026-04-02,06,1.9,6.8,2.9,288,14.5,61
千葉・外房,2026-04-02,09,2.2,7.2,8.6,295,14.6,3
千葉・外房,2026-04-02,12,2.5,7.7,6.7,337,14.6,3
千葉・外房,2026-04-02,15,2.3,7.8,4.5,53,14.6,3
千葉・外房,2026-04-02,18,2.2,7.8,4.8,51,14.5,0
千葉・外房,2026-04-02,21,2.0,7.3,8.8,338,14.4,1
千葉・内房,2026-04-02,00,1.1,6.5,4.3,360,15.1,63
千葉・内房,2026-04-02,03,1.1,5.8,6.7,358,15.0,61
千葉・内房,2026-04-02,06,1.2,6.2,5.4,10,14.9,51
千葉・内房,2026-04-02,09,1.7,7.5,4.5,350,14.9,51
千葉・内房,2026-04-02,12,1.8,7.9,4.3,32,14.9,3
千葉・内房,2026-04-02,15,1.7,7.7,2.8,44,15.1,1
千葉・内房,2026-04-02,18,1.5,7.8,2.6,10,15.1,0
千葉・内房,2026-04-02,21,1.2,7.5,6.6,1,14.9,1
千葉・東京湾奥,2026-04-02,00,0.4,4.0,3.9,355,13.5,63
千葉・東京湾奥,2026-04-02,03,0.4,3.6,5.7,347,13.5,63
千葉・東京湾奥,2026-04-02,06,0.4,3.8,3.9,356,13.4,53
千葉・東京湾奥,2026-04-02,09,0.3,5.6,3.3,339,13.4,53
千葉・東京湾奥,2026-04-02,12,0.4,7.2,2.0,63,13.5,51
千葉・東京湾奥,2026-04-02,15,0.4,7.2,1.1,251,13.6,1
千葉・東京湾奥,2026-04-02,18,0.5,5.2,8.2,336,13.5,1
千葉・東京湾奥,2026-04-02,21,0.4,4.7,5.0,327,13.4,0
東京,2026-04-02,00,0.6,4.5,4.5,331,13.6,63
東京,2026-04-02,03,0.6,4.0,5.4,337,13.6,63
東京,2026-04-02,06,0.6,4.2,4.0,354,13.6,51
東京,2026-04-02,09,0.6,6.0,3.3,348,13.6,53
東京,2026-04-02,12,0.6,7.3,2.1,78,13.6,51
東京,2026-04-02,15,0.6,7.5,0.8,315,13.8,1
東京,2026-04-02,18,0.6,6.9,7.3,348,13.7,0
東京,2026-04-02,21,0.6,5.0,3.8,337,13.6,0
神奈川・東京湾,2026-04-02,00,0.7,5.5,6.7,355,14.7,63
神奈川・東京湾,2026-04-02,03,0.8,4.9,8.7,350,14.6,63
神奈川・東京湾,2026-04-02,06,0.7,5.3,6.9,6,14.6,51
神奈川・東京湾,2026-04-02,09,0.9,6.9,4.5,356,14.6,51
神奈川・東京湾,2026-04-02,12,1.0,7.6,3.3,56,14.6,3
神奈川・東京湾,2026-04-02,15,1.0,7.5,1.6,34,14.7,1
神奈川・東京湾,2026-04-02,18,0.9,7.4,1.1,29,14.6,2
神奈川・東京湾,2026-04-02,21,0.7,6.8,6.1,5,14.6,0
神奈川・相模湾,2026-04-02,00,1.2,6.1,9.9,12,15.5,63
神奈川・相模湾,2026-04-02,03,1.2,5.8,10.5,12,15.4,61
神奈川・相模湾,2026-04-02,06,1.2,6.2,8.1,16,15.4,51
神奈川・相模湾,2026-04-02,09,1.5,7.3,6.5,13,15.4,51
神奈川・相模湾,2026-04-02,12,1.5,7.5,7.2,69,15.5,51
神奈川・相模湾,2026-04-02,15,1.4,7.5,2.0,68,15.6,1
神奈川・相模湾,2026-04-02,18,1.2,7.6,2.1,104,15.6,2
神奈川・相模湾,2026-04-02,21,1.0,7.7,5.4,36,15.4,1
静岡,2026-04-02,00,1.3,6.1,2.7,71,15.4,65
静岡,2026-04-02,03,1.3,5.9,3.4,79,15.4,63
静岡,2026-04-02,06,1.5,6.5,1.2,88,15.4,51
静岡,2026-04-02,09,1.8,7.4,1.5,54,15.4,51
静岡,2026-04-02,12,1.7,7.3,2.9,65,15.4,53
静岡,2026-04-02,15,1.5,7.5,2.5,118,15.6,1
静岡,2026-04-02,18,1.2,7.7,1.2,88,15.5,51
静岡,2026-04-02,21,1.0,7.8,1.7,173,15.4,51
茨城,2026-04-07,00,0.9,8.0,1.1,152,15.4,3
茨城,2026-04-07,03,0.9,7.8,2.1,200,15.4,3
茨城,2026-04-07,06,0.9,7.5,1.8,213,15.4,3
茨城,2026-04-07,09,0.9,7.0,4.0,209,15.4,3
茨城,2026-04-07,12,1.0,6.7,3.6,213,15.4,53
茨城,2026-04-07,15,1.0,7.2,2.4,281,15.4,51
茨城,2026-04-07,18,0.9,7.2,7.4,335,15.4,3
茨城,2026-04-07,21,1.2,7.5,6.1,326,15.2,51
千葉・外房,2026-04-07,00,1.4,6.7,9.5,209,14.9,3
千葉・外房,2026-04-07,03,1.4,6.5,9.1,219,14.7,3
千葉・外房,2026-04-07,06,1.4,6.3,9.1,214,14.6,3
千葉・外房,2026-04-07,09,1.4,6.2,10.9,200,14.6,51
千葉・外房,2026-04-07,12,1.4,6.0,10.4,217,14.6,53
千葉・外房,2026-04-07,15,1.5,6.0,9.9,218,14.7,51
千葉・外房,2026-04-07,18,1.4,6.2,8.0,240,14.6,3
千葉・外房,2026-04-07,21,1.6,7.2,9.3,3,14.5,3
千葉・内房,2026-04-07,00,1.1,5.4,6.0,206,15.4,3
千葉・内房,2026-04-07,03,1.0,5.3,6.0,212,15.4,3
千葉・内房,2026-04-07,06,1.0,5.3,5.9,207,15.4,3
千葉・内房,2026-04-07,09,1.1,5.0,6.3,207,15.4,51
千葉・内房,2026-04-07,12,1.2,5.0,6.9,207,15.5,53
千葉・内房,2026-04-07,15,1.1,4.7,6.8,218,15.5,3
千葉・内房,2026-04-07,18,1.1,5.0,4.2,298,15.5,3
千葉・内房,2026-04-07,21,1.0,5.3,8.2,25,15.4,0
千葉・東京湾奥,2026-04-07,00,0.5,3.6,5.5,203,14.4,3
千葉・東京湾奥,2026-04-07,03,0.6,3.6,5.6,203,14.4,3
千葉・東京湾奥,2026-04-07,06,0.6,3.5,6.3,191,14.4,3
千葉・東京湾奥,2026-04-07,09,0.6,3.6,5.7,194,14.4,3
千葉・東京湾奥,2026-04-07,12,0.7,3.7,6.7,197,14.4,51
千葉・東京湾奥,2026-04-07,15,0.6,3.3,5.8,212,14.4,3
千葉・東京湾奥,2026-04-07,18,0.6,3.4,5.5,331,14.4,3
千葉・東京湾奥,2026-04-07,21,0.5,3.3,7.6,335,14.3,3
東京,2026-04-07,00,0.6,4.0,4.4,199,14.5,3
東京,2026-04-07,03,0.6,3.9,3.9,208,14.4,3
東京,2026-04-07,06,0.6,3.8,5.2,189,14.4,3
東京,2026-04-07,09,0.7,3.8,3.7,193,14.4,3
東京,2026-04-07,12,0.7,3.9,5.3,192,14.4,51
東京,2026-04-07,15,0.6,3.5,6.0,220,14.4,3
東京,2026-04-07,18,0.6,3.9,8.2,340,14.4,3
東京,2026-04-07,21,0.6,3.9,8.6,342,14.2,1
神奈川・相模湾,2026-04-07,00,1.0,6.6,7.5,212,15.9,3
神奈川・相模湾,2026-04-07,03,0.9,6.5,7.0,211,15.9,3
神奈川・相模湾,2026-04-07,06,1.0,6.5,8.0,202,15.9,3
神奈川・相模湾,2026-04-07,09,1.0,6.0,8.6,197,15.9,3
神奈川・相模湾,2026-04-07,12,1.0,5.8,10.6,206,15.9,51
神奈川・相模湾,2026-04-07,15,1.0,5.6,8.7,218,15.9,3
神奈川・相模湾,2026-04-07,18,1.1,5.2,4.6,266,15.8,3
神奈川・相模湾,2026-04-07,21,1.2,5.3,11.5,49,15.8,0
静岡,2026-04-07,00,1.0,7.0,1.9,292,15.9,3
静岡,2026-04-07,03,0.9,7.0,1.5,282,15.9,3
静岡,2026-04-07,06,1.0,7.0,1.4,287,15.9,3
静岡,2026-04-07,09,1.0,6.5,3.0,245,15.9,51
静岡,2026-04-07,12,1.1,6.2,3.7,252,15.9,51
静岡,2026-04-07,15,1.1,5.8,5.2,257,15.9,3
静岡,2026-04-07,18,1.0,5.8,4.5,254,15.9,3
静岡,2026-04-07,21,1.2,5.9,6.6,51,15.8,0
茨城,2026-04-08,00,1.2,7.0,5.9,336,15.2,1
茨城,2026-04-08,03,1.2,6.9,5.6,319,15.1,0
茨城,2026-04-08,06,1.1,7.0,5.4,329,15.1,0
茨城,2026-04-08,09,0.9,7.2,6.1,318,15.1,1
茨城,2026-04-08,12,0.8,7.7,3.9,300,15.2,0
茨城,2026-04-08,15,0.7,8.1,2.9,264,15.4,0
茨城,2026-04-08,18,0.7,8.4,2.6,209,15.3,0
茨城,2026-04-08,21,0.7,8.2,4.0,205,15.2,0
千葉・外房,2026-04-08,00,1.9,7.7,7.8,11,14.1,3
千葉・外房,2026-04-08,03,2.3,7.8,9.3,333,13.9,0
千葉・外房,2026-04-08,06,1.9,7.3,8.6,333,13.9,0
千葉・外房,2026-04-08,09,1.5,6.9,7.6,347,13.9,0
千葉・外房,2026-04-08,12,1.4,7.5,3.3,2,14.1,0
千葉・外房,2026-04-08,15,1.3,7.8,3.2,98,14.2,0
千葉・外房,2026-04-08,18,1.2,7.8,5.7,157,14.2,0
千葉・外房,2026-04-08,21,1.1,7.8,5.4,181,14.1,0
千葉・内房,2026-04-08,00,1.3,6.0,8.9,16,15.4,3
千葉・内房,2026-04-08,03,1.7,6.7,8.1,15,15.4,0
千葉・内房,2026-04-08,06,1.3,6.2,6.5,16,15.2,0
千葉・内房,2026-04-08,09,0.9,6.2,6.8,1,15.2,0
千葉・内房,2026-04-08,12,0.9,7.5,4.8,2,15.4,0
千葉・内房,2026-04-08,15,0.8,8.0,2.8,159,15.6,0
千葉・内房,2026-04-08,18,0.8,7.8,3.6,166,15.6,0
千葉・内房,2026-04-08,21,0.7,6.5,4.0,179,15.4,0
千葉・東京湾奥,2026-04-08,00,0.6,3.4,7.1,337,14.2,3
千葉・東京湾奥,2026-04-08,03,0.5,3.6,6.1,346,14.1,0
千葉・東京湾奥,2026-04-08,06,0.5,3.8,5.8,329,13.9,0
千葉・東京湾奥,2026-04-08,09,0.4,3.5,5.1,325,13.9,0
千葉・東京湾奥,2026-04-08,12,0.3,4.8,3.0,339,14.1,0
千葉・東京湾奥,2026-04-08,15,0.2,6.8,1.4,338,14.4,0
千葉・東京湾奥,2026-04-08,18,0.2,7.1,4.5,205,14.3,0
千葉・東京湾奥,2026-04-08,21,0.3,3.5,4.7,178,14.2,0
神奈川・東京湾,2026-04-08,00,0.8,5.0,9.5,1,14.9,1
神奈川・東京湾,2026-04-08,03,1.1,5.7,8.5,16,14.8,0
神奈川・東京湾,2026-04-08,06,0.8,5.5,7.6,14,14.6,0
神奈川・東京湾,2026-04-08,09,0.6,5.3,6.5,8,14.6,0
神奈川・東京湾,2026-04-08,12,0.6,6.8,4.1,32,14.8,0
神奈川・東京湾,2026-04-08,15,0.5,7.5,2.7,126,14.9,0
神奈川・東京湾,2026-04-08,18,0.5,7.7,5.6,171,14.9,0
神奈川・東京湾,2026-04-08,21,0.5,5.7,5.6,199,14.8,1
神奈川・相模湾,2026-04-08,00,1.4,5.8,11.1,19,15.6,0
神奈川・相模湾,2026-04-08,03,1.8,6.7,13.3,26,15.5,0
神奈川・相模湾,2026-04-08,06,1.4,6.9,9.3,17,15.4,0
神奈川・相模湾,2026-04-08,09,0.9,7.0,6.7,15,15.4,0
神奈川・相模湾,2026-04-08,12,0.9,7.7,2.8,55,15.6,0
神奈川・相模湾,2026-04-08,15,0.9,7.8,4.9,153,15.9,0
神奈川・相模湾,2026-04-08,18,0.8,7.3,8.4,185,15.7,0
神奈川・相模湾,2026-04-08,21,0.7,6.7,8.0,219,15.5,1
静岡,2026-04-08,00,1.5,6.0,2.1,128,15.6,0
静岡,2026-04-08,03,1.9,6.5,0.5,53,15.6,0
静岡,2026-04-08,06,1.6,6.7,0.9,167,15.5,0
静岡,2026-04-08,09,1.1,6.5,1.2,14,15.5,0
静岡,2026-04-08,12,1.0,7.2,2.8,83,15.6,0
静岡,2026-04-08,15,0.9,7.5,3.0,121,15.8,2
静岡,2026-04-08,18,0.8,7.2,0.7,309,15.6,1
静岡,2026-04-08,21,0.7,7.0,1.3,250,15.6,0
茨城,2026-04-09,00,0.7,7.7,3.2,201,15.6,0
茨城,2026-04-09,03,0.7,7.7,3.3,196,15.6,0
茨城,2026-04-09,06,0.8,7.4,3.0,224,15.6,1
茨城,2026-04-09,09,0.9,6.8,3.2,199,15.6,3
茨城,2026-04-09,12,1.0,6.1,6.2,199,15.7,3
茨城,2026-04-09,15,1.1,5.7,7.4,218,15.8,3
茨城,2026-04-09,18,1.1,6.0,5.5,190,15.8,3
茨城,2026-04-09,21,1.1,6.0,5.8,201,15.7,3
千葉・外房,2026-04-09,00,1.1,8.0,6.6,202,14.1,0
千葉・外房,2026-04-09,03,1.1,8.1,6.2,193,14.0,0
千葉・外房,2026-04-09,06,1.0,7.7,7.5,180,14.0,2
千葉・外房,2026-04-09,09,1.1,7.0,8.7,188,14.0,3
千葉・外房,2026-04-09,12,1.2,6.8,7.8,197,14.1,3
千葉・外房,2026-04-09,15,1.4,6.2,10.1,198,14.1,3
千葉・外房,2026-04-09,18,1.4,6.2,9.2,200,14.1,3
千葉・外房,2026-04-09,21,1.5,6.0,10.6,199,14.2,3
千葉・内房,2026-04-09,00,0.7,6.3,3.7,191,15.4,0
千葉・内房,2026-04-09,03,0.7,6.7,3.6,178,15.4,0
千葉・内房,2026-04-09,06,0.6,6.8,1.6,186,15.4,2
千葉・内房,2026-04-09,09,0.6,7.0,4.8,196,15.5,0
千葉・内房,2026-04-09,12,0.7,6.0,6.7,202,15.6,3
千葉・内房,2026-04-09,15,0.9,4.9,6.4,207,15.7,3
千葉・内房,2026-04-09,18,0.9,5.0,5.8,203,15.6,3
千葉・内房,2026-04-09,21,0.9,4.8,6.6,199,15.6,3
千葉・東京湾奥,2026-04-09,00,0.3,3.3,4.6,171,14.1,0
千葉・東京湾奥,2026-04-09,03,0.3,3.6,3.5,185,14.1,0
千葉・東京湾奥,2026-04-09,06,0.2,3.9,3.1,189,14.1,3
千葉・東京湾奥,2026-04-09,09,0.2,3.8,3.3,199,14.1,1
千葉・東京湾奥,2026-04-09,12,0.4,2.8,7.1,192,14.3,3
千葉・東京湾奥,2026-04-09,15,0.7,3.3,7.5,189,14.4,3
千葉・東京湾奥,2026-04-09,18,0.8,3.6,7.0,192,14.4,3
千葉・東京湾奥,2026-04-09,21,0.7,3.6,6.8,201,14.4,3
東京,2026-04-09,00,0.3,4.5,4.6,194,14.1,0
東京,2026-04-09,03,0.3,5.0,4.1,210,14.1,0
東京,2026-04-09,06,0.3,5.3,2.6,203,14.1,1
東京,2026-04-09,09,0.2,4.8,3.4,187,14.1,1
東京,2026-04-09,12,0.4,3.2,6.4,181,14.3,3
東京,2026-04-09,15,0.7,3.4,6.8,182,14.4,3
東京,2026-04-09,18,0.8,3.8,6.5,192,14.4,3
東京,2026-04-09,21,0.7,3.6,6.4,200,14.3,3
神奈川・東京湾,2026-04-09,00,0.5,5.2,6.4,218,14.8,0
神奈川・東京湾,2026-04-09,03,0.5,5.8,4.7,228,14.8,0
神奈川・東京湾,2026-04-09,06,0.4,6.0,2.8,227,14.8,1
神奈川・東京湾,2026-04-09,09,0.3,6.3,3.6,223,14.8,2
神奈川・東京湾,2026-04-09,12,0.5,4.8,6.3,182,14.9,3
神奈川・東京湾,2026-04-09,15,0.8,3.9,8.7,198,15.0,3
神奈川・東京湾,2026-04-09,18,0.8,4.2,8.3,206,14.9,3
神奈川・東京湾,2026-04-09,21,0.7,4.2,7.8,207,14.9,3
神奈川・相模湾,2026-04-09,00,0.7,7.3,7.6,216,15.6,1
神奈川・相模湾,2026-04-09,03,0.7,7.9,5.0,255,15.6,0
神奈川・相模湾,2026-04-09,06,0.6,7.6,5.3,246,15.6,3
神奈川・相模湾,2026-04-09,09,0.7,8.0,5.2,234,15.6,3
神奈川・相模湾,2026-04-09,12,0.7,7.1,7.5,185,15.8,3
神奈川・相模湾,2026-04-09,15,1.0,5.5,10.6,191,15.9,3
神奈川・相模湾,2026-04-09,18,1.0,5.8,9.5,203,15.8,3
神奈川・相模湾,2026-04-09,21,0.9,6.3,8.2,213,15.8,3
静岡,2026-04-09,00,0.8,7.8,1.0,256,15.4,0
静岡,2026-04-09,03,0.8,8.1,1.6,270,15.4,0
静岡,2026-04-09,06,0.6,7.6,2.4,271,15.4,3
静岡,2026-04-09,09,0.7,8.0,2.2,266,15.5,3
静岡,2026-04-09,12,0.8,7.2,3.6,255,15.6,3
静岡,2026-04-09,15,0.9,6.1,4.4,235,15.7,3
静岡,2026-04-09,18,0.8,6.7,1.3,223,15.6,3
静岡,2026-04-09,21,0.9,6.7,1.2,289,15.6,3
茨城,2026-04-10,00,1.2,6.2,6.0,202,15.6,3
茨城,2026-04-10,03,1.2,6.3,5.0,193,15.6,53
茨城,2026-04-10,06,1.3,6.2,7.4,188,15.6,51
茨城,2026-04-10,09,1.4,6.2,7.4,195,15.6,51
茨城,2026-04-10,12,1.6,6.0,9.6,201,15.6,51
茨城,2026-04-10,15,1.6,6.1,7.6,208,15.6,61
茨城,2026-04-10,18,1.6,6.3,8.1,204,15.6,63
茨城,2026-04-10,21,1.5,6.8,3.8,249,15.6,51
千葉・外房,2026-04-10,00,1.7,6.2,9.9,196,14.2,3
千葉・外房,2026-04-10,03,1.7,6.1,11.0,194,14.4,51
千葉・外房,2026-04-10,06,2.0,6.2,12.0,197,14.4,3
千葉・外房,2026-04-10,09,2.2,6.3,12.8,192,14.4,3
千葉・外房,2026-04-10,12,2.5,6.4,14.3,204,14.1,53
千葉・外房,2026-04-10,15,2.9,6.8,14.9,198,13.9,51
千葉・外房,2026-04-10,18,3.7,7.2,15.4,203,13.5,55
千葉・外房,2026-04-10,21,3.8,7.4,17.5,217,13.2,3
千葉・内房,2026-04-10,00,1.1,5.0,6.8,198,15.6,55
千葉・内房,2026-04-10,03,1.3,5.1,7.2,194,15.6,51
千葉・内房,2026-04-10,06,1.6,5.5,8.7,199,15.6,51
千葉・内房,2026-04-10,09,1.8,5.8,8.0,200,15.6,53
千葉・内房,2026-04-10,12,2.0,6.2,9.0,204,15.6,61
千葉・内房,2026-04-10,15,2.5,6.6,9.6,195,15.6,63
千葉・内房,2026-04-10,18,3.4,7.3,12.2,208,15.6,63
千葉・内房,2026-04-10,21,3.5,7.5,11.6,218,15.6,51
千葉・東京湾奥,2026-04-10,00,0.8,3.8,7.0,192,14.4,3
千葉・東京湾奥,2026-04-10,03,0.8,3.9,7.6,198,14.4,3
千葉・東京湾奥,2026-04-10,06,1.0,4.2,8.5,194,14.4,51
千葉・東京湾奥,2026-04-10,09,1.2,4.5,8.3,197,14.4,51
千葉・東京湾奥,2026-04-10,12,1.3,4.8,9.5,195,14.4,61
千葉・東京湾奥,2026-04-10,15,1.4,4.8,8.3,198,14.5,53
千葉・東京湾奥,2026-04-10,18,1.3,5.2,7.6,207,14.6,61
千葉・東京湾奥,2026-04-10,21,1.5,5.5,6.5,213,14.6,51
東京,2026-04-10,00,0.8,3.8,6.0,188,14.2,3
東京,2026-04-10,03,0.9,4.0,6.6,197,14.2,51
東京,2026-04-10,06,1.1,4.4,8.1,198,14.2,51
東京,2026-04-10,09,1.3,4.7,7.2,191,14.2,51
東京,2026-04-10,12,1.4,4.9,8.1,194,14.3,61
東京,2026-04-10,15,1.5,5.2,7.5,194,14.4,53
東京,2026-04-10,18,1.8,5.8,5.3,200,14.4,63
東京,2026-04-10,21,1.9,6.0,5.4,226,14.4,51
神奈川・東京湾,2026-04-10,00,0.9,4.2,8.8,202,14.9,3
神奈川・東京湾,2026-04-10,03,1.1,4.5,9.6,203,14.9,51
神奈川・東京湾,2026-04-10,06,1.3,4.8,11.1,206,14.9,53
神奈川・東京湾,2026-04-10,09,1.4,5.1,10.8,205,14.9,51
神奈川・東京湾,2026-04-10,12,1.5,5.4,10.6,202,14.9,61
神奈川・東京湾,2026-04-10,15,1.7,5.7,12.5,197,15.0,55
神奈川・東京湾,2026-04-10,18,2.4,6.4,14.7,215,15.0,53
神奈川・東京湾,2026-04-10,21,2.3,6.7,11.7,217,15.0,51
神奈川・相模湾,2026-04-10,00,1.1,6.0,7.9,204,15.6,53
神奈川・相模湾,2026-04-10,03,1.3,5.8,12.2,205,15.6,53
神奈川・相模湾,2026-04-10,06,1.5,5.9,13.2,205,15.6,53
神奈川・相模湾,2026-04-10,09,1.6,6.2,11.9,201,15.6,55
神奈川・相模湾,2026-04-10,12,1.7,6.5,11.1,205,15.6,61
神奈川・相模湾,2026-04-10,15,2.1,6.7,14.8,197,15.6,55
神奈川・相模湾,2026-04-10,18,2.9,7.2,14.9,209,15.6,53
神奈川・相模湾,2026-04-10,21,2.7,7.2,10.9,208,15.6,53
静岡,2026-04-10,00,1.0,6.2,0.5,326,15.6,51
静岡,2026-04-10,03,1.4,5.8,0.9,308,15.6,53
静岡,2026-04-10,06,1.5,6.0,2.3,217,15.5,61
静岡,2026-04-10,09,1.7,6.6,2.4,249,15.5,55
静岡,2026-04-10,12,1.8,6.6,2.2,275,15.6,61
静岡,2026-04-10,15,2.3,6.5,5.0,245,15.6,61
静岡,2026-04-10,18,2.9,7.0,9.4,237,15.5,55
静岡,2026-04-10,21,2.6,7.0,7.8,252,15.4,51
茨城,2026-04-11,00,1.4,8.1,1.3,320,15.6,3
茨城,2026-04-11,03,1.3,8.2,0.8,256,15.6,3
茨城,2026-04-11,06,1.2,8.1,0.5,331,15.6,3
茨城,2026-04-11,09,1.1,8.1,1.9,358,15.8,1
茨城,2026-04-11,12,1.1,8.1,2.9,143,16.0,0
茨城,2026-04-11,15,1.1,7.8,4.7,140,16.2,0
茨城,2026-04-11,18,1.0,7.8,2.0,58,16.1,0
茨城,2026-04-11,21,1.0,8.2,5.1,354,15.9,1
千葉・外房,2026-04-11,00,3.3,7.8,15.6,217,12.9,3
千葉・外房,2026-04-11,03,2.8,7.6,12.3,215,12.8,0
千葉・外房,2026-04-11,06,2.5,7.3,15.1,215,12.8,0
千葉・外房,2026-04-11,09,2.3,7.0,10.0,237,12.9,0
千葉・外房,2026-04-11,12,2.2,7.0,3.8,242,13.1,0
千葉・外房,2026-04-11,15,2.1,7.3,7.3,217,13.4,0
千葉・外房,2026-04-11,18,1.9,7.5,5.1,252,13.4,0
千葉・外房,2026-04-11,21,1.8,7.6,6.4,337,13.2,3
千葉・内房,2026-04-11,00,2.8,7.2,9.8,211,15.6,3
千葉・内房,2026-04-11,03,2.3,7.2,7.2,205,15.6,0
千葉・内房,2026-04-11,06,1.9,6.5,7.6,202,15.6,0
千葉・内房,2026-04-11,09,1.9,6.3,7.6,241,15.6,0
千葉・内房,2026-04-11,12,1.9,6.8,4.5,231,16.0,0
千葉・内房,2026-04-11,15,1.8,6.7,5.6,222,16.3,0
千葉・内房,2026-04-11,18,1.7,6.8,4.3,211,16.1,0
千葉・内房,2026-04-11,21,1.5,6.8,2.2,3,15.9,2
千葉・東京湾奥,2026-04-11,00,1.0,5.5,5.5,216,14.5,2
千葉・東京湾奥,2026-04-11,03,0.8,5.4,2.4,243,14.5,3
千葉・東京湾奥,2026-04-11,06,0.5,5.2,1.0,317,14.6,3
千葉・東京湾奥,2026-04-11,09,0.4,5.7,1.3,13,14.6,3
千葉・東京湾奥,2026-04-11,12,0.4,5.9,0.9,221,15.1,0
千葉・東京湾奥,2026-04-11,15,0.4,6.0,2.6,234,15.4,51
千葉・東京湾奥,2026-04-11,18,0.4,6.0,2.0,128,15.3,0
千葉・東京湾奥,2026-04-11,21,0.4,6.0,2.6,33,15.1,3
東京,2026-04-11,00,1.3,6.1,3.4,218,14.4,2
東京,2026-04-11,03,1.0,6.1,1.4,255,14.4,3
東京,2026-04-11,06,0.7,5.7,0.5,264,14.4,3
東京,2026-04-11,09,0.7,6.0,1.9,316,14.6,0
東京,2026-04-11,12,0.7,6.2,0.4,194,15.0,1
東京,2026-04-11,15,0.6,6.3,1.6,166,15.4,0
東京,2026-04-11,18,0.6,6.3,3.1,147,15.2,0
東京,2026-04-11,21,0.6,6.2,3.5,2,15.1,2
神奈川・東京湾,2026-04-11,00,1.8,6.5,9.9,211,15.1,1
神奈川・東京湾,2026-04-11,03,1.5,6.6,7.6,217,15.1,0
神奈川・東京湾,2026-04-11,06,1.0,6.0,6.2,219,15.1,0
神奈川・東京湾,2026-04-11,09,1.0,6.2,2.5,252,15.2,0
神奈川・東京湾,2026-04-11,12,1.1,6.3,2.0,183,15.6,51
神奈川・東京湾,2026-04-11,15,1.0,6.4,5.4,214,16.0,0
神奈川・東京湾,2026-04-11,18,1.0,6.4,2.6,217,15.9,0
神奈川・東京湾,2026-04-11,21,0.8,6.5,2.4,14,15.7,0
神奈川・相模湾,2026-04-11,00,2.2,7.2,11.2,201,15.6,0
神奈川・相模湾,2026-04-11,03,1.8,7.2,7.8,243,15.6,0
神奈川・相模湾,2026-04-11,06,1.4,6.7,6.2,225,15.6,0
神奈川・相模湾,2026-04-11,09,1.5,6.4,3.0,310,15.8,0
神奈川・相模湾,2026-04-11,12,1.4,6.7,2.6,253,16.4,0
神奈川・相模湾,2026-04-11,15,1.3,7.1,6.8,177,16.8,0
神奈川・相模湾,2026-04-11,18,1.3,7.3,3.8,290,16.5,0
神奈川・相模湾,2026-04-11,21,1.1,7.6,6.7,285,16.1,1
静岡,2026-04-11,00,2.1,7.2,7.4,256,15.5,2
静岡,2026-04-11,03,1.9,7.3,7.9,260,15.5,0
静岡,2026-04-11,06,1.5,6.5,7.7,264,15.5,0
静岡,2026-04-11,09,1.6,6.2,7.7,252,15.6,0
静岡,2026-04-11,12,1.5,6.5,7.0,262,15.9,0
静岡,2026-04-11,15,1.5,6.8,4.7,244,16.3,0
静岡,2026-04-11,18,1.4,7.0,7.0,263,16.2,0
静岡,2026-04-11,21,1.3,7.3,4.5,258,16.0,3
茨城,2026-04-12,00,1.1,7.6,5.9,330,15.9,2
茨城,2026-04-12,03,1.1,7.2,7.0,328,15.8,3
茨城,2026-04-12,06,1.2,7.3,5.6,323,15.6,0
茨城,2026-04-12,09,1.0,7.4,3.1,304,15.6,1
茨城,2026-04-12,12,0.9,7.9,1.0,235,15.8,0
茨城,2026-04-12,15,0.9,7.5,3.7,125,16.0,0
茨城,2026-04-12,18,0.9,7.1,1.4,199,15.9,0
茨城,2026-04-12,21,0.9,7.7,3.7,209,15.8,2
千葉・外房,2026-04-12,00,1.7,7.6,10.9,7,13.1,2
千葉・外房,2026-04-12,03,1.5,7.7,5.1,2,13.1,3
千葉・外房,2026-04-12,06,1.3,7.5,7.0,25,13.1,3
千葉・外房,2026-04-12,09,1.5,7.6,6.2,51,13.1,3
千葉・外房,2026-04-12,12,1.5,7.4,5.0,117,13.4,0
千葉・外房,2026-04-12,15,1.4,7.2,7.2,161,13.8,0
千葉・外房,2026-04-12,18,1.4,7.2,7.4,168,13.7,2
千葉・外房,2026-04-12,21,1.4,7.5,6.8,182,13.6,3
千葉・内房,2026-04-12,00,1.3,6.5,4.9,356,15.8,3
千葉・内房,2026-04-12,03,1.0,6.7,2.4,42,15.6,3
千葉・内房,2026-04-12,06,0.8,6.5,3.3,22,15.6,3
千葉・内房,2026-04-12,09,0.8,6.5,4.7,20,15.6,3
千葉・内房,2026-04-12,12,0.7,7.2,2.2,186,15.9,0
千葉・内房,2026-04-12,15,0.7,7.2,4.6,167,16.3,0
千葉・内房,2026-04-12,18,0.7,6.9,4.8,148,16.2,3
千葉・内房,2026-04-12,21,0.9,7.2,4.2,152,16.0,3
千葉・東京湾奥,2026-04-12,00,0.3,5.8,3.0,9,15.0,3
千葉・東京湾奥,2026-04-12,03,0.3,5.8,1.9,339,14.9,3
千葉・東京湾奥,2026-04-12,06,0.2,5.7,3.2,351,14.9,3
千葉・東京湾奥,2026-04-12,09,0.2,5.7,1.5,351,14.9,3
千葉・東京湾奥,2026-04-12,12,0.2,5.8,1.5,205,15.2,1
千葉・東京湾奥,2026-04-12,15,0.2,4.6,5.1,202,15.6,0
千葉・東京湾奥,2026-04-12,18,0.3,3.2,3.8,197,15.4,2
千葉・東京湾奥,2026-04-12,21,0.3,3.5,3.4,178,15.2,3
東京,2026-04-12,00,0.5,6.0,3.9,6,15.0,3
東京,2026-04-12,03,0.4,6.0,3.0,357,14.9,3
東京,2026-04-12,06,0.3,6.0,3.9,4,14.8,3
東京,2026-04-12,09,0.3,6.0,2.4,345,14.8,3
東京,2026-04-12,12,0.3,6.3,2.5,162,15.1,1
東京,2026-04-12,15,0.3,5.5,4.8,188,15.5,1
東京,2026-04-12,18,0.3,4.2,4.1,191,15.4,3
東京,2026-04-12,21,0.3,4.8,3.4,184,15.1,3
神奈川・東京湾,2026-04-12,00,0.7,6.3,5.3,5,15.5,3
神奈川・東京湾,2026-04-12,03,0.6,6.3,4.9,27,15.4,3
神奈川・東京湾,2026-04-12,06,0.5,6.2,5.0,31,15.2,3
神奈川・東京湾,2026-04-12,09,0.5,6.2,3.8,35,15.2,3
神奈川・東京湾,2026-04-12,12,0.4,6.8,1.0,81,15.6,0
神奈川・東京湾,2026-04-12,15,0.4,6.5,5.5,184,15.9,0
神奈川・東京湾,2026-04-12,18,0.4,5.9,5.4,168,15.8,3
神奈川・東京湾,2026-04-12,21,0.5,6.4,4.5,179,15.6,3
静岡,2026-04-12,00,1.1,7.3,4.0,257,15.9,3
静岡,2026-04-12,03,0.9,7.7,1.9,154,15.8,3
静岡,2026-04-12,06,0.9,7.7,4.0,104,15.8,3
静岡,2026-04-12,09,0.9,7.2,3.6,96,15.8,2
静岡,2026-04-12,12,0.9,7.7,3.0,120,16.0,0
静岡,2026-04-12,15,0.9,7.8,2.4,149,16.2,0
静岡,2026-04-12,18,0.9,7.8,0.8,133,16.1,3
静岡,2026-04-12,21,1.0,8.1,0.8,243,15.9,3
