date,ship,area,weather_area,fish,count_min,count_max,count_avg,size_min,size_max,weight_min,weight_max,wave_height,wave_period,swell_height,wind_speed,wind_dir,temp,sea_surface_temp,flood1,flood1_cm,flood2,flood2_cm,ebb1,ebb1_cm,ebb2,ebb2_cm,tide_range,tide_type,moon_age
2026-03-24,山下丸,久比里港,tokyo_bay,カワハギ,0,6,3,,,,,0.64,5.55,0.5,5.2,8,9.5,14.0,07:22,175.6,21:32,142.8,01:40,86.1,14:33,18.8,156.8,中潮,5.1
2026-03-24,山下丸,久比里港,tokyo_bay,マダイ,0,6,3,,,,,0.64,5.55,0.5,5.2,8,9.5,14.0,07:22,175.6,21:32,142.8,01:40,86.1,14:33,18.8,156.8,中潮,5.1
2026-03-24,山下丸,久比里港,tokyo_bay,アマダイ,0,6,3,,,,,0.64,5.55,0.5,5.2,8,9.5,14.0,07:22,175.6,21:32,142.8,01:40,86.1,14:33,18.8,156.8,中潮,5.1
2026-03-23,山下丸,久比里港,tokyo_bay,カワハギ,0,7,3,,,,,0.32,4.7,0.22,2.0,304,11.1,14.1,07:06,181.4,20:32,162.6,01:19,68.7,13:53,10.2,171.2,中潮,4.1
2026-03-23,山下丸,久比里港,tokyo_bay,マダイ,2,7,4,,,,,0.32,4.7,0.22,2.0,304,11.1,14.1,07:06,181.4,20:32,162.6,01:19,68.7,13:53,10.2,171.2,中潮,4.1
2026-03-23,山下丸,久比里港,tokyo_bay,アマダイ,2,7,4,,,,,0.32,4.7,0.22,2.0,304,11.1,14.1,07:06,181.4,20:32,162.6,01:19,68.7,13:53,10.2,171.2,中潮,4.1
2026-03-22,山下丸,久比里港,tokyo_bay,カワハギ,0,10,5,,,,,0.26,4.95,0.16,3.8,357,6.6,14.0,06:49,185.4,19:45,180.5,00:55,51.8,13:18,8.4,177.0,中潮,3.1
2026-03-22,山下丸,久比里港,tokyo_bay,不明,3,7,5,,,,,0.26,4.95,0.16,3.8,357,6.6,14.0,06:49,185.4,19:45,180.5,00:55,51.8,13:18,8.4,177.0,中潮,3.1
2026-03-22,山下丸,久比里港,tokyo_bay,マダイ,4,5,4,,,,,0.26,4.95,0.16,3.8,357,6.6,14.0,06:49,185.4,19:45,180.5,00:55,51.8,13:18,8.4,177.0,中潮,3.1
2026-03-22,山下丸,久比里港,tokyo_bay,アマダイ,4,5,4,,,,,0.26,4.95,0.16,3.8,357,6.6,14.0,06:49,185.4,19:45,180.5,00:55,51.8,13:18,8.4,177.0,中潮,3.1
2026-03-21,山下丸,久比里港,tokyo_bay,カワハギ,1,8,4,,,,,0.48,4.4,0.32,7.2,12,5.3,14.1,06:30,187.9,19:02,193.6,00:28,37.1,12:44,12.8,180.8,中潮,2.1
2026-03-21,山下丸,久比里港,tokyo_bay,不明,5,5,5,,,,,0.48,4.4,0.32,7.2,12,5.3,14.1,06:30,187.9,19:02,193.6,00:28,37.1,12:44,12.8,180.8,中潮,2.1
2026-03-21,山下丸,久比里港,tokyo_bay,マダイ,2,6,4,,,,,0.48,4.4,0.32,7.2,12,5.3,14.1,06:30,187.9,19:02,193.6,00:28,37.1,12:44,12.8,180.8,中潮,2.1
2026-03-21,山下丸,久比里港,tokyo_bay,アマダイ,2,6,4,,,,,0.48,4.4,0.32,7.2,12,5.3,14.1,06:30,187.9,19:02,193.6,00:28,37.1,12:44,12.8,180.8,中潮,2.1
2026-03-20,山下丸,久比里港,tokyo_bay,カワハギ,0,9,4,,,,,0.56,6.05,0.42,4.7,29,10.9,14.1,06:09,189,18:22,200.2,12:11,22.1,,,178.1,大潮,1.1
2026-03-20,山下丸,久比里港,tokyo_bay,マダイ,0,7,3,,,,,0.56,6.05,0.42,4.7,29,10.9,14.1,06:09,189,18:22,200.2,12:11,22.1,,,178.1,大潮,1.1
2026-03-20,山下丸,久比里港,tokyo_bay,アマダイ,0,7,3,,,,,0.56,6.05,0.42,4.7,29,10.9,14.1,06:09,189,18:22,200.2,12:11,22.1,,,178.1,大潮,1.1
2026-03-24,山天丸,久比里港,tokyo_bay,マルイカ,16,20,18,,,,,0.64,5.55,0.5,5.2,8,9.5,14.0,07:22,175.6,21:32,142.8,01:40,86.1,14:33,18.8,156.8,中潮,5.1
2026-03-24,山天丸,久比里港,tokyo_bay,マダイ,1,10,5,,,,,0.64,5.55,0.5,5.2,8,9.5,14.0,07:22,175.6,21:32,142.8,01:40,86.1,14:33,18.8,156.8,中潮,5.1
2026-03-24,山天丸,久比里港,tokyo_bay,アマダイ,1,10,5,,,,,0.64,5.55,0.5,5.2,8,9.5,14.0,07:22,175.6,21:32,142.8,01:40,86.1,14:33,18.8,156.8,中潮,5.1
2026-03-22,山天丸,久比里港,tokyo_bay,マルイカ,2,6,4,,,,,0.26,4.95,0.16,3.8,357,6.6,14.0,06:49,185.4,19:45,180.5,00:55,51.8,13:18,8.4,177.0,中潮,3.1
2026-03-22,山天丸,久比里港,tokyo_bay,マダイ,2,5,3,,,,,0.26,4.95,0.16,3.8,357,6.6,14.0,06:49,185.4,19:45,180.5,00:55,51.8,13:18,8.4,177.0,中潮,3.1
2026-03-22,山天丸,久比里港,tokyo_bay,アマダイ,2,5,3,,,,,0.26,4.95,0.16,3.8,357,6.6,14.0,06:49,185.4,19:45,180.5,00:55,51.8,13:18,8.4,177.0,中潮,3.1
2026-03-21,山天丸,久比里港,tokyo_bay,マルイカ,3,12,7,,,,,0.48,4.4,0.32,7.2,12,5.3,14.1,06:30,187.9,19:02,193.6,00:28,37.1,12:44,12.8,180.8,中潮,2.1
2026-03-21,山天丸,久比里港,tokyo_bay,マダイ,1,4,2,,,,,0.48,4.4,0.32,7.2,12,5.3,14.1,06:30,187.9,19:02,193.6,00:28,37.1,12:44,12.8,180.8,中潮,2.1
2026-03-21,山天丸,久比里港,tokyo_bay,アマダイ,1,4,2,,,,,0.48,4.4,0.32,7.2,12,5.3,14.1,06:30,187.9,19:02,193.6,00:28,37.1,12:44,12.8,180.8,中潮,2.1
2026-03-20,山天丸,久比里港,tokyo_bay,マルイカ,4,37,20,,,,,0.56,6.05,0.42,4.7,29,10.9,14.1,06:09,189,18:22,200.2,12:11,22.1,,,178.1,大潮,1.1
2026-03-20,山天丸,久比里港,tokyo_bay,マダイ,1,4,2,,,,,0.56,6.05,0.42,4.7,29,10.9,14.1,06:09,189,18:22,200.2,12:11,22.1,,,178.1,大潮,1.1
2026-03-20,山天丸,久比里港,tokyo_bay,アマダイ,1,4,2,,,,,0.56,6.05,0.42,4.7,29,10.9,14.1,06:09,189,18:22,200.2,12:11,22.1,,,178.1,大潮,1.1
2026-03-20,山天丸,久比里港,tokyo_bay,カワハギ,2,5,3,,,,,0.56,6.05,0.42,4.7,29,10.9,14.1,06:09,189,18:22,200.2,12:11,22.1,,,178.1,大潮,1.1
2026-03-17,山天丸,久比里港,tokyo_bay,マルイカ,1,9,5,,,,,0.26,7.55,0.18,4.2,17,9.3,13.9,04:58,177.7,16:17,181.7,10:36,64.4,22:53,17,164.7,大潮,27.6
2026-03-17,山天丸,久比里港,tokyo_bay,マダイ,0,8,4,,,,,0.26,7.55,0.18,4.2,17,9.3,13.9,04:58,177.7,16:17,181.7,10:36,64.4,22:53,17,164.7,大潮,27.6
2026-03-17,山天丸,久比里港,tokyo_bay,アマダイ,0,8,4,,,,,0.26,7.55,0.18,4.2,17,9.3,13.9,04:58,177.7,16:17,181.7,10:36,64.4,22:53,17,164.7,大潮,27.6
2026-03-24,巳之助丸,久比里港,tokyo_bay,カワハギ,0,4,2,,,,,0.64,5.55,0.5,5.2,8,9.5,14.0,07:22,175.6,21:32,142.8,01:40,86.1,14:33,18.8,156.8,中潮,5.1
2026-03-24,巳之助丸,久比里港,tokyo_bay,アジ,12,40,26,,,,,0.64,5.55,0.5,5.2,8,9.5,14.0,07:22,175.6,21:32,142.8,01:40,86.1,14:33,18.8,156.8,中潮,5.1
2026-03-24,巳之助丸,久比里港,tokyo_bay,マダイ,3,4,3,,,,,0.64,5.55,0.5,5.2,8,9.5,14.0,07:22,175.6,21:32,142.8,01:40,86.1,14:33,18.8,156.8,中潮,5.1
2026-03-24,巳之助丸,久比里港,tokyo_bay,アマダイ,3,4,3,,,,,0.64,5.55,0.5,5.2,8,9.5,14.0,07:22,175.6,21:32,142.8,01:40,86.1,14:33,18.8,156.8,中潮,5.1
2026-03-22,巳之助丸,久比里港,tokyo_bay,カワハギ,0,7,3,,,,,0.26,4.95,0.16,3.8,357,6.6,14.0,06:49,185.4,19:45,180.5,00:55,51.8,13:18,8.4,177.0,中潮,3.1
2026-03-22,巳之助丸,久比里港,tokyo_bay,アジ,7,47,27,,,,,0.26,4.95,0.16,3.8,357,6.6,14.0,06:49,185.4,19:45,180.5,00:55,51.8,13:18,8.4,177.0,中潮,3.1
2026-03-21,巳之助丸,久比里港,tokyo_bay,カワハギ,0,10,5,,,,,0.48,4.4,0.32,7.2,12,5.3,14.1,06:30,187.9,19:02,193.6,00:28,37.1,12:44,12.8,180.8,中潮,2.1
2026-03-21,巳之助丸,久比里港,tokyo_bay,アジ,25,61,43,,,,,0.48,4.4,0.32,7.2,12,5.3,14.1,06:30,187.9,19:02,193.6,00:28,37.1,12:44,12.8,180.8,中潮,2.1
2026-03-20,巳之助丸,久比里港,tokyo_bay,カワハギ,0,7,3,,,,,0.56,6.05,0.42,4.7,29,10.9,14.1,06:09,189,18:22,200.2,12:11,22.1,,,178.1,大潮,1.1
2026-03-20,巳之助丸,久比里港,tokyo_bay,アジ,12,112,62,,,,,0.56,6.05,0.42,4.7,29,10.9,14.1,06:09,189,18:22,200.2,12:11,22.1,,,178.1,大潮,1.1
2026-03-20,巳之助丸,久比里港,tokyo_bay,マダイ,1,5,3,,,,,0.56,6.05,0.42,4.7,29,10.9,14.1,06:09,189,18:22,200.2,12:11,22.1,,,178.1,大潮,1.1
2026-03-20,巳之助丸,久比里港,tokyo_bay,アマダイ,1,5,3,,,,,0.56,6.05,0.42,4.7,29,10.9,14.1,06:09,189,18:22,200.2,12:11,22.1,,,178.1,大潮,1.1
2026-03-19,巳之助丸,久比里港,tokyo_bay,アジ,49,61,55,,,,,0.96,5.05,0.8,9.8,214,15.3,14.1,05:46,188,17:41,200.1,11:39,34.7,23:58,25.8,174.3,大潮,0.1
2026-03-25,村井丸,保田港,tokyo_bay,不明,0,6,3,,,,,0.36,6.45,0.3,2.2,1,11.3,14.2,07:38,166.9,23:09,127.7,01:56,102.9,15:25,33.2,133.7,小潮,6.1
2026-03-25,村井丸,保田港,tokyo_bay,マダイ,1,1,1,,,,,0.36,6.45,0.3,2.2,1,11.3,14.2,07:38,166.9,23:09,127.7,01:56,102.9,15:25,33.2,133.7,小潮,6.1
2026-03-25,村井丸,保田港,tokyo_bay,マダイ,1,4,2,,,,,0.36,6.45,0.3,2.2,1,11.3,14.2,07:38,166.9,23:09,127.7,01:56,102.9,15:25,33.2,133.7,小潮,6.1
2026-03-25,村井丸,保田港,tokyo_bay,不明,2,3,2,,,,,0.36,6.45,0.3,2.2,1,11.3,14.2,07:38,166.9,23:09,127.7,01:56,102.9,15:25,33.2,133.7,小潮,6.1
2026-03-25,村井丸,保田港,tokyo_bay,アジ,5,23,14,,,,,0.36,6.45,0.3,2.2,1,11.3,14.2,07:38,166.9,23:09,127.7,01:56,102.9,15:25,33.2,133.7,小潮,6.1
2026-03-23,村井丸,保田港,tokyo_bay,不明,0,6,3,,,,,0.32,4.7,0.22,2.0,304,11.1,14.1,07:06,181.4,20:32,162.6,01:19,68.7,13:53,10.2,171.2,中潮,4.1
2026-03-23,村井丸,保田港,tokyo_bay,アジ,0,2,1,,,,,0.32,4.7,0.22,2.0,304,11.1,14.1,07:06,181.4,20:32,162.6,01:19,68.7,13:53,10.2,171.2,中潮,4.1
2026-03-23,村井丸,保田港,tokyo_bay,アジ,9,14,11,,,,,0.32,4.7,0.22,2.0,304,11.1,14.1,07:06,181.4,20:32,162.6,01:19,68.7,13:53,10.2,171.2,中潮,4.1
2026-03-22,村井丸,保田港,tokyo_bay,不明,1,10,5,,,,,0.26,4.95,0.16,3.8,357,6.6,14.0,06:49,185.4,19:45,180.5,00:55,51.8,13:18,8.4,177.0,中潮,3.1
2026-03-22,村井丸,保田港,tokyo_bay,アジ,13,38,25,,,,,0.26,4.95,0.16,3.8,357,6.6,14.0,06:49,185.4,19:45,180.5,00:55,51.8,13:18,8.4,177.0,中潮,3.1
2026-03-22,村井丸,保田港,tokyo_bay,イサキ,16,36,26,,,,,0.26,4.95,0.16,3.8,357,6.6,14.0,06:49,185.4,19:45,180.5,00:55,51.8,13:18,8.4,177.0,中潮,3.1
2026-03-22,村井丸,保田港,tokyo_bay,アジ,3,15,9,,,,,0.26,4.95,0.16,3.8,357,6.6,14.0,06:49,185.4,19:45,180.5,00:55,51.8,13:18,8.4,177.0,中潮,3.1
2026-03-21,村井丸,保田港,tokyo_bay,不明,0,2,1,,,,,0.48,4.4,0.32,7.2,12,5.3,14.1,06:30,187.9,19:02,193.6,00:28,37.1,12:44,12.8,180.8,中潮,2.1
2026-03-21,村井丸,保田港,tokyo_bay,アジ,2,11,6,,,,,0.48,4.4,0.32,7.2,12,5.3,14.1,06:30,187.9,19:02,193.6,00:28,37.1,12:44,12.8,180.8,中潮,2.1
2026-03-16,村井丸,保田港,tokyo_bay,不明,1,8,4,,,,,0.38,7.45,0.3,5.7,9,7.8,14.0,04:34,167.6,15:30,166,10:05,79.9,22:18,20.3,147.3,中潮,26.6
2026-03-16,村井丸,保田港,tokyo_bay,イサキ,3,21,12,,,,,0.38,7.45,0.3,5.7,9,7.8,14.0,04:34,167.6,15:30,166,10:05,79.9,22:18,20.3,147.3,中潮,26.6
2026-03-16,村井丸,保田港,tokyo_bay,アジ,4,23,13,,,,,0.38,7.45,0.3,5.7,9,7.8,14.0,04:34,167.6,15:30,166,10:05,79.9,22:18,20.3,147.3,中潮,26.6
2026-03-24,不動丸,勝浦川津港,outer_boso,スルメイカ,0,10,5,,,,,1.56,7.6,1.16,8.7,341,10.3,14.8,06:49,135.8,21:14,104.5,01:05,72.2,14:05,3.7,132.1,中潮,5.1
2026-03-24,不動丸,勝浦川津港,outer_boso,不明,3,20,11,,,,,1.56,7.6,1.16,8.7,341,10.3,14.8,06:49,135.8,21:14,104.5,01:05,72.2,14:05,3.7,132.1,中潮,5.1
2026-03-22,不動丸,勝浦川津港,outer_boso,ヤリイカ,2,4,3,,,,,1.16,9.75,1.02,5.2,227,13.8,14.8,06:00,140.1,19:10,128.6,00:10,44.1,12:35,-2.7,142.8,中潮,3.1
2026-03-22,不動丸,勝浦川津港,outer_boso,不明,2,40,21,,,,,1.16,9.75,1.02,5.2,227,13.8,14.8,06:00,140.1,19:10,128.6,00:10,44.1,12:35,-2.7,142.8,中潮,3.1
2026-03-20,不動丸,勝浦川津港,outer_boso,スルメイカ,4,23,13,,,,,2.08,8.05,1.16,11.1,55,12.2,15.1,05:15,137.4,17:38,142,11:22,12.3,23:40,31,129.7,大潮,1.1
2026-03-20,不動丸,勝浦川津港,outer_boso,不明,4,36,20,,,,,2.08,8.05,1.16,11.1,55,12.2,15.1,05:15,137.4,17:38,142,11:22,12.3,23:40,31,129.7,大潮,1.1
2026-03-18,不動丸,勝浦川津港,outer_boso,スルメイカ,11,20,15,,,,,1.96,11.4,1.96,3.0,140,13.8,15.1,04:34,129.8,16:13,137.9,10:18,40.6,22:37,12.9,125.0,大潮,28.6
2026-03-17,不動丸,勝浦川津港,outer_boso,不明,2,20,11,,,,,2.42,11.75,2.34,6.2,50,12.2,15.1,04:15,124.6,15:30,130,09:50,55.8,22:05,10.1,119.9,大潮,27.6
2026-03-17,不動丸,勝浦川津港,outer_boso,ヤリイカ,2,5,3,,,,,2.42,11.75,2.34,6.2,50,12.2,15.1,04:15,124.6,15:30,130,09:50,55.8,22:05,10.1,119.9,大潮,27.6
2026-03-24,大盛丸,外川港,outer_boso,ヒラメ,3,3,3,,,,,1.56,7.6,1.16,8.7,341,10.3,14.8,06:49,135.8,21:14,104.5,01:05,72.2,14:05,3.7,132.1,中潮,5.1
2026-03-22,大盛丸,外川港,outer_boso,ヒラメ,1,6,3,,,,,1.16,9.75,1.02,5.2,227,13.8,14.8,06:00,140.1,19:10,128.6,00:10,44.1,12:35,-2.7,142.8,中潮,3.1
2026-03-21,大盛丸,外川港,outer_boso,不明,0,5,2,,,,,1.58,8.45,1.12,9.3,355,7.4,14.8,05:37,139.4,18:23,137.3,11:57,2.4,,,137.0,中潮,2.1
2026-03-21,大盛丸,外川港,outer_boso,メバル,1,9,5,,,,,1.58,8.45,1.12,9.3,355,7.4,14.8,05:37,139.4,18:23,137.3,11:57,2.4,,,137.0,中潮,2.1
2026-03-20,大盛丸,外川港,outer_boso,マハタ,0,2,1,,,,,2.08,8.05,1.16,11.1,55,12.2,15.1,05:15,137.4,17:38,142,11:22,12.3,23:40,31,129.7,大潮,1.1
2026-03-20,大盛丸,外川港,outer_boso,ヒラメ,0,1,0,,,,,2.08,8.05,1.16,11.1,55,12.2,15.1,05:15,137.4,17:38,142,11:22,12.3,23:40,31,129.7,大潮,1.1
2026-03-09,大盛丸,外川港,outer_boso,ヒラメ,2,2,2,,,,,1.52,10.65,1.2,7.5,356,7.3,15.6,07:01,127.5,20:29,100.3,01:10,60,13:49,23.7,103.8,中潮,19.6
2026-03-22,家田丸,外川港,outer_boso,ヒラメ,1,4,2,,,,,1.16,9.75,1.02,5.2,227,13.8,14.8,06:00,140.1,19:10,128.6,00:10,44.1,12:35,-2.7,142.8,中潮,3.1
2026-03-18,家田丸,外川港,outer_boso,ヒラメ,3,4,3,,,,,1.96,11.4,1.96,3.0,140,13.8,15.1,04:34,129.8,16:13,137.9,10:18,40.6,22:37,12.9,125.0,大潮,28.6
2026-03-02,家田丸,外川港,outer_boso,ヒラメ,2,5,3,,,,,1.76,10.85,1.46,3.5,339,14.6,15.2,04:50,127.2,15:46,137.8,10:12,68.1,22:31,3,134.8,大潮,12.6
2026-02-20,家田丸,外川港,outer_boso,ヒラメ,4,4,4,,,,,1.14,8.5,0.72,7.2,11,7.7,15.1,06:30,136.6,18:21,138.3,00:09,10.8,12:22,33.5,127.5,中潮,2.6
2026-02-15,家田丸,外川港,outer_boso,ヒラメ,2,4,3,,,,,1.14,6.3,0.8,8.9,236,15.1,15.3,04:52,121.1,15:00,123,09:56,83,22:06,2.7,120.3,中潮,27.3
2026-03-25,つる丸,大原港,outer_boso,ヒラメ,0,2,1,,,,,1.36,7.8,1.32,6.5,143,13.8,14.7,07:15,130.2,23:20,96.7,01:27,84.6,15:07,13.4,116.8,小潮,6.1
2026-03-25,つる丸,大原港,outer_boso,マハタ,0,3,1,,,,,1.36,7.8,1.32,6.5,143,13.8,14.7,07:15,130.2,23:20,96.7,01:27,84.6,15:07,13.4,116.8,小潮,6.1
2026-03-24,つる丸,大原港,outer_boso,ヒラメ,3,3,3,,,,,1.56,7.6,1.16,8.7,341,10.3,14.8,06:49,135.8,21:14,104.5,01:05,72.2,14:05,3.7,132.1,中潮,5.1
2026-03-24,つる丸,大原港,outer_boso,マハタ,3,3,3,,,,,1.56,7.6,1.16,8.7,341,10.3,14.8,06:49,135.8,21:14,104.5,01:05,72.2,14:05,3.7,132.1,中潮,5.1
2026-03-22,つる丸,大原港,outer_boso,ヒラメ,3,3,3,,,,,1.16,9.75,1.02,5.2,227,13.8,14.8,06:00,140.1,19:10,128.6,00:10,44.1,12:35,-2.7,142.8,中潮,3.1
2026-03-22,つる丸,大原港,outer_boso,マハタ,2,2,2,,,,,1.16,9.75,1.02,5.2,227,13.8,14.8,06:00,140.1,19:10,128.6,00:10,44.1,12:35,-2.7,142.8,中潮,3.1
2026-03-22,つる丸,大原港,outer_boso,マダイ,,,,,,,,1.16,9.75,1.02,5.2,227,13.8,14.8,06:00,140.1,19:10,128.6,00:10,44.1,12:35,-2.7,142.8,中潮,3.1
2026-03-21,つる丸,大原港,outer_boso,マハタ,,,,,,,,1.58,8.45,1.12,9.3,355,7.4,14.8,05:37,139.4,18:23,137.3,11:57,2.4,,,137.0,中潮,2.1
2026-03-21,つる丸,大原港,outer_boso,マダイ,3,3,3,,,,,1.58,8.45,1.12,9.3,355,7.4,14.8,05:37,139.4,18:23,137.3,11:57,2.4,,,137.0,中潮,2.1
2026-03-20,つる丸,大原港,outer_boso,ヒラメ,,,,,,,,2.08,8.05,1.16,11.1,55,12.2,15.1,05:15,137.4,17:38,142,11:22,12.3,23:40,31,129.7,大潮,1.1
2026-03-20,つる丸,大原港,outer_boso,マダイ,4,4,4,,,,,2.08,8.05,1.16,11.1,55,12.2,15.1,05:15,137.4,17:38,142,11:22,12.3,23:40,31,129.7,大潮,1.1
2026-03-25,勇盛丸,大原港,outer_boso,マハタ,,,,,,,,1.36,7.8,1.32,6.5,143,13.8,14.7,07:15,130.2,23:20,96.7,01:27,84.6,15:07,13.4,116.8,小潮,6.1
2026-03-25,勇盛丸,大原港,outer_boso,ヒラメ,,,,,,,,1.36,7.8,1.32,6.5,143,13.8,14.7,07:15,130.2,23:20,96.7,01:27,84.6,15:07,13.4,116.8,小潮,6.1
2026-03-24,勇盛丸,大原港,outer_boso,マハタ,,,,,,,,1.56,7.6,1.16,8.7,341,10.3,14.8,06:49,135.8,21:14,104.5,01:05,72.2,14:05,3.7,132.1,中潮,5.1
2026-03-24,勇盛丸,大原港,outer_boso,ヒラメ,,,,,,,,1.56,7.6,1.16,8.7,341,10.3,14.8,06:49,135.8,21:14,104.5,01:05,72.2,14:05,3.7,132.1,中潮,5.1
2026-03-22,勇盛丸,大原港,outer_boso,マハタ,,,,,,,,1.16,9.75,1.02,5.2,227,13.8,14.8,06:00,140.1,19:10,128.6,00:10,44.1,12:35,-2.7,142.8,中潮,3.1
2026-03-22,勇盛丸,大原港,outer_boso,ヒラメ,,,,,,,,1.16,9.75,1.02,5.2,227,13.8,14.8,06:00,140.1,19:10,128.6,00:10,44.1,12:35,-2.7,142.8,中潮,3.1
2026-03-21,勇盛丸,大原港,outer_boso,マハタ,,,,,,,,1.58,8.45,1.12,9.3,355,7.4,14.8,05:37,139.4,18:23,137.3,11:57,2.4,,,137.0,中潮,2.1
2026-03-21,勇盛丸,大原港,outer_boso,ヒラメ,,,,,,,,1.58,8.45,1.12,9.3,355,7.4,14.8,05:37,139.4,18:23,137.3,11:57,2.4,,,137.0,中潮,2.1
2026-03-20,勇盛丸,大原港,outer_boso,マハタ,,,,,,,,2.08,8.05,1.16,11.1,55,12.2,15.1,05:15,137.4,17:38,142,11:22,12.3,23:40,31,129.7,大潮,1.1
2026-03-20,勇盛丸,大原港,outer_boso,ヒラメ,,,,,,,,2.08,8.05,1.16,11.1,55,12.2,15.1,05:15,137.4,17:38,142,11:22,12.3,23:40,31,129.7,大潮,1.1
2026-03-25,敷嶋丸,大原港,outer_boso,フグ,5,19,12,,,,,1.36,7.8,1.32,6.5,143,13.8,14.7,07:15,130.2,23:20,96.7,01:27,84.6,15:07,13.4,116.8,小潮,6.1
2026-03-24,敷嶋丸,大原港,outer_boso,フグ,5,10,7,,,,,1.56,7.6,1.16,8.7,341,10.3,14.8,06:49,135.8,21:14,104.5,01:05,72.2,14:05,3.7,132.1,中潮,5.1
2026-03-24,敷嶋丸,大原港,outer_boso,マダイ,,,,,,,,1.56,7.6,1.16,8.7,341,10.3,14.8,06:49,135.8,21:14,104.5,01:05,72.2,14:05,3.7,132.1,中潮,5.1
2026-03-22,敷嶋丸,大原港,outer_boso,フグ,0,13,6,,,,,1.16,9.75,1.02,5.2,227,13.8,14.8,06:00,140.1,19:10,128.6,00:10,44.1,12:35,-2.7,142.8,中潮,3.1
2026-03-22,敷嶋丸,大原港,outer_boso,フグ,,,,,,,,1.16,9.75,1.02,5.2,227,13.8,14.8,06:00,140.1,19:10,128.6,00:10,44.1,12:35,-2.7,142.8,中潮,3.1
2026-03-21,敷嶋丸,大原港,outer_boso,不明,3,6,4,,,,,1.58,8.45,1.12,9.3,355,7.4,14.8,05:37,139.4,18:23,137.3,11:57,2.4,,,137.0,中潮,2.1
2026-03-21,敷嶋丸,大原港,outer_boso,フグ,0,2,1,,,,,1.58,8.45,1.12,9.3,355,7.4,14.8,05:37,139.4,18:23,137.3,11:57,2.4,,,137.0,中潮,2.1
2026-03-20,敷嶋丸,大原港,outer_boso,フグ,0,4,2,,,,,2.08,8.05,1.16,11.1,55,12.2,15.1,05:15,137.4,17:38,142,11:22,12.3,23:40,31,129.7,大潮,1.1
2026-03-24,新幸丸,大原港,outer_boso,マダイ,3,6,4,,,,,1.56,7.6,1.16,8.7,341,10.3,14.8,06:49,135.8,21:14,104.5,01:05,72.2,14:05,3.7,132.1,中潮,5.1
2026-03-22,新幸丸,大原港,outer_boso,マダイ,1,10,5,,,,,1.16,9.75,1.02,5.2,227,13.8,14.8,06:00,140.1,19:10,128.6,00:10,44.1,12:35,-2.7,142.8,中潮,3.1
2026-03-21,新幸丸,大原港,outer_boso,マダイ,0,3,1,,,,,1.58,8.45,1.12,9.3,355,7.4,14.8,05:37,139.4,18:23,137.3,11:57,2.4,,,137.0,中潮,2.1
2026-03-20,新幸丸,大原港,outer_boso,マダイ,0,3,1,,,,,2.08,8.05,1.16,11.1,55,12.2,15.1,05:15,137.4,17:38,142,11:22,12.3,23:40,31,129.7,大潮,1.1
2026-03-18,新幸丸,大原港,outer_boso,マダイ,0,3,1,,,,,1.96,11.4,1.96,3.0,140,13.8,15.1,04:34,129.8,16:13,137.9,10:18,40.6,22:37,12.9,125.0,大潮,28.6
2026-03-18,新幸丸,大原港,outer_boso,マダイ,1,11,6,,,,,1.96,11.4,1.96,3.0,140,13.8,15.1,04:34,129.8,16:13,137.9,10:18,40.6,22:37,12.9,125.0,大潮,28.6
2026-03-25,春栄丸,大原港,outer_boso,マハタ,0,3,1,,,,,1.36,7.8,1.32,6.5,143,13.8,14.7,07:15,130.2,23:20,96.7,01:27,84.6,15:07,13.4,116.8,小潮,6.1
2026-03-24,春栄丸,大原港,outer_boso,マハタ,1,3,2,,,,,1.56,7.6,1.16,8.7,341,10.3,14.8,06:49,135.8,21:14,104.5,01:05,72.2,14:05,3.7,132.1,中潮,5.1
2026-03-24,春栄丸,大原港,outer_boso,ヒラメ,0,1,0,,,,,1.56,7.6,1.16,8.7,341,10.3,14.8,06:49,135.8,21:14,104.5,01:05,72.2,14:05,3.7,132.1,中潮,5.1
2026-03-23,春栄丸,大原港,outer_boso,マハタ,1,3,2,,,,,1.24,7.35,0.88,5.7,258,13.3,14.9,06:24,139,20:04,116.9,00:39,58.4,13:16,-2.2,141.2,中潮,4.1
2026-03-23,春栄丸,大原港,outer_boso,ヒラメ,1,2,1,,,,,1.24,7.35,0.88,5.7,258,13.3,14.9,06:24,139,20:04,116.9,00:39,58.4,13:16,-2.2,141.2,中潮,4.1
2026-03-23,春栄丸,大原港,outer_boso,マダイ,,,,,,,,1.24,7.35,0.88,5.7,258,13.3,14.9,06:24,139,20:04,116.9,00:39,58.4,13:16,-2.2,141.2,中潮,4.1
2026-03-22,春栄丸,大原港,outer_boso,マハタ,0,4,2,,,,,1.16,9.75,1.02,5.2,227,13.8,14.8,06:00,140.1,19:10,128.6,00:10,44.1,12:35,-2.7,142.8,中潮,3.1
2026-03-22,春栄丸,大原港,outer_boso,ヒラメ,0,3,1,,,,,1.16,9.75,1.02,5.2,227,13.8,14.8,06:00,140.1,19:10,128.6,00:10,44.1,12:35,-2.7,142.8,中潮,3.1
2026-03-21,春栄丸,大原港,outer_boso,マハタ,0,4,2,,,,,1.58,8.45,1.12,9.3,355,7.4,14.8,05:37,139.4,18:23,137.3,11:57,2.4,,,137.0,中潮,2.1
2026-03-21,春栄丸,大原港,outer_boso,ヒラメ,0,1,0,,,,,1.58,8.45,1.12,9.3,355,7.4,14.8,05:37,139.4,18:23,137.3,11:57,2.4,,,137.0,中潮,2.1
2026-03-25,第三松栄丸,大原港,outer_boso,ヒラメ,0,3,1,,,,,1.36,7.8,1.32,6.5,143,13.8,14.7,07:15,130.2,23:20,96.7,01:27,84.6,15:07,13.4,116.8,小潮,6.1
2026-03-24,第三松栄丸,大原港,outer_boso,ヒラメ,0,3,1,,,,,1.56,7.6,1.16,8.7,341,10.3,14.8,06:49,135.8,21:14,104.5,01:05,72.2,14:05,3.7,132.1,中潮,5.1
2026-03-23,第三松栄丸,大原港,outer_boso,ヒラメ,0,3,1,,,,,1.24,7.35,0.88,5.7,258,13.3,14.9,06:24,139,20:04,116.9,00:39,58.4,13:16,-2.2,141.2,中潮,4.1
2026-03-22,第三松栄丸,大原港,outer_boso,ヒラメ,0,2,1,,,,,1.16,9.75,1.02,5.2,227,13.8,14.8,06:00,140.1,19:10,128.6,00:10,44.1,12:35,-2.7,142.8,中潮,3.1
2026-03-21,第三松栄丸,大原港,outer_boso,ヒラメ,0,2,1,,,,,1.58,8.45,1.12,9.3,355,7.4,14.8,05:37,139.4,18:23,137.3,11:57,2.4,,,137.0,中潮,2.1
2026-03-25,石田丸,大津港,tokyo_bay,アジ,16,16,16,,,,,0.36,6.45,0.3,2.2,1,11.3,14.2,07:38,166.9,23:09,127.7,01:56,102.9,15:25,33.2,133.7,小潮,6.1
2026-03-25,石田丸,大津港,tokyo_bay,不明,2,2,2,,,,,0.36,6.45,0.3,2.2,1,11.3,14.2,07:38,166.9,23:09,127.7,01:56,102.9,15:25,33.2,133.7,小潮,6.1
2026-03-22,石田丸,大津港,tokyo_bay,アジ,30,30,30,,,,,0.26,4.95,0.16,3.8,357,6.6,14.0,06:49,185.4,19:45,180.5,00:55,51.8,13:18,8.4,177.0,中潮,3.1
2026-03-22,石田丸,大津港,tokyo_bay,マゴチ,5,5,5,,,,,0.26,4.95,0.16,3.8,357,6.6,14.0,06:49,185.4,19:45,180.5,00:55,51.8,13:18,8.4,177.0,中潮,3.1
2026-03-22,石田丸,大津港,tokyo_bay,不明,,,,,,,,0.26,4.95,0.16,3.8,357,6.6,14.0,06:49,185.4,19:45,180.5,00:55,51.8,13:18,8.4,177.0,中潮,3.1
2026-03-22,石田丸,大津港,tokyo_bay,不明,1,2,1,,,,,0.26,4.95,0.16,3.8,357,6.6,14.0,06:49,185.4,19:45,180.5,00:55,51.8,13:18,8.4,177.0,中潮,3.1
2026-03-15,石田丸,大津港,tokyo_bay,アジ,35,35,35,,,,,0.48,9.0,0.44,4.5,28,7.6,14.1,04:14,154.6,14:34,148.7,09:33,95.4,21:43,28.3,126.3,中潮,25.6
2026-03-15,石田丸,大津港,tokyo_bay,不明,1,2,1,,,,,0.48,9.0,0.44,4.5,28,7.6,14.1,04:14,154.6,14:34,148.7,09:33,95.4,21:43,28.3,126.3,中潮,25.6
2026-03-21,恒丸,大磯港,sagami_bay,アジ,20,45,32,,,,,0.8,7.4,0.48,9.8,36,8.6,15.8,06:01,149.7,18:43,148,00:05,44.4,12:21,23.3,126.4,中潮,2.1
2026-03-23,第八鶴丸,天津港,outer_boso,ヤリイカ,11,11,11,,,,,1.24,7.35,0.88,5.7,258,13.3,14.9,06:24,139,20:04,116.9,00:39,58.4,13:16,-2.2,141.2,中潮,4.1
2026-03-22,第八鶴丸,天津港,outer_boso,ヤリイカ,9,25,17,,,,,1.16,9.75,1.02,5.2,227,13.8,14.8,06:00,140.1,19:10,128.6,00:10,44.1,12:35,-2.7,142.8,中潮,3.1
2026-03-20,第八鶴丸,天津港,outer_boso,ヤリイカ,11,16,13,,,,,2.08,8.05,1.16,11.1,55,12.2,15.1,05:15,137.4,17:38,142,11:22,12.3,23:40,31,129.7,大潮,1.1
2026-03-08,第八鶴丸,天津港,outer_boso,マルイカ,4,12,8,,,,,2.18,10.8,1.64,13.2,314,8.1,15.9,06:43,131.2,19:45,111.9,00:50,49.3,13:15,20.4,110.8,中潮,18.6
2026-03-06,第八鶴丸,天津港,outer_boso,カサゴ,1,1,1,,,,,2.84,11.7,2.66,4.1,49,12.1,15.6,06:05,134.3,18:29,132.4,00:02,26.8,12:13,23.8,110.5,中潮,16.6
2026-03-24,浜新丸,富津港,tokyo_bay,不明,0,5,2,,,,,0.64,5.55,0.5,5.2,8,9.5,14.0,07:22,175.6,21:32,142.8,01:40,86.1,14:33,18.8,156.8,中潮,5.1
2026-03-22,浜新丸,富津港,tokyo_bay,不明,4,6,5,,,,,0.26,4.95,0.16,3.8,357,6.6,14.0,06:49,185.4,19:45,180.5,00:55,51.8,13:18,8.4,177.0,中潮,3.1
2026-03-22,浜新丸,富津港,tokyo_bay,タチウオ,1,7,4,,,,,0.26,4.95,0.16,3.8,357,6.6,14.0,06:49,185.4,19:45,180.5,00:55,51.8,13:18,8.4,177.0,中潮,3.1
2026-03-20,浜新丸,富津港,tokyo_bay,不明,1,6,3,,,,,0.56,6.05,0.42,4.7,29,10.9,14.1,06:09,189,18:22,200.2,12:11,22.1,,,178.1,大潮,1.1
2026-03-20,浜新丸,富津港,tokyo_bay,フグ,0,5,2,,,,,0.56,6.05,0.42,4.7,29,10.9,14.1,06:09,189,18:22,200.2,12:11,22.1,,,178.1,大潮,1.1
2026-03-18,浜新丸,富津港,tokyo_bay,不明,1,5,3,,,,,0.26,6.4,0.22,2.4,15,9.9,14.0,05:22,184.4,17:00,193.6,11:07,49.1,23:26,18.9,174.7,大潮,28.6
2026-03-17,浜新丸,富津港,tokyo_bay,不明,1,4,2,,,,,0.26,7.55,0.18,4.2,17,9.3,13.9,04:58,177.7,16:17,181.7,10:36,64.4,22:53,17,164.7,大潮,27.6
2026-03-23,共栄丸,富浦港,tokyo_bay,マダイ,3,9,6,,,,,0.32,4.7,0.22,2.0,304,11.1,14.1,07:06,181.4,20:32,162.6,01:19,68.7,13:53,10.2,171.2,中潮,4.1
2026-03-23,共栄丸,富浦港,tokyo_bay,マダイ,7,8,7,,,,,0.32,4.7,0.22,2.0,304,11.1,14.1,07:06,181.4,20:32,162.6,01:19,68.7,13:53,10.2,171.2,中潮,4.1
2026-03-21,共栄丸,富浦港,tokyo_bay,マダイ,0,6,3,,,,,0.48,4.4,0.32,7.2,12,5.3,14.1,06:30,187.9,19:02,193.6,00:28,37.1,12:44,12.8,180.8,中潮,2.1
2026-03-16,共栄丸,富浦港,tokyo_bay,マダイ,0,6,3,,,,,0.38,7.45,0.3,5.7,9,7.8,14.0,04:34,167.6,15:30,166,10:05,79.9,22:18,20.3,147.3,中潮,26.6
2026-03-02,共栄丸,富浦港,tokyo_bay,マダイ,0,6,3,,,,,0.3,7.5,0.22,4.8,2,9.6,12.9,05:23,173.3,16:41,183.8,10:51,74.5,23:07,2.2,181.6,大潮,12.6
2026-03-01,共栄丸,富浦港,tokyo_bay,マダイ,1,7,4,,,,,0.36,6.85,0.3,5.2,23,8.7,12.8,05:06,164.2,15:48,169.2,10:19,93.3,22:30,2.9,166.3,中潮,11.6
2026-03-25,洋征丸,小坪港,sagami_bay,アジ,18,41,29,,,,,0.9,7.7,0.9,2.3,90,13.1,15.8,07:26,140.2,22:47,108.6,01:38,93.2,15:03,32.8,107.4,小潮,6.1
2026-03-24,洋征丸,小坪港,sagami_bay,アジ,16,48,32,,,,,1.2,7.35,1.08,8.8,22,11.4,15.8,07:04,145.3,21:07,117.5,01:18,81.1,14:12,25.4,119.9,中潮,5.1
2026-03-24,洋征丸,小坪港,sagami_bay,不明,1,1,1,,,,,1.2,7.35,1.08,8.8,22,11.4,15.8,07:04,145.3,21:07,117.5,01:18,81.1,14:12,25.4,119.9,中潮,5.1
2026-03-22,洋征丸,小坪港,sagami_bay,アジ,9,32,20,,,,,0.56,9.3,0.46,5.3,17,10.8,15.9,06:22,149.7,19:24,139.8,00:31,55.9,12:54,20.1,129.6,中潮,3.1
2026-03-22,洋征丸,小坪港,sagami_bay,クロムツ,1,6,3,,,,,0.56,9.3,0.46,5.3,17,10.8,15.9,06:22,149.7,19:24,139.8,00:31,55.9,12:54,20.1,129.6,中潮,3.1
2026-03-21,洋征丸,小坪港,sagami_bay,アジ,8,29,18,,,,,0.8,7.4,0.48,9.8,36,8.6,15.8,06:01,149.7,18:43,148,00:05,44.4,12:21,23.3,126.4,中潮,2.1
2026-03-21,洋征丸,小坪港,sagami_bay,クロムツ,0,3,1,,,,,0.8,7.4,0.48,9.8,36,8.6,15.8,06:01,149.7,18:43,148,00:05,44.4,12:21,23.3,126.4,中潮,2.1
2026-03-18,洋征丸,小坪港,sagami_bay,アジ,4,15,9,,,,,0.92,9.95,0.9,3.3,81,11.8,15.4,05:02,144.8,16:48,150.3,10:52,53,23:08,27.8,122.5,大潮,28.6
2026-03-18,洋征丸,小坪港,sagami_bay,クロムツ,0,6,3,,,,,0.92,9.95,0.9,3.3,81,11.8,15.4,05:02,144.8,16:48,150.3,10:52,53,23:08,27.8,122.5,大潮,28.6
2026-03-25,三喜丸釣船店,小柴港,tokyo_bay,アジ,63,129,96,,,,,0.36,6.45,0.3,2.2,1,11.3,14.2,07:38,166.9,23:09,127.7,01:56,102.9,15:25,33.2,133.7,小潮,6.1
2026-03-24,三喜丸釣船店,小柴港,tokyo_bay,アジ,8,120,64,,,,,0.64,5.55,0.5,5.2,8,9.5,14.0,07:22,175.6,21:32,142.8,01:40,86.1,14:33,18.8,156.8,中潮,5.1
2026-03-22,三喜丸釣船店,小柴港,tokyo_bay,アジ,11,44,27,,,,,0.26,4.95,0.16,3.8,357,6.6,14.0,06:49,185.4,19:45,180.5,00:55,51.8,13:18,8.4,177.0,中潮,3.1
2026-03-22,三喜丸釣船店,小柴港,tokyo_bay,不明,0,3,1,,,,,0.26,4.95,0.16,3.8,357,6.6,14.0,06:49,185.4,19:45,180.5,00:55,51.8,13:18,8.4,177.0,中潮,3.1
2026-03-22,三喜丸釣船店,小柴港,tokyo_bay,不明,0,2,1,,,,,0.26,4.95,0.16,3.8,357,6.6,14.0,06:49,185.4,19:45,180.5,00:55,51.8,13:18,8.4,177.0,中潮,3.1
2026-03-21,三喜丸釣船店,小柴港,tokyo_bay,アジ,8,91,49,,,,,0.48,4.4,0.32,7.2,12,5.3,14.1,06:30,187.9,19:02,193.6,00:28,37.1,12:44,12.8,180.8,中潮,2.1
2026-03-21,三喜丸釣船店,小柴港,tokyo_bay,アジ,11,43,27,,,,,0.48,4.4,0.32,7.2,12,5.3,14.1,06:30,187.9,19:02,193.6,00:28,37.1,12:44,12.8,180.8,中潮,2.1
2026-03-21,三喜丸釣船店,小柴港,tokyo_bay,タチウオ,13,38,25,,,,,0.48,4.4,0.32,7.2,12,5.3,14.1,06:30,187.9,19:02,193.6,00:28,37.1,12:44,12.8,180.8,中潮,2.1
2026-03-20,三喜丸釣船店,小柴港,tokyo_bay,アジ,21,101,61,,,,,0.56,6.05,0.42,4.7,29,10.9,14.1,06:09,189,18:22,200.2,12:11,22.1,,,178.1,大潮,1.1
2026-03-20,三喜丸釣船店,小柴港,tokyo_bay,タチウオ,7,41,24,,,,,0.56,6.05,0.42,4.7,29,10.9,14.1,06:09,189,18:22,200.2,12:11,22.1,,,178.1,大潮,1.1
2026-03-20,三喜丸釣船店,小柴港,tokyo_bay,タチウオ,1,20,10,,,,,0.56,6.05,0.42,4.7,29,10.9,14.1,06:09,189,18:22,200.2,12:11,22.1,,,178.1,大潮,1.1
2026-03-20,三喜丸釣船店,小柴港,tokyo_bay,不明,0,4,2,,,,,0.56,6.05,0.42,4.7,29,10.9,14.1,06:09,189,18:22,200.2,12:11,22.1,,,178.1,大潮,1.1
2026-03-20,三喜丸釣船店,小柴港,tokyo_bay,不明,0,5,2,,,,,0.56,6.05,0.42,4.7,29,10.9,14.1,06:09,189,18:22,200.2,12:11,22.1,,,178.1,大潮,1.1
2026-03-25,平安丸,小田原早川港,sagami_bay,ヤリイカ,8,10,9,,,,,0.9,7.7,0.9,2.3,90,13.1,15.8,07:26,140.2,22:47,108.6,01:38,93.2,15:03,32.8,107.4,小潮,6.1
2026-03-25,平安丸,小田原早川港,sagami_bay,キンメダイ,1,3,2,,,,,0.9,7.7,0.9,2.3,90,13.1,15.8,07:26,140.2,22:47,108.6,01:38,93.2,15:03,32.8,107.4,小潮,6.1
2026-03-25,平安丸,小田原早川港,sagami_bay,クロムツ,1,4,2,,,,,0.9,7.7,0.9,2.3,90,13.1,15.8,07:26,140.2,22:47,108.6,01:38,93.2,15:03,32.8,107.4,小潮,6.1
2026-03-25,平安丸,小田原早川港,sagami_bay,マダイ,0,1,0,,,,,0.9,7.7,0.9,2.3,90,13.1,15.8,07:26,140.2,22:47,108.6,01:38,93.2,15:03,32.8,107.4,小潮,6.1
2026-03-24,平安丸,小田原早川港,sagami_bay,不明,0,1,0,,,,,1.2,7.35,1.08,8.8,22,11.4,15.8,07:04,145.3,21:07,117.5,01:18,81.1,14:12,25.4,119.9,中潮,5.1
2026-03-24,平安丸,小田原早川港,sagami_bay,マダイ,0,1,0,,,,,1.2,7.35,1.08,8.8,22,11.4,15.8,07:04,145.3,21:07,117.5,01:18,81.1,14:12,25.4,119.9,中潮,5.1
2026-03-24,平安丸,小田原早川港,sagami_bay,ヤリイカ,2,8,5,,,,,1.2,7.35,1.08,8.8,22,11.4,15.8,07:04,145.3,21:07,117.5,01:18,81.1,14:12,25.4,119.9,中潮,5.1
2026-03-22,平安丸,小田原早川港,sagami_bay,アジ,38,54,46,,,,,0.56,9.3,0.46,5.3,17,10.8,15.9,06:22,149.7,19:24,139.8,00:31,55.9,12:54,20.1,129.6,中潮,3.1
2026-03-22,平安丸,小田原早川港,sagami_bay,ヒラメ,1,1,1,,,,,0.56,9.3,0.46,5.3,17,10.8,15.9,06:22,149.7,19:24,139.8,00:31,55.9,12:54,20.1,129.6,中潮,3.1
2026-03-22,平安丸,小田原早川港,sagami_bay,マダイ,0,1,0,,,,,0.56,9.3,0.46,5.3,17,10.8,15.9,06:22,149.7,19:24,139.8,00:31,55.9,12:54,20.1,129.6,中潮,3.1
2026-03-22,平安丸,小田原早川港,sagami_bay,クロムツ,1,3,2,,,,,0.56,9.3,0.46,5.3,17,10.8,15.9,06:22,149.7,19:24,139.8,00:31,55.9,12:54,20.1,129.6,中潮,3.1
2026-03-21,平安丸,小田原早川港,sagami_bay,アジ,8,35,21,,,,,0.8,7.4,0.48,9.8,36,8.6,15.8,06:01,149.7,18:43,148,00:05,44.4,12:21,23.3,126.4,中潮,2.1
2026-03-21,平安丸,小田原早川港,sagami_bay,ヤリイカ,0,6,3,,,,,0.8,7.4,0.48,9.8,36,8.6,15.8,06:01,149.7,18:43,148,00:05,44.4,12:21,23.3,126.4,中潮,2.1
2026-03-21,平安丸,小田原早川港,sagami_bay,マダイ,0,1,0,,,,,0.8,7.4,0.48,9.8,36,8.6,15.8,06:01,149.7,18:43,148,00:05,44.4,12:21,23.3,126.4,中潮,2.1
2026-03-20,平安丸,小田原早川港,sagami_bay,ヤリイカ,5,10,7,,,,,1.14,6.75,0.7,8.1,29,12.2,15.6,05:41,148.8,18:05,152.8,11:50,30.2,,,122.6,大潮,1.1
2026-03-20,平安丸,小田原早川港,sagami_bay,キンメダイ,0,5,2,,,,,1.14,6.75,0.7,8.1,29,12.2,15.6,05:41,148.8,18:05,152.8,11:50,30.2,,,122.6,大潮,1.1
2026-03-20,平安丸,小田原早川港,sagami_bay,クロムツ,1,1,1,,,,,1.14,6.75,0.7,8.1,29,12.2,15.6,05:41,148.8,18:05,152.8,11:50,30.2,,,122.6,大潮,1.1
2026-03-20,平安丸,小田原早川港,sagami_bay,マダイ,0,2,1,,,,,1.14,6.75,0.7,8.1,29,12.2,15.6,05:41,148.8,18:05,152.8,11:50,30.2,,,122.6,大潮,1.1
2026-03-21,船宿 まる八,平和島,tokyo_bay,シロギス,3,35,19,,,,,0.48,4.4,0.32,7.2,12,5.3,14.1,06:30,187.9,19:02,193.6,00:28,37.1,12:44,12.8,180.8,中潮,2.1
2026-03-21,船宿 まる八,平和島,tokyo_bay,アジ,10,48,29,,,,,0.48,4.4,0.32,7.2,12,5.3,14.1,06:30,187.9,19:02,193.6,00:28,37.1,12:44,12.8,180.8,中潮,2.1
2026-03-20,船宿 まる八,平和島,tokyo_bay,アジ,10,42,26,,,,,0.56,6.05,0.42,4.7,29,10.9,14.1,06:09,189,18:22,200.2,12:11,22.1,,,178.1,大潮,1.1
2026-03-18,船宿 まる八,平和島,tokyo_bay,アジ,15,52,33,,,,,0.26,6.4,0.22,2.4,15,9.9,14.0,05:22,184.4,17:00,193.6,11:07,49.1,23:26,18.9,174.7,大潮,28.6
2026-03-16,船宿 まる八,平和島,tokyo_bay,アジ,2,40,21,,,,,0.38,7.45,0.3,5.7,9,7.8,14.0,04:34,167.6,15:30,166,10:05,79.9,22:18,20.3,147.3,中潮,26.6
2026-03-15,船宿 まる八,平和島,tokyo_bay,アジ,10,50,30,,,,,0.48,9.0,0.44,4.5,28,7.6,14.1,04:14,154.6,14:34,148.7,09:33,95.4,21:43,28.3,126.3,中潮,25.6
2026-03-25,庄治郎丸,平塚港,sagami_bay,アジ,5,25,15,,,,,0.9,7.7,0.9,2.3,90,13.1,15.8,07:26,140.2,22:47,108.6,01:38,93.2,15:03,32.8,107.4,小潮,6.1
2026-03-25,庄治郎丸,平塚港,sagami_bay,マダイ,2,10,6,,,,,0.9,7.7,0.9,2.3,90,13.1,15.8,07:26,140.2,22:47,108.6,01:38,93.2,15:03,32.8,107.4,小潮,6.1
2026-03-25,庄治郎丸,平塚港,sagami_bay,アマダイ,2,10,6,,,,,0.9,7.7,0.9,2.3,90,13.1,15.8,07:26,140.2,22:47,108.6,01:38,93.2,15:03,32.8,107.4,小潮,6.1
2026-03-25,庄治郎丸,平塚港,sagami_bay,マルイカ,3,45,24,,,,,0.9,7.7,0.9,2.3,90,13.1,15.8,07:26,140.2,22:47,108.6,01:38,93.2,15:03,32.8,107.4,小潮,6.1
2026-03-25,庄治郎丸,平塚港,sagami_bay,タチウオ,0,5,2,,,,,0.9,7.7,0.9,2.3,90,13.1,15.8,07:26,140.2,22:47,108.6,01:38,93.2,15:03,32.8,107.4,小潮,6.1
2026-03-25,庄治郎丸,平塚港,sagami_bay,タチウオ,2,8,5,,,,,0.9,7.7,0.9,2.3,90,13.1,15.8,07:26,140.2,22:47,108.6,01:38,93.2,15:03,32.8,107.4,小潮,6.1
2026-03-23,庄治郎丸,平塚港,sagami_bay,アジ,5,20,12,,,,,0.58,8.15,0.42,4.3,288,12.8,15.9,06:43,148.4,20:09,129.1,00:55,68.4,13:31,20.9,127.5,中潮,4.1
2026-03-23,庄治郎丸,平塚港,sagami_bay,ワラサ,,,,,,,,0.58,8.15,0.42,4.3,288,12.8,15.9,06:43,148.4,20:09,129.1,00:55,68.4,13:31,20.9,127.5,中潮,4.1
2026-03-23,庄治郎丸,平塚港,sagami_bay,ヒラメ,,,,,,,,0.58,8.15,0.42,4.3,288,12.8,15.9,06:43,148.4,20:09,129.1,00:55,68.4,13:31,20.9,127.5,中潮,4.1
2026-03-23,庄治郎丸,平塚港,sagami_bay,ワラサ,0,2,1,,,,,0.58,8.15,0.42,4.3,288,12.8,15.9,06:43,148.4,20:09,129.1,00:55,68.4,13:31,20.9,127.5,中潮,4.1
2026-03-23,庄治郎丸,平塚港,sagami_bay,マダイ,0,6,3,,,,,0.58,8.15,0.42,4.3,288,12.8,15.9,06:43,148.4,20:09,129.1,00:55,68.4,13:31,20.9,127.5,中潮,4.1
2026-03-23,庄治郎丸,平塚港,sagami_bay,アマダイ,0,6,3,,,,,0.58,8.15,0.42,4.3,288,12.8,15.9,06:43,148.4,20:09,129.1,00:55,68.4,13:31,20.9,127.5,中潮,4.1
2026-03-23,庄治郎丸,平塚港,sagami_bay,タチウオ,1,20,10,,,,,0.58,8.15,0.42,4.3,288,12.8,15.9,06:43,148.4,20:09,129.1,00:55,68.4,13:31,20.9,127.5,中潮,4.1
2026-03-23,庄治郎丸,平塚港,sagami_bay,タチウオ,3,15,9,,,,,0.58,8.15,0.42,4.3,288,12.8,15.9,06:43,148.4,20:09,129.1,00:55,68.4,13:31,20.9,127.5,中潮,4.1
2026-03-22,庄治郎丸,平塚港,sagami_bay,アジ,5,17,11,,,,,0.56,9.3,0.46,5.3,17,10.8,15.9,06:22,149.7,19:24,139.8,00:31,55.9,12:54,20.1,129.6,中潮,3.1
2026-03-22,庄治郎丸,平塚港,sagami_bay,不明,,,,,,,,0.56,9.3,0.46,5.3,17,10.8,15.9,06:22,149.7,19:24,139.8,00:31,55.9,12:54,20.1,129.6,中潮,3.1
2026-03-22,庄治郎丸,平塚港,sagami_bay,マダイ,0,3,1,,,,,0.56,9.3,0.46,5.3,17,10.8,15.9,06:22,149.7,19:24,139.8,00:31,55.9,12:54,20.1,129.6,中潮,3.1
2026-03-22,庄治郎丸,平塚港,sagami_bay,アマダイ,0,3,1,,,,,0.56,9.3,0.46,5.3,17,10.8,15.9,06:22,149.7,19:24,139.8,00:31,55.9,12:54,20.1,129.6,中潮,3.1
2026-03-22,庄治郎丸,平塚港,sagami_bay,マルイカ,1,17,9,,,,,0.56,9.3,0.46,5.3,17,10.8,15.9,06:22,149.7,19:24,139.8,00:31,55.9,12:54,20.1,129.6,中潮,3.1
2026-03-22,庄治郎丸,平塚港,sagami_bay,アジ,30,66,48,,,,,0.56,9.3,0.46,5.3,17,10.8,15.9,06:22,149.7,19:24,139.8,00:31,55.9,12:54,20.1,129.6,中潮,3.1
2026-03-22,庄治郎丸,平塚港,sagami_bay,クロムツ,7,8,7,,,,,0.56,9.3,0.46,5.3,17,10.8,15.9,06:22,149.7,19:24,139.8,00:31,55.9,12:54,20.1,129.6,中潮,3.1
2026-03-21,庄治郎丸,平塚港,sagami_bay,アジ,3,17,10,,,,,0.8,7.4,0.48,9.8,36,8.6,15.8,06:01,149.7,18:43,148,00:05,44.4,12:21,23.3,126.4,中潮,2.1
2026-03-21,庄治郎丸,平塚港,sagami_bay,マダイ,,,,,,,,0.8,7.4,0.48,9.8,36,8.6,15.8,06:01,149.7,18:43,148,00:05,44.4,12:21,23.3,126.4,中潮,2.1
2026-03-21,庄治郎丸,平塚港,sagami_bay,不明,,,,,,,,0.8,7.4,0.48,9.8,36,8.6,15.8,06:01,149.7,18:43,148,00:05,44.4,12:21,23.3,126.4,中潮,2.1
2026-03-21,庄治郎丸,平塚港,sagami_bay,マルイカ,7,22,14,,,,,0.8,7.4,0.48,9.8,36,8.6,15.8,06:01,149.7,18:43,148,00:05,44.4,12:21,23.3,126.4,中潮,2.1
2026-03-21,庄治郎丸,平塚港,sagami_bay,マダイ,0,3,1,,,,,0.8,7.4,0.48,9.8,36,8.6,15.8,06:01,149.7,18:43,148,00:05,44.4,12:21,23.3,126.4,中潮,2.1
2026-03-21,庄治郎丸,平塚港,sagami_bay,アマダイ,0,3,1,,,,,0.8,7.4,0.48,9.8,36,8.6,15.8,06:01,149.7,18:43,148,00:05,44.4,12:21,23.3,126.4,中潮,2.1
2026-03-21,庄治郎丸,平塚港,sagami_bay,アジ,8,20,14,,,,,0.8,7.4,0.48,9.8,36,8.6,15.8,06:01,149.7,18:43,148,00:05,44.4,12:21,23.3,126.4,中潮,2.1
2026-03-21,庄治郎丸,平塚港,sagami_bay,クロムツ,1,7,4,,,,,0.8,7.4,0.48,9.8,36,8.6,15.8,06:01,149.7,18:43,148,00:05,44.4,12:21,23.3,126.4,中潮,2.1
2026-03-20,庄治郎丸,平塚港,sagami_bay,アジ,1,15,8,,,,,1.14,6.75,0.7,8.1,29,12.2,15.6,05:41,148.8,18:05,152.8,11:50,30.2,,,122.6,大潮,1.1
2026-03-20,庄治郎丸,平塚港,sagami_bay,ワラサ,,,,,,,,1.14,6.75,0.7,8.1,29,12.2,15.6,05:41,148.8,18:05,152.8,11:50,30.2,,,122.6,大潮,1.1
2026-03-20,庄治郎丸,平塚港,sagami_bay,マダイ,0,5,2,,,,,1.14,6.75,0.7,8.1,29,12.2,15.6,05:41,148.8,18:05,152.8,11:50,30.2,,,122.6,大潮,1.1
2026-03-20,庄治郎丸,平塚港,sagami_bay,アマダイ,0,5,2,,,,,1.14,6.75,0.7,8.1,29,12.2,15.6,05:41,148.8,18:05,152.8,11:50,30.2,,,122.6,大潮,1.1
2026-03-20,庄治郎丸,平塚港,sagami_bay,マルイカ,0,12,6,,,,,1.14,6.75,0.7,8.1,29,12.2,15.6,05:41,148.8,18:05,152.8,11:50,30.2,,,122.6,大潮,1.1
2026-03-20,庄治郎丸,平塚港,sagami_bay,クロムツ,2,13,7,,,,,1.14,6.75,0.7,8.1,29,12.2,15.6,05:41,148.8,18:05,152.8,11:50,30.2,,,122.6,大潮,1.1
2026-03-20,庄治郎丸,平塚港,sagami_bay,クロムツ,2,2,2,,,,,1.14,6.75,0.7,8.1,29,12.2,15.6,05:41,148.8,18:05,152.8,11:50,30.2,,,122.6,大潮,1.1
2026-03-24,明広丸,御宿岩和田港,outer_boso,マハタ,0,1,0,,,,,1.56,7.6,1.16,8.7,341,10.3,14.8,06:49,135.8,21:14,104.5,01:05,72.2,14:05,3.7,132.1,中潮,5.1
2026-03-24,明広丸,御宿岩和田港,outer_boso,ヒラメ,,,,,,,,1.56,7.6,1.16,8.7,341,10.3,14.8,06:49,135.8,21:14,104.5,01:05,72.2,14:05,3.7,132.1,中潮,5.1
2026-03-22,明広丸,御宿岩和田港,outer_boso,マハタ,1,2,1,,,,,1.16,9.75,1.02,5.2,227,13.8,14.8,06:00,140.1,19:10,128.6,00:10,44.1,12:35,-2.7,142.8,中潮,3.1
2026-03-22,明広丸,御宿岩和田港,outer_boso,ヒラメ,2,2,2,,,,,1.16,9.75,1.02,5.2,227,13.8,14.8,06:00,140.1,19:10,128.6,00:10,44.1,12:35,-2.7,142.8,中潮,3.1
2026-03-22,明広丸,御宿岩和田港,outer_boso,カサゴ,9,9,9,,,,,1.16,9.75,1.02,5.2,227,13.8,14.8,06:00,140.1,19:10,128.6,00:10,44.1,12:35,-2.7,142.8,中潮,3.1
2026-03-20,明広丸,御宿岩和田港,outer_boso,マハタ,0,1,0,,,,,2.08,8.05,1.16,11.1,55,12.2,15.1,05:15,137.4,17:38,142,11:22,12.3,23:40,31,129.7,大潮,1.1
2026-03-20,明広丸,御宿岩和田港,outer_boso,マダイ,1,1,1,,,,,2.08,8.05,1.16,11.1,55,12.2,15.1,05:15,137.4,17:38,142,11:22,12.3,23:40,31,129.7,大潮,1.1
2026-03-16,明広丸,御宿岩和田港,outer_boso,マハタ,0,1,0,,,,,2.9,11.8,2.26,9.7,44,11.0,15.4,03:59,118.5,14:44,119.4,09:23,69.9,21:31,11.6,107.8,中潮,26.6
2026-03-16,明広丸,御宿岩和田港,outer_boso,ヒラメ,1,1,1,,,,,2.9,11.8,2.26,9.7,44,11.0,15.4,03:59,118.5,14:44,119.4,09:23,69.9,21:31,11.6,107.8,中潮,26.6
2026-03-15,明広丸,御宿岩和田港,outer_boso,マハタ,0,3,1,,,,,2.88,11.75,2.38,8.7,346,9.3,15.2,03:46,111.9,13:49,107.9,08:59,82.3,20:55,17.2,94.7,中潮,25.6
2026-03-25,大貫丸,日立久慈港,ibaraki,マダイ,0,6,3,,,,,1.1,8.2,0.82,2.1,137,11.1,15.2,06:26,130.2,23:02,91.1,00:32,84.4,14:33,14.2,116.0,小潮,6.1
2026-03-25,大貫丸,日立久慈港,ibaraki,マダイ,0,8,4,,,,,1.1,8.2,0.82,2.1,137,11.1,15.2,06:26,130.2,23:02,91.1,00:32,84.4,14:33,14.2,116.0,小潮,6.1
2026-03-25,大貫丸,日立久慈港,ibaraki,アマダイ,0,8,4,,,,,1.1,8.2,0.82,2.1,137,11.1,15.2,06:26,130.2,23:02,91.1,00:32,84.4,14:33,14.2,116.0,小潮,6.1
2026-03-20,大貫丸,日立久慈港,ibaraki,マダイ,0,2,1,,,,,1.7,9.15,1.18,6.0,53,9.7,15.6,04:42,126.7,17:00,130.5,10:51,19.4,23:04,34.8,111.1,大潮,1.1
2026-03-19,大貫丸,日立久慈港,ibaraki,マダイ,0,3,1,,,,,2.24,11.85,1.94,4.7,229,13.2,15.6,04:25,122.1,16:17,129.4,10:19,31.4,22:35,22.9,106.5,大潮,0.1
2026-03-18,大貫丸,日立久慈港,ibaraki,マダイ,0,3,1,,,,,1.94,11.4,1.9,4.5,57,10.0,15.6,04:10,117.8,15:33,124.9,09:48,44.8,22:05,14.3,110.6,大潮,28.6
2026-03-11,大貫丸,日立久慈港,ibaraki,マダイ,0,2,1,,,,,1.88,8.55,1.58,3.4,355,1.6,14.5,06:54,121.9,,,00:38,82.4,15:00,37.6,84.3,小潮,21.6
2026-03-11,大貫丸,日立久慈港,ibaraki,マダイ,1,6,3,,,,,1.88,8.55,1.58,3.4,355,1.6,14.5,06:54,121.9,,,00:38,82.4,15:00,37.6,84.3,小潮,21.6
2026-03-11,大貫丸,日立久慈港,ibaraki,アマダイ,1,6,3,,,,,1.88,8.55,1.58,3.4,355,1.6,14.5,06:54,121.9,,,00:38,82.4,15:00,37.6,84.3,小潮,21.6
2026-03-22,宮田丸,日立久慈港,ibaraki,メバル,5,20,12,,,,,1.08,10.7,0.94,3.0,55,9.4,15.4,05:19,134.2,18:33,120.6,12:02,4.8,23:56,62.1,129.4,中潮,3.1
2026-03-20,宮田丸,日立久慈港,ibaraki,マダイ,0,5,2,,,,,1.7,9.15,1.18,6.0,53,9.7,15.6,04:42,126.7,17:00,130.5,10:51,19.4,23:04,34.8,111.1,大潮,1.1
2026-03-01,宮田丸,日立久慈港,ibaraki,マダイ,3,14,8,,,,,1.92,9.85,1.9,3.5,319,6.6,14.3,04:10,111.9,14:00,116,09:03,83.6,21:14,-1.5,117.5,中潮,11.6
2026-02-28,宮田丸,日立久慈港,ibaraki,マダイ,1,7,4,,,,,2.06,10.2,2.0,2.4,324,8.4,14.2,04:06,109.3,12:34,109.5,08:27,97.3,20:29,2.6,106.9,中潮,10.6
2026-02-22,宮田丸,日立久慈港,ibaraki,マダイ,0,5,2,,,,,1.04,9.4,0.92,1.7,237,3.5,14.4,06:30,131,19:15,111.5,00:23,40.7,13:04,25.4,105.6,中潮,4.6
2026-02-22,宮田丸,日立久慈港,ibaraki,フグ,,,,,,,,1.04,9.4,0.92,1.7,237,3.5,14.4,06:30,131,19:15,111.5,00:23,40.7,13:04,25.4,105.6,中潮,4.6
2026-03-25,弘漁丸,日立久慈港,ibaraki,マダイ,0,3,1,,,,,1.1,8.2,0.82,2.1,137,11.1,15.2,06:26,130.2,23:02,91.1,00:32,84.4,14:33,14.2,116.0,小潮,6.1
2026-03-22,弘漁丸,日立久慈港,ibaraki,マダイ,0,7,3,,,,,1.08,10.7,0.94,3.0,55,9.4,15.4,05:19,134.2,18:33,120.6,12:02,4.8,23:56,62.1,129.4,中潮,3.1
2026-03-21,弘漁丸,日立久慈港,ibaraki,マダイ,0,3,1,,,,,1.52,9.15,1.16,4.5,339,3.6,15.5,05:00,130.9,17:45,127.5,11:25,10.2,23:31,48.4,120.7,中潮,2.1
2026-03-20,弘漁丸,日立久慈港,ibaraki,マダイ,0,3,1,,,,,1.7,9.15,1.18,6.0,53,9.7,15.6,04:42,126.7,17:00,130.5,10:51,19.4,23:04,34.8,111.1,大潮,1.1
2026-03-19,弘漁丸,日立久慈港,ibaraki,マダイ,0,2,1,,,,,2.24,11.85,1.94,4.7,229,13.2,15.6,04:25,122.1,16:17,129.4,10:19,31.4,22:35,22.9,106.5,大潮,0.1
2026-03-25,日正丸,日立久慈港,ibaraki,マダイ,1,10,5,,,,,1.1,8.2,0.82,2.1,137,11.1,15.2,06:26,130.2,23:02,91.1,00:32,84.4,14:33,14.2,116.0,小潮,6.1
2026-03-24,日正丸,日立久慈港,ibaraki,マダイ,0,5,2,,,,,1.22,7.35,0.72,3.6,353,7.4,15.3,06:02,134.5,20:38,99,00:18,74.4,13:32,7.6,126.9,中潮,5.1
2026-03-23,日正丸,日立久慈港,ibaraki,マダイ,0,5,2,,,,,0.86,10.05,0.78,1.4,278,8.5,15.4,05:40,135.7,19:28,110.4,12:44,4,,,131.7,中潮,4.1
2026-03-22,日正丸,日立久慈港,ibaraki,マダイ,0,2,1,,,,,1.08,10.7,0.94,3.0,55,9.4,15.4,05:19,134.2,18:33,120.6,12:02,4.8,23:56,62.1,129.4,中潮,3.1
2026-03-21,日正丸,日立久慈港,ibaraki,マダイ,0,7,3,,,,,1.52,9.15,1.16,4.5,339,3.6,15.5,05:00,130.9,17:45,127.5,11:25,10.2,23:31,48.4,120.7,中潮,2.1
2026-03-19,明進丸,日立久慈港,ibaraki,ヒラメ,1,4,2,,,,,2.24,11.85,1.94,4.7,229,13.2,15.6,04:25,122.1,16:17,129.4,10:19,31.4,22:35,22.9,106.5,大潮,0.1
2026-03-11,明進丸,日立久慈港,ibaraki,マダイ,1,7,4,,,,,1.88,8.55,1.58,3.4,355,1.6,14.5,06:54,121.9,,,00:38,82.4,15:00,37.6,84.3,小潮,21.6
2026-03-11,明進丸,日立久慈港,ibaraki,アマダイ,1,7,4,,,,,1.88,8.55,1.58,3.4,355,1.6,14.5,06:54,121.9,,,00:38,82.4,15:00,37.6,84.3,小潮,21.6
2026-02-21,明進丸,日立久慈港,ibaraki,マハタ,0,3,1,,,,,1.32,10.7,1.26,2.7,332,5.3,14.1,06:12,128.9,18:24,121.6,12:23,30,,,98.9,中潮,3.6
2026-02-20,明進丸,日立久慈港,ibaraki,メバル,10,24,17,,,,,0.88,10.65,0.7,2.5,332,1.5,14.0,05:55,126.2,17:39,128.2,11:47,37.1,23:58,25,103.2,中潮,2.6
2026-03-22,豊丸,日立久慈港,ibaraki,マダイ,20,20,20,,,,,1.08,10.7,0.94,3.0,55,9.4,15.4,05:19,134.2,18:33,120.6,12:02,4.8,23:56,62.1,129.4,中潮,3.1
2026-03-21,豊丸,日立久慈港,ibaraki,マダイ,32,32,32,,,,,1.52,9.15,1.16,4.5,339,3.6,15.5,05:00,130.9,17:45,127.5,11:25,10.2,23:31,48.4,120.7,中潮,2.1
2026-03-20,豊丸,日立久慈港,ibaraki,マダイ,,,,,,,,1.7,9.15,1.18,6.0,53,9.7,15.6,04:42,126.7,17:00,130.5,10:51,19.4,23:04,34.8,111.1,大潮,1.1
2026-02-21,豊丸,日立久慈港,ibaraki,マダイ,,,,,,,,1.32,10.7,1.26,2.7,332,5.3,14.1,06:12,128.9,18:24,121.6,12:23,30,,,98.9,中潮,3.6
2026-02-15,豊丸,日立久慈港,ibaraki,マダイ,,,,,,,,0.62,9.5,0.38,1.1,293,3.6,13.6,04:30,112.8,14:06,114.8,09:17,83.8,21:33,0.5,114.3,中潮,27.3
2026-03-24,須原屋,東葛西,tokyo_bay,アジ,10,40,25,,,,,0.64,5.55,0.5,5.2,8,9.5,14.0,07:22,175.6,21:32,142.8,01:40,86.1,14:33,18.8,156.8,中潮,5.1
2026-03-22,須原屋,東葛西,tokyo_bay,アジ,3,20,11,,,,,0.26,4.95,0.16,3.8,357,6.6,14.0,06:49,185.4,19:45,180.5,00:55,51.8,13:18,8.4,177.0,中潮,3.1
2026-03-22,須原屋,東葛西,tokyo_bay,シロギス,10,108,59,,,,,0.26,4.95,0.16,3.8,357,6.6,14.0,06:49,185.4,19:45,180.5,00:55,51.8,13:18,8.4,177.0,中潮,3.1
2026-03-21,須原屋,東葛西,tokyo_bay,アジ,30,80,55,,,,,0.48,4.4,0.32,7.2,12,5.3,14.1,06:30,187.9,19:02,193.6,00:28,37.1,12:44,12.8,180.8,中潮,2.1
2026-03-21,須原屋,東葛西,tokyo_bay,シロギス,10,40,25,,,,,0.48,4.4,0.32,7.2,12,5.3,14.1,06:30,187.9,19:02,193.6,00:28,37.1,12:44,12.8,180.8,中潮,2.1
2026-03-20,須原屋,東葛西,tokyo_bay,アジ,30,80,55,,,,,0.56,6.05,0.42,4.7,29,10.9,14.1,06:09,189,18:22,200.2,12:11,22.1,,,178.1,大潮,1.1
2026-03-20,須原屋,東葛西,tokyo_bay,シロギス,1,52,26,,,,,0.56,6.05,0.42,4.7,29,10.9,14.1,06:09,189,18:22,200.2,12:11,22.1,,,178.1,大潮,1.1
2026-03-19,須原屋,東葛西,tokyo_bay,アジ,30,80,55,,,,,0.96,5.05,0.8,9.8,214,15.3,14.1,05:46,188,17:41,200.1,11:39,34.7,23:58,25.8,174.3,大潮,0.1
2026-03-23,あまさけや丸,松輪江奈港,sagami_bay,マダイ,0,3,1,,,,,0.58,8.15,0.42,4.3,288,12.8,15.9,06:43,148.4,20:09,129.1,00:55,68.4,13:31,20.9,127.5,中潮,4.1
2026-03-23,あまさけや丸,松輪江奈港,sagami_bay,メダイ,0,1,0,,,,,0.58,8.15,0.42,4.3,288,12.8,15.9,06:43,148.4,20:09,129.1,00:55,68.4,13:31,20.9,127.5,中潮,4.1
2026-03-20,あまさけや丸,松輪江奈港,sagami_bay,マダイ,0,2,1,,,,,1.14,6.75,0.7,8.1,29,12.2,15.6,05:41,148.8,18:05,152.8,11:50,30.2,,,122.6,大潮,1.1
2026-03-20,あまさけや丸,松輪江奈港,sagami_bay,ワラサ,,,,,,,,1.14,6.75,0.7,8.1,29,12.2,15.6,05:41,148.8,18:05,152.8,11:50,30.2,,,122.6,大潮,1.1
2026-03-16,あまさけや丸,松輪江奈港,sagami_bay,マダイ,1,3,2,,,,,1.44,11.25,1.4,9.0,39,10.4,15.4,04:25,137.7,15:19,133.8,09:58,81.8,22:02,23.8,113.9,中潮,26.6
2026-03-15,あまさけや丸,松輪江奈港,sagami_bay,マダイ,1,6,3,,,,,1.52,10.05,1.5,6.1,42,10.1,15.4,04:08,132.4,14:18,123.1,09:32,96,21:22,27.2,105.2,中潮,25.6
2026-03-15,あまさけや丸,松輪江奈港,sagami_bay,アジ,,,,,,,,1.52,10.05,1.5,6.1,42,10.1,15.4,04:08,132.4,14:18,123.1,09:32,96,21:22,27.2,105.2,中潮,25.6
2026-03-15,あまさけや丸,松輪江奈港,sagami_bay,不明,,,,,,,,1.52,10.05,1.5,6.1,42,10.1,15.4,04:08,132.4,14:18,123.1,09:32,96,21:22,27.2,105.2,中潮,25.6
2026-03-14,あまさけや丸,松輪江奈港,sagami_bay,マダイ,0,3,1,,,,,1.5,6.4,0.74,13.4,26,9.3,15.4,03:58,125.7,12:34,115.4,09:05,109.2,20:33,33.4,92.3,若潮,24.6
2026-03-14,あまさけや丸,松輪江奈港,sagami_bay,マダイ,1,3,2,,,,,1.5,6.4,0.74,13.4,26,9.3,15.4,03:58,125.7,12:34,115.4,09:05,109.2,20:33,33.4,92.3,若潮,24.6
2026-03-14,あまさけや丸,松輪江奈港,sagami_bay,アマダイ,1,3,2,,,,,1.5,6.4,0.74,13.4,26,9.3,15.4,03:58,125.7,12:34,115.4,09:05,109.2,20:33,33.4,92.3,若潮,24.6
2026-03-25,喜平治丸,松輪間口港,sagami_bay,マルイカ,0,47,23,,,,,0.9,7.7,0.9,2.3,90,13.1,15.8,07:26,140.2,22:47,108.6,01:38,93.2,15:03,32.8,107.4,小潮,6.1
2026-03-25,喜平治丸,松輪間口港,sagami_bay,マダイ,0,2,1,,,,,0.9,7.7,0.9,2.3,90,13.1,15.8,07:26,140.2,22:47,108.6,01:38,93.2,15:03,32.8,107.4,小潮,6.1
2026-03-25,喜平治丸,松輪間口港,sagami_bay,不明,0,1,0,,,,,0.9,7.7,0.9,2.3,90,13.1,15.8,07:26,140.2,22:47,108.6,01:38,93.2,15:03,32.8,107.4,小潮,6.1
2026-03-24,喜平治丸,松輪間口港,sagami_bay,マルイカ,0,62,31,,,,,1.2,7.35,1.08,8.8,22,11.4,15.8,07:04,145.3,21:07,117.5,01:18,81.1,14:12,25.4,119.9,中潮,5.1
2026-03-24,喜平治丸,松輪間口港,sagami_bay,マダイ,1,4,2,,,,,1.2,7.35,1.08,8.8,22,11.4,15.8,07:04,145.3,21:07,117.5,01:18,81.1,14:12,25.4,119.9,中潮,5.1
2026-03-24,喜平治丸,松輪間口港,sagami_bay,不明,0,2,1,,,,,1.2,7.35,1.08,8.8,22,11.4,15.8,07:04,145.3,21:07,117.5,01:18,81.1,14:12,25.4,119.9,中潮,5.1
2026-03-22,喜平治丸,松輪間口港,sagami_bay,マルイカ,7,102,54,,,,,0.56,9.3,0.46,5.3,17,10.8,15.9,06:22,149.7,19:24,139.8,00:31,55.9,12:54,20.1,129.6,中潮,3.1
2026-03-22,喜平治丸,松輪間口港,sagami_bay,ヤリイカ,0,5,2,,,,,0.56,9.3,0.46,5.3,17,10.8,15.9,06:22,149.7,19:24,139.8,00:31,55.9,12:54,20.1,129.6,中潮,3.1
2026-03-21,喜平治丸,松輪間口港,sagami_bay,マルイカ,5,93,49,,,,,0.8,7.4,0.48,9.8,36,8.6,15.8,06:01,149.7,18:43,148,00:05,44.4,12:21,23.3,126.4,中潮,2.1
2026-03-21,喜平治丸,松輪間口港,sagami_bay,ヤリイカ,0,5,2,,,,,0.8,7.4,0.48,9.8,36,8.6,15.8,06:01,149.7,18:43,148,00:05,44.4,12:21,23.3,126.4,中潮,2.1
2026-03-20,喜平治丸,松輪間口港,sagami_bay,マルイカ,0,73,36,,,,,1.14,6.75,0.7,8.1,29,12.2,15.6,05:41,148.8,18:05,152.8,11:50,30.2,,,122.6,大潮,1.1
2026-03-20,喜平治丸,松輪間口港,sagami_bay,スルメイカ,10,18,14,,,,,1.14,6.75,0.7,8.1,29,12.2,15.6,05:41,148.8,18:05,152.8,11:50,30.2,,,122.6,大潮,1.1
2026-03-20,喜平治丸,松輪間口港,sagami_bay,マダイ,0,4,2,,,,,1.14,6.75,0.7,8.1,29,12.2,15.6,05:41,148.8,18:05,152.8,11:50,30.2,,,122.6,大潮,1.1
2026-03-20,喜平治丸,松輪間口港,sagami_bay,不明,0,1,0,,,,,1.14,6.75,0.7,8.1,29,12.2,15.6,05:41,148.8,18:05,152.8,11:50,30.2,,,122.6,大潮,1.1
2026-03-25,長崎屋,横浜本牧港,tokyo_bay,不明,7,31,19,,,,,0.36,6.45,0.3,2.2,1,11.3,14.2,07:38,166.9,23:09,127.7,01:56,102.9,15:25,33.2,133.7,小潮,6.1
2026-03-25,長崎屋,横浜本牧港,tokyo_bay,シロギス,16,117,66,,,,,0.36,6.45,0.3,2.2,1,11.3,14.2,07:38,166.9,23:09,127.7,01:56,102.9,15:25,33.2,133.7,小潮,6.1
2026-03-24,長崎屋,横浜本牧港,tokyo_bay,不明,4,50,27,,,,,0.64,5.55,0.5,5.2,8,9.5,14.0,07:22,175.6,21:32,142.8,01:40,86.1,14:33,18.8,156.8,中潮,5.1
2026-03-24,長崎屋,横浜本牧港,tokyo_bay,シロギス,31,131,81,,,,,0.64,5.55,0.5,5.2,8,9.5,14.0,07:22,175.6,21:32,142.8,01:40,86.1,14:33,18.8,156.8,中潮,5.1
2026-03-24,長崎屋,横浜本牧港,tokyo_bay,アジ,16,75,45,,,,,0.64,5.55,0.5,5.2,8,9.5,14.0,07:22,175.6,21:32,142.8,01:40,86.1,14:33,18.8,156.8,中潮,5.1
2026-03-23,長崎屋,横浜本牧港,tokyo_bay,シロギス,20,203,111,,,,,0.32,4.7,0.22,2.0,304,11.1,14.1,07:06,181.4,20:32,162.6,01:19,68.7,13:53,10.2,171.2,中潮,4.1
2026-03-23,長崎屋,横浜本牧港,tokyo_bay,不明,20,51,35,,,,,0.32,4.7,0.22,2.0,304,11.1,14.1,07:06,181.4,20:32,162.6,01:19,68.7,13:53,10.2,171.2,中潮,4.1
2026-03-22,長崎屋,横浜本牧港,tokyo_bay,シロギス,18,114,66,,,,,0.26,4.95,0.16,3.8,357,6.6,14.0,06:49,185.4,19:45,180.5,00:55,51.8,13:18,8.4,177.0,中潮,3.1
2026-03-22,長崎屋,横浜本牧港,tokyo_bay,不明,3,25,14,,,,,0.26,4.95,0.16,3.8,357,6.6,14.0,06:49,185.4,19:45,180.5,00:55,51.8,13:18,8.4,177.0,中潮,3.1
2026-03-22,長崎屋,横浜本牧港,tokyo_bay,アジ,20,55,37,,,,,0.26,4.95,0.16,3.8,357,6.6,14.0,06:49,185.4,19:45,180.5,00:55,51.8,13:18,8.4,177.0,中潮,3.1
2026-03-21,長崎屋,横浜本牧港,tokyo_bay,シロギス,11,120,65,,,,,0.48,4.4,0.32,7.2,12,5.3,14.1,06:30,187.9,19:02,193.6,00:28,37.1,12:44,12.8,180.8,中潮,2.1
2026-03-21,長崎屋,横浜本牧港,tokyo_bay,不明,1,21,11,,,,,0.48,4.4,0.32,7.2,12,5.3,14.1,06:30,187.9,19:02,193.6,00:28,37.1,12:44,12.8,180.8,中潮,2.1
2026-03-25,渡辺釣船店,横浜港･新山下,tokyo_bay,アジ,30,77,53,,,,,0.36,6.45,0.3,2.2,1,11.3,14.2,07:38,166.9,23:09,127.7,01:56,102.9,15:25,33.2,133.7,小潮,6.1
2026-03-24,渡辺釣船店,横浜港･新山下,tokyo_bay,アジ,3,35,19,,,,,0.64,5.55,0.5,5.2,8,9.5,14.0,07:22,175.6,21:32,142.8,01:40,86.1,14:33,18.8,156.8,中潮,5.1
2026-03-24,渡辺釣船店,横浜港･新山下,tokyo_bay,アジ,20,59,39,,,,,0.64,5.55,0.5,5.2,8,9.5,14.0,07:22,175.6,21:32,142.8,01:40,86.1,14:33,18.8,156.8,中潮,5.1
2026-03-24,渡辺釣船店,横浜港･新山下,tokyo_bay,タチウオ,0,3,1,,,,,0.64,5.55,0.5,5.2,8,9.5,14.0,07:22,175.6,21:32,142.8,01:40,86.1,14:33,18.8,156.8,中潮,5.1
2026-03-23,渡辺釣船店,横浜港･新山下,tokyo_bay,アジ,13,39,26,,,,,0.32,4.7,0.22,2.0,304,11.1,14.1,07:06,181.4,20:32,162.6,01:19,68.7,13:53,10.2,171.2,中潮,4.1
2026-03-23,渡辺釣船店,横浜港･新山下,tokyo_bay,アジ,20,41,30,,,,,0.32,4.7,0.22,2.0,304,11.1,14.1,07:06,181.4,20:32,162.6,01:19,68.7,13:53,10.2,171.2,中潮,4.1
2026-03-22,渡辺釣船店,横浜港･新山下,tokyo_bay,アジ,1,53,27,,,,,0.26,4.95,0.16,3.8,357,6.6,14.0,06:49,185.4,19:45,180.5,00:55,51.8,13:18,8.4,177.0,中潮,3.1
2026-03-22,渡辺釣船店,横浜港･新山下,tokyo_bay,アジ,10,56,33,,,,,0.26,4.95,0.16,3.8,357,6.6,14.0,06:49,185.4,19:45,180.5,00:55,51.8,13:18,8.4,177.0,中潮,3.1
2026-03-22,渡辺釣船店,横浜港･新山下,tokyo_bay,タチウオ,0,16,8,,,,,0.26,4.95,0.16,3.8,357,6.6,14.0,06:49,185.4,19:45,180.5,00:55,51.8,13:18,8.4,177.0,中潮,3.1
2026-03-21,渡辺釣船店,横浜港･新山下,tokyo_bay,アジ,8,48,28,,,,,0.48,4.4,0.32,7.2,12,5.3,14.1,06:30,187.9,19:02,193.6,00:28,37.1,12:44,12.8,180.8,中潮,2.1
2026-03-21,渡辺釣船店,横浜港･新山下,tokyo_bay,アジ,13,39,26,,,,,0.48,4.4,0.32,7.2,12,5.3,14.1,06:30,187.9,19:02,193.6,00:28,37.1,12:44,12.8,180.8,中潮,2.1
2026-03-21,渡辺釣船店,横浜港･新山下,tokyo_bay,タチウオ,7,32,19,,,,,0.48,4.4,0.32,7.2,12,5.3,14.1,06:30,187.9,19:02,193.6,00:28,37.1,12:44,12.8,180.8,中潮,2.1
2026-03-25,林遊船,江戸川放水路･原木中山,tokyo_bay,不明,3,15,9,,,,,0.36,6.45,0.3,2.2,1,11.3,14.2,07:38,166.9,23:09,127.7,01:56,102.9,15:25,33.2,133.7,小潮,6.1
2026-03-25,林遊船,江戸川放水路･原木中山,tokyo_bay,アジ,17,86,51,,,,,0.36,6.45,0.3,2.2,1,11.3,14.2,07:38,166.9,23:09,127.7,01:56,102.9,15:25,33.2,133.7,小潮,6.1
2026-03-24,林遊船,江戸川放水路･原木中山,tokyo_bay,不明,11,35,23,,,,,0.64,5.55,0.5,5.2,8,9.5,14.0,07:22,175.6,21:32,142.8,01:40,86.1,14:33,18.8,156.8,中潮,5.1
2026-03-24,林遊船,江戸川放水路･原木中山,tokyo_bay,不明,2,6,4,,,,,0.64,5.55,0.5,5.2,8,9.5,14.0,07:22,175.6,21:32,142.8,01:40,86.1,14:33,18.8,156.8,中潮,5.1
2026-03-23,林遊船,江戸川放水路･原木中山,tokyo_bay,不明,1,4,2,,,,,0.32,4.7,0.22,2.0,304,11.1,14.1,07:06,181.4,20:32,162.6,01:19,68.7,13:53,10.2,171.2,中潮,4.1
2026-03-23,林遊船,江戸川放水路･原木中山,tokyo_bay,不明,3,15,9,,,,,0.32,4.7,0.22,2.0,304,11.1,14.1,07:06,181.4,20:32,162.6,01:19,68.7,13:53,10.2,171.2,中潮,4.1
2026-03-23,林遊船,江戸川放水路･原木中山,tokyo_bay,アジ,37,111,74,,,,,0.32,4.7,0.22,2.0,304,11.1,14.1,07:06,181.4,20:32,162.6,01:19,68.7,13:53,10.2,171.2,中潮,4.1
2026-03-23,林遊船,江戸川放水路･原木中山,tokyo_bay,不明,1,6,3,,,,,0.32,4.7,0.22,2.0,304,11.1,14.1,07:06,181.4,20:32,162.6,01:19,68.7,13:53,10.2,171.2,中潮,4.1
2026-03-22,林遊船,江戸川放水路･原木中山,tokyo_bay,不明,13,35,24,,,,,0.26,4.95,0.16,3.8,357,6.6,14.0,06:49,185.4,19:45,180.5,00:55,51.8,13:18,8.4,177.0,中潮,3.1
2026-03-22,林遊船,江戸川放水路･原木中山,tokyo_bay,不明,2,6,4,,,,,0.26,4.95,0.16,3.8,357,6.6,14.0,06:49,185.4,19:45,180.5,00:55,51.8,13:18,8.4,177.0,中潮,3.1
2026-03-22,林遊船,江戸川放水路･原木中山,tokyo_bay,アジ,18,57,37,,,,,0.26,4.95,0.16,3.8,357,6.6,14.0,06:49,185.4,19:45,180.5,00:55,51.8,13:18,8.4,177.0,中潮,3.1
2026-03-22,林遊船,江戸川放水路･原木中山,tokyo_bay,不明,0,1,0,,,,,0.26,4.95,0.16,3.8,357,6.6,14.0,06:49,185.4,19:45,180.5,00:55,51.8,13:18,8.4,177.0,中潮,3.1
2026-03-21,林遊船,江戸川放水路･原木中山,tokyo_bay,不明,10,15,12,,,,,0.48,4.4,0.32,7.2,12,5.3,14.1,06:30,187.9,19:02,193.6,00:28,37.1,12:44,12.8,180.8,中潮,2.1
2026-03-21,林遊船,江戸川放水路･原木中山,tokyo_bay,アジ,20,40,30,,,,,0.48,4.4,0.32,7.2,12,5.3,14.1,06:30,187.9,19:02,193.6,00:28,37.1,12:44,12.8,180.8,中潮,2.1
2026-03-21,林遊船,江戸川放水路･原木中山,tokyo_bay,アジ,6,44,25,,,,,0.48,4.4,0.32,7.2,12,5.3,14.1,06:30,187.9,19:02,193.6,00:28,37.1,12:44,12.8,180.8,中潮,2.1
2026-03-21,林遊船,江戸川放水路･原木中山,tokyo_bay,不明,8,27,17,,,,,0.48,4.4,0.32,7.2,12,5.3,14.1,06:30,187.9,19:02,193.6,00:28,37.1,12:44,12.8,180.8,中潮,2.1
2026-03-21,林遊船,江戸川放水路･原木中山,tokyo_bay,不明,5,32,18,,,,,0.48,4.4,0.32,7.2,12,5.3,14.1,06:30,187.9,19:02,193.6,00:28,37.1,12:44,12.8,180.8,中潮,2.1
2026-03-25,仁徳丸,波崎港,ibaraki,不明,0,7,3,,,,,1.1,8.2,0.82,2.1,137,11.1,15.2,06:26,130.2,23:02,91.1,00:32,84.4,14:33,14.2,116.0,小潮,6.1
2026-03-25,仁徳丸,波崎港,ibaraki,不明,0,1,0,,,,,1.1,8.2,0.82,2.1,137,11.1,15.2,06:26,130.2,23:02,91.1,00:32,84.4,14:33,14.2,116.0,小潮,6.1
2026-03-25,仁徳丸,波崎港,ibaraki,カサゴ,0,1,0,,,,,1.1,8.2,0.82,2.1,137,11.1,15.2,06:26,130.2,23:02,91.1,00:32,84.4,14:33,14.2,116.0,小潮,6.1
2026-03-23,仁徳丸,波崎港,ibaraki,不明,0,5,2,,,,,0.86,10.05,0.78,1.4,278,8.5,15.4,05:40,135.7,19:28,110.4,12:44,4,,,131.7,中潮,4.1
2026-03-23,仁徳丸,波崎港,ibaraki,不明,0,1,0,,,,,0.86,10.05,0.78,1.4,278,8.5,15.4,05:40,135.7,19:28,110.4,12:44,4,,,131.7,中潮,4.1
2026-03-22,仁徳丸,波崎港,ibaraki,不明,0,8,4,,,,,1.08,10.7,0.94,3.0,55,9.4,15.4,05:19,134.2,18:33,120.6,12:02,4.8,23:56,62.1,129.4,中潮,3.1
2026-03-22,仁徳丸,波崎港,ibaraki,不明,0,2,1,,,,,1.08,10.7,0.94,3.0,55,9.4,15.4,05:19,134.2,18:33,120.6,12:02,4.8,23:56,62.1,129.4,中潮,3.1
2026-03-22,仁徳丸,波崎港,ibaraki,クロムツ,3,13,8,,,,,1.08,10.7,0.94,3.0,55,9.4,15.4,05:19,134.2,18:33,120.6,12:02,4.8,23:56,62.1,129.4,中潮,3.1
2026-03-22,仁徳丸,波崎港,ibaraki,クロムツ,,,,,,,,1.08,10.7,0.94,3.0,55,9.4,15.4,05:19,134.2,18:33,120.6,12:02,4.8,23:56,62.1,129.4,中潮,3.1
2026-03-20,仁徳丸,波崎港,ibaraki,不明,0,4,2,,,,,1.7,9.15,1.18,6.0,53,9.7,15.6,04:42,126.7,17:00,130.5,10:51,19.4,23:04,34.8,111.1,大潮,1.1
2026-03-18,仁徳丸,波崎港,ibaraki,不明,5,8,6,,,,,1.94,11.4,1.9,4.5,57,10.0,15.6,04:10,117.8,15:33,124.9,09:48,44.8,22:05,14.3,110.6,大潮,28.6
2026-03-18,仁徳丸,波崎港,ibaraki,不明,0,3,1,,,,,1.94,11.4,1.9,4.5,57,10.0,15.6,04:10,117.8,15:33,124.9,09:48,44.8,22:05,14.3,110.6,大潮,28.6
2026-03-20,信栄丸,波崎港,ibaraki,ヤリイカ,0,3,1,,,,,1.7,9.15,1.18,6.0,53,9.7,15.6,04:42,126.7,17:00,130.5,10:51,19.4,23:04,34.8,111.1,大潮,1.1
2026-03-12,信栄丸,波崎港,ibaraki,マダイ,1,5,3,,,,,2.32,10.75,2.08,4.0,344,3.1,14.9,07:13,114.6,,,16:41,39.3,,,75.3,小潮,22.6
2026-03-12,信栄丸,波崎港,ibaraki,アマダイ,1,5,3,,,,,2.32,10.75,2.08,4.0,344,3.1,14.9,07:13,114.6,,,16:41,39.3,,,75.3,小潮,22.6
2026-03-09,信栄丸,波崎港,ibaraki,不明,12,30,21,,,,,1.46,11.2,1.34,3.7,344,3.6,14.7,06:16,130.5,19:56,99.2,00:27,64.9,13:17,28.3,102.2,中潮,19.6
2026-03-02,信栄丸,波崎港,ibaraki,不明,2,9,5,,,,,2.2,11.55,2.14,4.9,53,10.2,14.4,04:24,114.2,14:58,122.9,09:35,69.3,21:52,-0.5,123.4,大潮,12.6
2026-03-24,佐衛美丸,洲崎港,tokyo_bay,イサキ,25,50,37,,,,,0.64,5.55,0.5,5.2,8,9.5,14.0,07:22,175.6,21:32,142.8,01:40,86.1,14:33,18.8,156.8,中潮,5.1
2026-03-22,佐衛美丸,洲崎港,tokyo_bay,イサキ,12,50,31,,,,,0.26,4.95,0.16,3.8,357,6.6,14.0,06:49,185.4,19:45,180.5,00:55,51.8,13:18,8.4,177.0,中潮,3.1
2026-03-21,佐衛美丸,洲崎港,tokyo_bay,イサキ,25,50,37,,,,,0.48,4.4,0.32,7.2,12,5.3,14.1,06:30,187.9,19:02,193.6,00:28,37.1,12:44,12.8,180.8,中潮,2.1
2026-03-20,佐衛美丸,洲崎港,tokyo_bay,イサキ,10,50,30,,,,,0.56,6.05,0.42,4.7,29,10.9,14.1,06:09,189,18:22,200.2,12:11,22.1,,,178.1,大潮,1.1
2026-03-18,佐衛美丸,洲崎港,tokyo_bay,イサキ,50,50,50,,,,,0.26,6.4,0.22,2.4,15,9.9,14.0,05:22,184.4,17:00,193.6,11:07,49.1,23:26,18.9,174.7,大潮,28.6
2026-03-22,北山丸,洲崎港,tokyo_bay,不明,,,,,,,,0.26,4.95,0.16,3.8,357,6.6,14.0,06:49,185.4,19:45,180.5,00:55,51.8,13:18,8.4,177.0,中潮,3.1
2026-03-20,北山丸,洲崎港,tokyo_bay,マハタ,0,2,1,,,,,0.56,6.05,0.42,4.7,29,10.9,14.1,06:09,189,18:22,200.2,12:11,22.1,,,178.1,大潮,1.1
2026-03-17,北山丸,洲崎港,tokyo_bay,マハタ,1,1,1,,,,,0.26,7.55,0.18,4.2,17,9.3,13.9,04:58,177.7,16:17,181.7,10:36,64.4,22:53,17,164.7,大潮,27.6
2026-03-23,吉久,浦安,tokyo_bay,フグ,0,2,1,,,,,0.32,4.7,0.22,2.0,304,11.1,14.1,07:06,181.4,20:32,162.6,01:19,68.7,13:53,10.2,171.2,中潮,4.1
2026-03-23,吉久,浦安,tokyo_bay,サワラ,0,1,0,,,,,0.32,4.7,0.22,2.0,304,11.1,14.1,07:06,181.4,20:32,162.6,01:19,68.7,13:53,10.2,171.2,中潮,4.1
2026-03-21,吉久,浦安,tokyo_bay,フグ,0,1,0,,,,,0.48,4.4,0.32,7.2,12,5.3,14.1,06:30,187.9,19:02,193.6,00:28,37.1,12:44,12.8,180.8,中潮,2.1
2026-03-21,吉久,浦安,tokyo_bay,サワラ,3,10,6,,,,,0.48,4.4,0.32,7.2,12,5.3,14.1,06:30,187.9,19:02,193.6,00:28,37.1,12:44,12.8,180.8,中潮,2.1
2026-03-21,吉久,浦安,tokyo_bay,カサゴ,0,3,1,,,,,0.48,4.4,0.32,7.2,12,5.3,14.1,06:30,187.9,19:02,193.6,00:28,37.1,12:44,12.8,180.8,中潮,2.1
2026-03-20,吉久,浦安,tokyo_bay,フグ,0,1,0,,,,,0.56,6.05,0.42,4.7,29,10.9,14.1,06:09,189,18:22,200.2,12:11,22.1,,,178.1,大潮,1.1
2026-03-20,吉久,浦安,tokyo_bay,サワラ,0,1,0,,,,,0.56,6.05,0.42,4.7,29,10.9,14.1,06:09,189,18:22,200.2,12:11,22.1,,,178.1,大潮,1.1
2026-03-19,吉久,浦安,tokyo_bay,フグ,0,2,1,,,,,0.96,5.05,0.8,9.8,214,15.3,14.1,05:46,188,17:41,200.1,11:39,34.7,23:58,25.8,174.3,大潮,0.1
2026-03-19,吉久,浦安,tokyo_bay,サワラ,0,4,2,,,,,0.96,5.05,0.8,9.8,214,15.3,14.1,05:46,188,17:41,200.1,11:39,34.7,23:58,25.8,174.3,大潮,0.1
2026-03-18,吉久,浦安,tokyo_bay,フグ,0,2,1,,,,,0.26,6.4,0.22,2.4,15,9.9,14.0,05:22,184.4,17:00,193.6,11:07,49.1,23:26,18.9,174.7,大潮,28.6
2026-03-18,吉久,浦安,tokyo_bay,サワラ,1,6,3,,,,,0.26,6.4,0.22,2.4,15,9.9,14.0,05:22,184.4,17:00,193.6,11:07,49.1,23:26,18.9,174.7,大潮,28.6
2026-03-18,吉久,浦安,tokyo_bay,不明,20,20,20,,,,,0.26,6.4,0.22,2.4,15,9.9,14.0,05:22,184.4,17:00,193.6,11:07,49.1,23:26,18.9,174.7,大潮,28.6
2026-03-25,吉野屋,浦安,tokyo_bay,アジ,79,122,100,,,,,0.36,6.45,0.3,2.2,1,11.3,14.2,07:38,166.9,23:09,127.7,01:56,102.9,15:25,33.2,133.7,小潮,6.1
2026-03-25,吉野屋,浦安,tokyo_bay,アジ,18,50,34,,,,,0.36,6.45,0.3,2.2,1,11.3,14.2,07:38,166.9,23:09,127.7,01:56,102.9,15:25,33.2,133.7,小潮,6.1
2026-03-25,吉野屋,浦安,tokyo_bay,フグ,0,2,1,,,,,0.36,6.45,0.3,2.2,1,11.3,14.2,07:38,166.9,23:09,127.7,01:56,102.9,15:25,33.2,133.7,小潮,6.1
2026-03-22,吉野屋,浦安,tokyo_bay,フグ,0,2,1,,,,,0.26,4.95,0.16,3.8,357,6.6,14.0,06:49,185.4,19:45,180.5,00:55,51.8,13:18,8.4,177.0,中潮,3.1
2026-03-22,吉野屋,浦安,tokyo_bay,アジ,10,68,39,,,,,0.26,4.95,0.16,3.8,357,6.6,14.0,06:49,185.4,19:45,180.5,00:55,51.8,13:18,8.4,177.0,中潮,3.1
2026-03-22,吉野屋,浦安,tokyo_bay,カサゴ,10,53,31,,,,,0.26,4.95,0.16,3.8,357,6.6,14.0,06:49,185.4,19:45,180.5,00:55,51.8,13:18,8.4,177.0,中潮,3.1
2026-03-21,吉野屋,浦安,tokyo_bay,フグ,0,1,0,,,,,0.48,4.4,0.32,7.2,12,5.3,14.1,06:30,187.9,19:02,193.6,00:28,37.1,12:44,12.8,180.8,中潮,2.1
2026-03-21,吉野屋,浦安,tokyo_bay,タチウオ,4,25,14,,,,,0.48,4.4,0.32,7.2,12,5.3,14.1,06:30,187.9,19:02,193.6,00:28,37.1,12:44,12.8,180.8,中潮,2.1
2026-03-21,吉野屋,浦安,tokyo_bay,アジ,7,96,51,,,,,0.48,4.4,0.32,7.2,12,5.3,14.1,06:30,187.9,19:02,193.6,00:28,37.1,12:44,12.8,180.8,中潮,2.1
2026-03-20,吉野屋,浦安,tokyo_bay,アジ,3,96,49,,,,,0.56,6.05,0.42,4.7,29,10.9,14.1,06:09,189,18:22,200.2,12:11,22.1,,,178.1,大潮,1.1
2026-03-20,吉野屋,浦安,tokyo_bay,フグ,0,2,1,,,,,0.56,6.05,0.42,4.7,29,10.9,14.1,06:09,189,18:22,200.2,12:11,22.1,,,178.1,大潮,1.1
2026-03-20,吉野屋,浦安,tokyo_bay,タチウオ,3,24,13,,,,,0.56,6.05,0.42,4.7,29,10.9,14.1,06:09,189,18:22,200.2,12:11,22.1,,,178.1,大潮,1.1
2026-03-19,吉野屋,浦安,tokyo_bay,フグ,0,2,1,,,,,0.96,5.05,0.8,9.8,214,15.3,14.1,05:46,188,17:41,200.1,11:39,34.7,23:58,25.8,174.3,大潮,0.1
2026-03-22,勇幸丸,片貝港,outer_boso,メダイ,6,28,17,,,,,1.16,9.75,1.02,5.2,227,13.8,14.8,06:00,140.1,19:10,128.6,00:10,44.1,12:35,-2.7,142.8,中潮,3.1
2026-03-22,勇幸丸,片貝港,outer_boso,キンメダイ,6,28,17,,,,,1.16,9.75,1.02,5.2,227,13.8,14.8,06:00,140.1,19:10,128.6,00:10,44.1,12:35,-2.7,142.8,中潮,3.1
2026-02-22,勇幸丸,片貝港,outer_boso,メダイ,1,7,4,,,,,0.96,9.4,0.86,3.3,229,12.1,15.4,07:11,136,19:56,118.1,01:05,39,13:37,21.4,114.6,中潮,4.6
2026-02-22,勇幸丸,片貝港,outer_boso,キンメダイ,1,7,4,,,,,0.96,9.4,0.86,3.3,229,12.1,15.4,07:11,136,19:56,118.1,01:05,39,13:37,21.4,114.6,中潮,4.6
2026-02-21,勇幸丸,片貝港,outer_boso,メダイ,0,4,2,,,,,1.18,10.05,1.12,6.9,330,8.9,15.1,06:50,136.7,19:06,130,00:38,23.6,12:57,25.8,113.1,中潮,3.6
2026-02-21,勇幸丸,片貝港,outer_boso,キンメダイ,0,4,2,,,,,1.18,10.05,1.12,6.9,330,8.9,15.1,06:50,136.7,19:06,130,00:38,23.6,12:57,25.8,113.1,中潮,3.6
2026-02-16,勇幸丸,片貝港,outer_boso,不明,6,27,16,,,,,1.28,8.4,0.94,6.1,357,11.1,14.9,05:10,126.6,15:42,131.6,10:23,74,22:38,-2,133.6,大潮,28.3
2026-02-16,勇幸丸,片貝港,outer_boso,イサキ,0,6,3,,,,,1.28,8.4,0.94,6.1,357,11.1,14.9,05:10,126.6,15:42,131.6,10:23,74,22:38,-2,133.6,大潮,28.3
2026-02-14,勇幸丸,片貝港,outer_boso,メダイ,4,33,18,,,,,0.8,7.35,0.52,3.0,338,12.0,15.6,04:38,114.5,14:08,114.1,09:28,91.2,21:33,10.7,103.8,中潮,26.3
2026-02-14,勇幸丸,片貝港,outer_boso,キンメダイ,4,33,18,,,,,0.8,7.35,0.52,3.0,338,12.0,15.6,04:38,114.5,14:08,114.1,09:28,91.2,21:33,10.7,103.8,中潮,26.3
2026-03-24,孝徳丸,片貝港,outer_boso,不明,20,46,33,,,,,1.56,7.6,1.16,8.7,341,10.3,14.8,06:49,135.8,21:14,104.5,01:05,72.2,14:05,3.7,132.1,中潮,5.1
2026-03-21,孝徳丸,片貝港,outer_boso,不明,34,50,42,,,,,1.58,8.45,1.12,9.3,355,7.4,14.8,05:37,139.4,18:23,137.3,11:57,2.4,,,137.0,中潮,2.1
2026-03-20,孝徳丸,片貝港,outer_boso,不明,14,31,22,,,,,2.08,8.05,1.16,11.1,55,12.2,15.1,05:15,137.4,17:38,142,11:22,12.3,23:40,31,129.7,大潮,1.1
2026-03-11,孝徳丸,片貝港,outer_boso,不明,12,30,21,,,,,2.12,8.85,1.66,9.8,1,6.8,15.1,07:36,116.5,,,01:31,78.8,15:29,35.8,80.7,小潮,21.6
2026-03-11,孝徳丸,片貝港,outer_boso,アジ,6,15,10,,,,,2.12,8.85,1.66,9.8,1,6.8,15.1,07:36,116.5,,,01:31,78.8,15:29,35.8,80.7,小潮,21.6
2026-02-28,孝徳丸,片貝港,outer_boso,ヒラメ,0,5,2,,,,,1.92,10.1,1.44,4.7,5,12.2,14.9,04:20,118.1,13:44,118.9,09:08,96.6,21:09,6,112.9,中潮,10.6
2026-03-24,鴨下丸kawana,磯子港,tokyo_bay,マダイ,3,8,5,,,,,0.64,5.55,0.5,5.2,8,9.5,14.0,07:22,175.6,21:32,142.8,01:40,86.1,14:33,18.8,156.8,中潮,5.1
2026-03-22,鴨下丸kawana,磯子港,tokyo_bay,マダイ,0,5,2,,,,,0.26,4.95,0.16,3.8,357,6.6,14.0,06:49,185.4,19:45,180.5,00:55,51.8,13:18,8.4,177.0,中潮,3.1
2026-03-21,鴨下丸kawana,磯子港,tokyo_bay,マダイ,0,3,1,,,,,0.48,4.4,0.32,7.2,12,5.3,14.1,06:30,187.9,19:02,193.6,00:28,37.1,12:44,12.8,180.8,中潮,2.1
2026-03-20,鴨下丸kawana,磯子港,tokyo_bay,マダイ,0,4,2,,,,,0.56,6.05,0.42,4.7,29,10.9,14.1,06:09,189,18:22,200.2,12:11,22.1,,,178.1,大潮,1.1
2026-03-18,鴨下丸kawana,磯子港,tokyo_bay,マダイ,1,5,3,,,,,0.26,6.4,0.22,2.4,15,9.9,14.0,05:22,184.4,17:00,193.6,11:07,49.1,23:26,18.9,174.7,大潮,28.6
2026-03-22,かめだや,羽田,tokyo_bay,シロギス,35,139,87,,,,,0.26,4.95,0.16,3.8,357,6.6,14.0,06:49,185.4,19:45,180.5,00:55,51.8,13:18,8.4,177.0,中潮,3.1
2026-03-22,かめだや,羽田,tokyo_bay,アジ,15,64,39,,,,,0.26,4.95,0.16,3.8,357,6.6,14.0,06:49,185.4,19:45,180.5,00:55,51.8,13:18,8.4,177.0,中潮,3.1
2026-03-21,かめだや,羽田,tokyo_bay,アジ,18,63,40,,,,,0.48,4.4,0.32,7.2,12,5.3,14.1,06:30,187.9,19:02,193.6,00:28,37.1,12:44,12.8,180.8,中潮,2.1
2026-03-21,かめだや,羽田,tokyo_bay,シロギス,4,40,22,,,,,0.48,4.4,0.32,7.2,12,5.3,14.1,06:30,187.9,19:02,193.6,00:28,37.1,12:44,12.8,180.8,中潮,2.1
2026-03-18,かめだや,羽田,tokyo_bay,アジ,10,52,31,,,,,0.26,6.4,0.22,2.4,15,9.9,14.0,05:22,184.4,17:00,193.6,11:07,49.1,23:26,18.9,174.7,大潮,28.6
2026-03-15,かめだや,羽田,tokyo_bay,アジ,20,75,47,,,,,0.48,9.0,0.44,4.5,28,7.6,14.1,04:14,154.6,14:34,148.7,09:33,95.4,21:43,28.3,126.3,中潮,25.6
2026-03-15,かめだや,羽田,tokyo_bay,シロギス,8,66,37,,,,,0.48,9.0,0.44,4.5,28,7.6,14.1,04:14,154.6,14:34,148.7,09:33,95.4,21:43,28.3,126.3,中潮,25.6
2026-03-14,かめだや,羽田,tokyo_bay,アジ,37,90,63,,,,,0.62,3.55,0.14,9.2,14,7.1,13.9,04:07,139.6,13:12,134,08:58,110.8,21:03,40.2,99.4,若潮,24.6
2026-03-25,たいぞう丸,葉山あぶずり港,sagami_bay,マルイカ,2,82,42,,,,,0.9,7.7,0.9,2.3,90,13.1,15.8,07:26,140.2,22:47,108.6,01:38,93.2,15:03,32.8,107.4,小潮,6.1
2026-03-24,たいぞう丸,葉山あぶずり港,sagami_bay,マルイカ,0,43,21,,,,,1.2,7.35,1.08,8.8,22,11.4,15.8,07:04,145.3,21:07,117.5,01:18,81.1,14:12,25.4,119.9,中潮,5.1
2026-03-23,たいぞう丸,葉山あぶずり港,sagami_bay,マルイカ,7,46,26,,,,,0.58,8.15,0.42,4.3,288,12.8,15.9,06:43,148.4,20:09,129.1,00:55,68.4,13:31,20.9,127.5,中潮,4.1
2026-03-22,たいぞう丸,葉山あぶずり港,sagami_bay,マルイカ,5,68,36,,,,,0.56,9.3,0.46,5.3,17,10.8,15.9,06:22,149.7,19:24,139.8,00:31,55.9,12:54,20.1,129.6,中潮,3.1
2026-03-22,たいぞう丸,葉山あぶずり港,sagami_bay,マダイ,0,6,3,,,,,0.56,9.3,0.46,5.3,17,10.8,15.9,06:22,149.7,19:24,139.8,00:31,55.9,12:54,20.1,129.6,中潮,3.1
2026-03-22,たいぞう丸,葉山あぶずり港,sagami_bay,アマダイ,0,6,3,,,,,0.56,9.3,0.46,5.3,17,10.8,15.9,06:22,149.7,19:24,139.8,00:31,55.9,12:54,20.1,129.6,中潮,3.1
2026-03-21,たいぞう丸,葉山あぶずり港,sagami_bay,マルイカ,6,45,25,,,,,0.8,7.4,0.48,9.8,36,8.6,15.8,06:01,149.7,18:43,148,00:05,44.4,12:21,23.3,126.4,中潮,2.1
2026-03-21,たいぞう丸,葉山あぶずり港,sagami_bay,マダイ,0,4,2,,,,,0.8,7.4,0.48,9.8,36,8.6,15.8,06:01,149.7,18:43,148,00:05,44.4,12:21,23.3,126.4,中潮,2.1
2026-03-21,たいぞう丸,葉山あぶずり港,sagami_bay,アマダイ,0,4,2,,,,,0.8,7.4,0.48,9.8,36,8.6,15.8,06:01,149.7,18:43,148,00:05,44.4,12:21,23.3,126.4,中潮,2.1
2026-03-25,小柴丸,金沢八景,tokyo_bay,不明,10,11,10,,,,,0.36,6.45,0.3,2.2,1,11.3,14.2,07:38,166.9,23:09,127.7,01:56,102.9,15:25,33.2,133.7,小潮,6.1
2026-03-24,小柴丸,金沢八景,tokyo_bay,不明,11,22,16,,,,,0.64,5.55,0.5,5.2,8,9.5,14.0,07:22,175.6,21:32,142.8,01:40,86.1,14:33,18.8,156.8,中潮,5.1
2026-03-22,小柴丸,金沢八景,tokyo_bay,不明,11,44,27,,,,,0.26,4.95,0.16,3.8,357,6.6,14.0,06:49,185.4,19:45,180.5,00:55,51.8,13:18,8.4,177.0,中潮,3.1
2026-03-22,小柴丸,金沢八景,tokyo_bay,アジ,11,24,17,,,,,0.26,4.95,0.16,3.8,357,6.6,14.0,06:49,185.4,19:45,180.5,00:55,51.8,13:18,8.4,177.0,中潮,3.1
2026-03-21,小柴丸,金沢八景,tokyo_bay,不明,6,27,16,,,,,0.48,4.4,0.32,7.2,12,5.3,14.1,06:30,187.9,19:02,193.6,00:28,37.1,12:44,12.8,180.8,中潮,2.1
2026-03-20,小柴丸,金沢八景,tokyo_bay,不明,5,24,14,,,,,0.56,6.05,0.42,4.7,29,10.9,14.1,06:09,189,18:22,200.2,12:11,22.1,,,178.1,大潮,1.1
2026-03-20,小柴丸,金沢八景,tokyo_bay,アジ,33,66,49,,,,,0.56,6.05,0.42,4.7,29,10.9,14.1,06:09,189,18:22,200.2,12:11,22.1,,,178.1,大潮,1.1
2026-03-24,新修丸,金沢八景,tokyo_bay,カサゴ,10,63,36,,,,,0.64,5.55,0.5,5.2,8,9.5,14.0,07:22,175.6,21:32,142.8,01:40,86.1,14:33,18.8,156.8,中潮,5.1
2026-03-22,新修丸,金沢八景,tokyo_bay,カサゴ,20,61,40,,,,,0.26,4.95,0.16,3.8,357,6.6,14.0,06:49,185.4,19:45,180.5,00:55,51.8,13:18,8.4,177.0,中潮,3.1
2026-03-22,新修丸,金沢八景,tokyo_bay,クロムツ,0,2,1,,,,,0.26,4.95,0.16,3.8,357,6.6,14.0,06:49,185.4,19:45,180.5,00:55,51.8,13:18,8.4,177.0,中潮,3.1
2026-03-15,新修丸,金沢八景,tokyo_bay,カサゴ,20,69,44,,,,,0.48,9.0,0.44,4.5,28,7.6,14.1,04:14,154.6,14:34,148.7,09:33,95.4,21:43,28.3,126.3,中潮,25.6
2026-03-15,新修丸,金沢八景,tokyo_bay,クロムツ,0,3,1,,,,,0.48,9.0,0.44,4.5,28,7.6,14.1,04:14,154.6,14:34,148.7,09:33,95.4,21:43,28.3,126.3,中潮,25.6
2026-03-14,新修丸,金沢八景,tokyo_bay,カサゴ,2,29,15,,,,,0.62,3.55,0.14,9.2,14,7.1,13.9,04:07,139.6,13:12,134,08:58,110.8,21:03,40.2,99.4,若潮,24.6
2026-03-13,新修丸,金沢八景,tokyo_bay,カサゴ,13,46,29,,,,,0.4,3.9,0.14,6.8,18,5.3,13.9,05:32,126.6,10:55,130.3,07:41,124.7,20:11,54,76.3,長潮,23.6
2026-03-24,米元釣船店,金沢八景,tokyo_bay,アジ,6,77,41,,,,,0.64,5.55,0.5,5.2,8,9.5,14.0,07:22,175.6,21:32,142.8,01:40,86.1,14:33,18.8,156.8,中潮,5.1
2026-03-24,米元釣船店,金沢八景,tokyo_bay,マダイ,1,7,4,,,,,0.64,5.55,0.5,5.2,8,9.5,14.0,07:22,175.6,21:32,142.8,01:40,86.1,14:33,18.8,156.8,中潮,5.1
2026-03-24,米元釣船店,金沢八景,tokyo_bay,タチウオ,3,7,5,,,,,0.64,5.55,0.5,5.2,8,9.5,14.0,07:22,175.6,21:32,142.8,01:40,86.1,14:33,18.8,156.8,中潮,5.1
2026-03-23,米元釣船店,金沢八景,tokyo_bay,アジ,28,79,53,,,,,0.32,4.7,0.22,2.0,304,11.1,14.1,07:06,181.4,20:32,162.6,01:19,68.7,13:53,10.2,171.2,中潮,4.1
2026-03-22,米元釣船店,金沢八景,tokyo_bay,タチウオ,6,31,18,,,,,0.26,4.95,0.16,3.8,357,6.6,14.0,06:49,185.4,19:45,180.5,00:55,51.8,13:18,8.4,177.0,中潮,3.1
2026-03-22,米元釣船店,金沢八景,tokyo_bay,アジ,3,16,9,,,,,0.26,4.95,0.16,3.8,357,6.6,14.0,06:49,185.4,19:45,180.5,00:55,51.8,13:18,8.4,177.0,中潮,3.1
2026-03-22,米元釣船店,金沢八景,tokyo_bay,マダイ,0,2,1,,,,,0.26,4.95,0.16,3.8,357,6.6,14.0,06:49,185.4,19:45,180.5,00:55,51.8,13:18,8.4,177.0,中潮,3.1
2026-03-21,米元釣船店,金沢八景,tokyo_bay,マダイ,0,5,2,,,,,0.48,4.4,0.32,7.2,12,5.3,14.1,06:30,187.9,19:02,193.6,00:28,37.1,12:44,12.8,180.8,中潮,2.1
2026-03-21,米元釣船店,金沢八景,tokyo_bay,アジ,29,49,39,,,,,0.48,4.4,0.32,7.2,12,5.3,14.1,06:30,187.9,19:02,193.6,00:28,37.1,12:44,12.8,180.8,中潮,2.1
2026-03-20,米元釣船店,金沢八景,tokyo_bay,タチウオ,8,45,26,,,,,0.56,6.05,0.42,4.7,29,10.9,14.1,06:09,189,18:22,200.2,12:11,22.1,,,178.1,大潮,1.1
2026-03-20,米元釣船店,金沢八景,tokyo_bay,アジ,2,12,7,,,,,0.56,6.05,0.42,4.7,29,10.9,14.1,06:09,189,18:22,200.2,12:11,22.1,,,178.1,大潮,1.1
2026-03-20,米元釣船店,金沢八景,tokyo_bay,マダイ,0,3,1,,,,,0.56,6.05,0.42,4.7,29,10.9,14.1,06:09,189,18:22,200.2,12:11,22.1,,,178.1,大潮,1.1
2026-03-25,荒川屋,金沢八景,tokyo_bay,シロギス,10,36,23,,,,,0.36,6.45,0.3,2.2,1,11.3,14.2,07:38,166.9,23:09,127.7,01:56,102.9,15:25,33.2,133.7,小潮,6.1
2026-03-25,荒川屋,金沢八景,tokyo_bay,不明,0,2,1,,,,,0.36,6.45,0.3,2.2,1,11.3,14.2,07:38,166.9,23:09,127.7,01:56,102.9,15:25,33.2,133.7,小潮,6.1
2026-03-24,荒川屋,金沢八景,tokyo_bay,シロギス,10,95,52,,,,,0.64,5.55,0.5,5.2,8,9.5,14.0,07:22,175.6,21:32,142.8,01:40,86.1,14:33,18.8,156.8,中潮,5.1
2026-03-23,荒川屋,金沢八景,tokyo_bay,シロギス,40,65,52,,,,,0.32,4.7,0.22,2.0,304,11.1,14.1,07:06,181.4,20:32,162.6,01:19,68.7,13:53,10.2,171.2,中潮,4.1
2026-03-23,荒川屋,金沢八景,tokyo_bay,タチウオ,1,4,2,,,,,0.32,4.7,0.22,2.0,304,11.1,14.1,07:06,181.4,20:32,162.6,01:19,68.7,13:53,10.2,171.2,中潮,4.1
2026-03-23,荒川屋,金沢八景,tokyo_bay,アジ,7,53,30,,,,,0.32,4.7,0.22,2.0,304,11.1,14.1,07:06,181.4,20:32,162.6,01:19,68.7,13:53,10.2,171.2,中潮,4.1
2026-03-22,荒川屋,金沢八景,tokyo_bay,シロギス,1,39,20,,,,,0.26,4.95,0.16,3.8,357,6.6,14.0,06:49,185.4,19:45,180.5,00:55,51.8,13:18,8.4,177.0,中潮,3.1
2026-03-22,荒川屋,金沢八景,tokyo_bay,シロギス,5,34,19,,,,,0.26,4.95,0.16,3.8,357,6.6,14.0,06:49,185.4,19:45,180.5,00:55,51.8,13:18,8.4,177.0,中潮,3.1
2026-03-22,荒川屋,金沢八景,tokyo_bay,アジ,4,25,14,,,,,0.26,4.95,0.16,3.8,357,6.6,14.0,06:49,185.4,19:45,180.5,00:55,51.8,13:18,8.4,177.0,中潮,3.1
2026-03-22,荒川屋,金沢八景,tokyo_bay,アジ,6,42,24,,,,,0.26,4.95,0.16,3.8,357,6.6,14.0,06:49,185.4,19:45,180.5,00:55,51.8,13:18,8.4,177.0,中潮,3.1
2026-03-22,荒川屋,金沢八景,tokyo_bay,不明,0,3,1,,,,,0.26,4.95,0.16,3.8,357,6.6,14.0,06:49,185.4,19:45,180.5,00:55,51.8,13:18,8.4,177.0,中潮,3.1
2026-03-21,荒川屋,金沢八景,tokyo_bay,アジ,9,60,34,,,,,0.48,4.4,0.32,7.2,12,5.3,14.1,06:30,187.9,19:02,193.6,00:28,37.1,12:44,12.8,180.8,中潮,2.1
2026-03-21,荒川屋,金沢八景,tokyo_bay,アジ,3,25,14,,,,,0.48,4.4,0.32,7.2,12,5.3,14.1,06:30,187.9,19:02,193.6,00:28,37.1,12:44,12.8,180.8,中潮,2.1
2026-03-21,荒川屋,金沢八景,tokyo_bay,シロギス,2,19,10,,,,,0.48,4.4,0.32,7.2,12,5.3,14.1,06:30,187.9,19:02,193.6,00:28,37.1,12:44,12.8,180.8,中潮,2.1
2026-03-21,荒川屋,金沢八景,tokyo_bay,シロギス,0,12,6,,,,,0.48,4.4,0.32,7.2,12,5.3,14.1,06:30,187.9,19:02,193.6,00:28,37.1,12:44,12.8,180.8,中潮,2.1
2026-03-24,光進丸,金谷港,tokyo_bay,アジ,10,45,27,,,,,0.64,5.55,0.5,5.2,8,9.5,14.0,07:22,175.6,21:32,142.8,01:40,86.1,14:33,18.8,156.8,中潮,5.1
2026-03-24,光進丸,金谷港,tokyo_bay,フグ,0,1,0,,,,,0.64,5.55,0.5,5.2,8,9.5,14.0,07:22,175.6,21:32,142.8,01:40,86.1,14:33,18.8,156.8,中潮,5.1
2026-03-23,光進丸,金谷港,tokyo_bay,アジ,13,62,37,,,,,0.32,4.7,0.22,2.0,304,11.1,14.1,07:06,181.4,20:32,162.6,01:19,68.7,13:53,10.2,171.2,中潮,4.1
2026-03-23,光進丸,金谷港,tokyo_bay,フグ,0,3,1,,,,,0.32,4.7,0.22,2.0,304,11.1,14.1,07:06,181.4,20:32,162.6,01:19,68.7,13:53,10.2,171.2,中潮,4.1
2026-03-22,光進丸,金谷港,tokyo_bay,アジ,12,46,29,,,,,0.26,4.95,0.16,3.8,357,6.6,14.0,06:49,185.4,19:45,180.5,00:55,51.8,13:18,8.4,177.0,中潮,3.1
2026-03-22,光進丸,金谷港,tokyo_bay,フグ,0,2,1,,,,,0.26,4.95,0.16,3.8,357,6.6,14.0,06:49,185.4,19:45,180.5,00:55,51.8,13:18,8.4,177.0,中潮,3.1
2026-03-21,光進丸,金谷港,tokyo_bay,アジ,3,52,27,,,,,0.48,4.4,0.32,7.2,12,5.3,14.1,06:30,187.9,19:02,193.6,00:28,37.1,12:44,12.8,180.8,中潮,2.1
2026-03-21,光進丸,金谷港,tokyo_bay,フグ,0,2,1,,,,,0.48,4.4,0.32,7.2,12,5.3,14.1,06:30,187.9,19:02,193.6,00:28,37.1,12:44,12.8,180.8,中潮,2.1
2026-03-20,光進丸,金谷港,tokyo_bay,アジ,8,46,27,,,,,0.56,6.05,0.42,4.7,29,10.9,14.1,06:09,189,18:22,200.2,12:11,22.1,,,178.1,大潮,1.1
2026-03-20,光進丸,金谷港,tokyo_bay,フグ,0,2,1,,,,,0.56,6.05,0.42,4.7,29,10.9,14.1,06:09,189,18:22,200.2,12:11,22.1,,,178.1,大潮,1.1
2026-03-22,勘次郎丸,金谷港,tokyo_bay,アジ,18,77,47,,,,,0.26,4.95,0.16,3.8,357,6.6,14.0,06:49,185.4,19:45,180.5,00:55,51.8,13:18,8.4,177.0,中潮,3.1
2026-03-21,勘次郎丸,金谷港,tokyo_bay,アジ,19,51,35,,,,,0.48,4.4,0.32,7.2,12,5.3,14.1,06:30,187.9,19:02,193.6,00:28,37.1,12:44,12.8,180.8,中潮,2.1
2026-03-16,勘次郎丸,金谷港,tokyo_bay,アジ,18,68,43,,,,,0.38,7.45,0.3,5.7,9,7.8,14.0,04:34,167.6,15:30,166,10:05,79.9,22:18,20.3,147.3,中潮,26.6
2026-03-14,勘次郎丸,金谷港,tokyo_bay,アジ,10,43,26,,,,,0.62,3.55,0.14,9.2,14,7.1,13.9,04:07,139.6,13:12,134,08:58,110.8,21:03,40.2,99.4,若潮,24.6
2026-03-13,勘次郎丸,金谷港,tokyo_bay,アジ,30,61,45,,,,,0.4,3.9,0.14,6.8,18,5.3,13.9,05:32,126.6,10:55,130.3,07:41,124.7,20:11,54,76.3,長潮,23.6
2026-03-24,はら丸,長井港,sagami_bay,ヤリイカ,7,20,13,,,,,1.2,7.35,1.08,8.8,22,11.4,15.8,07:04,145.3,21:07,117.5,01:18,81.1,14:12,25.4,119.9,中潮,5.1
2026-03-24,はら丸,長井港,sagami_bay,マルイカ,0,3,1,,,,,1.2,7.35,1.08,8.8,22,11.4,15.8,07:04,145.3,21:07,117.5,01:18,81.1,14:12,25.4,119.9,中潮,5.1
2026-03-21,はら丸,長井港,sagami_bay,ヤリイカ,9,18,13,,,,,0.8,7.4,0.48,9.8,36,8.6,15.8,06:01,149.7,18:43,148,00:05,44.4,12:21,23.3,126.4,中潮,2.1
2026-03-21,はら丸,長井港,sagami_bay,マルイカ,0,5,2,,,,,0.8,7.4,0.48,9.8,36,8.6,15.8,06:01,149.7,18:43,148,00:05,44.4,12:21,23.3,126.4,中潮,2.1
2026-03-20,はら丸,長井港,sagami_bay,スルメイカ,3,18,10,,,,,1.14,6.75,0.7,8.1,29,12.2,15.6,05:41,148.8,18:05,152.8,11:50,30.2,,,122.6,大潮,1.1
2026-03-20,はら丸,長井港,sagami_bay,マルイカ,3,4,3,,,,,1.14,6.75,0.7,8.1,29,12.2,15.6,05:41,148.8,18:05,152.8,11:50,30.2,,,122.6,大潮,1.1
2026-03-18,はら丸,長井港,sagami_bay,スルメイカ,16,25,20,,,,,0.92,9.95,0.9,3.3,81,11.8,15.4,05:02,144.8,16:48,150.3,10:52,53,23:08,27.8,122.5,大潮,28.6
2026-03-17,はら丸,長井港,sagami_bay,スルメイカ,4,11,7,,,,,1.14,9.9,1.08,6.8,38,10.9,15.4,04:43,141.7,16:06,143.5,10:25,67.1,22:37,24,119.5,大潮,27.6
2026-03-17,はら丸,長井港,sagami_bay,マルイカ,1,4,2,,,,,1.14,9.9,1.08,6.8,38,10.9,15.4,04:43,141.7,16:06,143.5,10:25,67.1,22:37,24,119.5,大潮,27.6
2026-03-25,春盛丸,長井漆山港,sagami_bay,マルイカ,4,31,17,,,,,0.9,7.7,0.9,2.3,90,13.1,15.8,07:26,140.2,22:47,108.6,01:38,93.2,15:03,32.8,107.4,小潮,6.1
2026-03-24,春盛丸,長井漆山港,sagami_bay,ヤリイカ,7,16,11,,,,,1.2,7.35,1.08,8.8,22,11.4,15.8,07:04,145.3,21:07,117.5,01:18,81.1,14:12,25.4,119.9,中潮,5.1
2026-03-23,春盛丸,長井漆山港,sagami_bay,ヤリイカ,6,8,7,,,,,0.58,8.15,0.42,4.3,288,12.8,15.9,06:43,148.4,20:09,129.1,00:55,68.4,13:31,20.9,127.5,中潮,4.1
2026-03-21,春盛丸,長井漆山港,sagami_bay,ヤリイカ,2,14,8,,,,,0.8,7.4,0.48,9.8,36,8.6,15.8,06:01,149.7,18:43,148,00:05,44.4,12:21,23.3,126.4,中潮,2.1
2026-03-18,春盛丸,長井漆山港,sagami_bay,スルメイカ,0,10,5,,,,,0.92,9.95,0.9,3.3,81,11.8,15.4,05:02,144.8,16:48,150.3,10:52,53,23:08,27.8,122.5,大潮,28.6
2026-03-25,こなや丸,長浦,tokyo_bay,サワラ,12,38,25,,,,,0.36,6.45,0.3,2.2,1,11.3,14.2,07:38,166.9,23:09,127.7,01:56,102.9,15:25,33.2,133.7,小潮,6.1
2026-03-25,こなや丸,長浦,tokyo_bay,ワラサ,5,5,5,,,,,0.36,6.45,0.3,2.2,1,11.3,14.2,07:38,166.9,23:09,127.7,01:56,102.9,15:25,33.2,133.7,小潮,6.1
2026-03-22,こなや丸,長浦,tokyo_bay,サワラ,0,2,1,,,,,0.26,4.95,0.16,3.8,357,6.6,14.0,06:49,185.4,19:45,180.5,00:55,51.8,13:18,8.4,177.0,中潮,3.1
2026-03-22,こなや丸,長浦,tokyo_bay,ワラサ,2,2,2,,,,,0.26,4.95,0.16,3.8,357,6.6,14.0,06:49,185.4,19:45,180.5,00:55,51.8,13:18,8.4,177.0,中潮,3.1
2026-03-22,こなや丸,長浦,tokyo_bay,ワラサ,3,3,3,,,,,0.26,4.95,0.16,3.8,357,6.6,14.0,06:49,185.4,19:45,180.5,00:55,51.8,13:18,8.4,177.0,中潮,3.1
2026-03-21,こなや丸,長浦,tokyo_bay,アジ,8,48,28,,,,,0.48,4.4,0.32,7.2,12,5.3,14.1,06:30,187.9,19:02,193.6,00:28,37.1,12:44,12.8,180.8,中潮,2.1
2026-03-21,こなや丸,長浦,tokyo_bay,サワラ,1,8,4,,,,,0.48,4.4,0.32,7.2,12,5.3,14.1,06:30,187.9,19:02,193.6,00:28,37.1,12:44,12.8,180.8,中潮,2.1
2026-03-21,こなや丸,長浦,tokyo_bay,マダイ,3,3,3,,,,,0.48,4.4,0.32,7.2,12,5.3,14.1,06:30,187.9,19:02,193.6,00:28,37.1,12:44,12.8,180.8,中潮,2.1
2026-03-20,こなや丸,長浦,tokyo_bay,サワラ,0,1,0,,,,,0.56,6.05,0.42,4.7,29,10.9,14.1,06:09,189,18:22,200.2,12:11,22.1,,,178.1,大潮,1.1
2026-03-20,こなや丸,長浦,tokyo_bay,不明,2,2,2,,,,,0.56,6.05,0.42,4.7,29,10.9,14.1,06:09,189,18:22,200.2,12:11,22.1,,,178.1,大潮,1.1
2026-03-20,こなや丸,長浦,tokyo_bay,不明,7,7,7,,,,,0.56,6.05,0.42,4.7,29,10.9,14.1,06:09,189,18:22,200.2,12:11,22.1,,,178.1,大潮,1.1
2026-03-19,こなや丸,長浦,tokyo_bay,サワラ,0,3,1,,,,,0.96,5.05,0.8,9.8,214,15.3,14.1,05:46,188,17:41,200.1,11:39,34.7,23:58,25.8,174.3,大潮,0.1
2026-03-22,三次郎丸,飯岡港,outer_boso,ヒラメ,0,4,2,,,,,1.16,9.75,1.02,5.2,227,13.8,14.8,06:00,140.1,19:10,128.6,00:10,44.1,12:35,-2.7,142.8,中潮,3.1
2026-03-22,三次郎丸,飯岡港,outer_boso,マダイ,0,3,1,,,,,1.16,9.75,1.02,5.2,227,13.8,14.8,06:00,140.1,19:10,128.6,00:10,44.1,12:35,-2.7,142.8,中潮,3.1
2026-03-21,三次郎丸,飯岡港,outer_boso,ヒラメ,0,5,2,,,,,1.58,8.45,1.12,9.3,355,7.4,14.8,05:37,139.4,18:23,137.3,11:57,2.4,,,137.0,中潮,2.1
2026-03-21,三次郎丸,飯岡港,outer_boso,カサゴ,1,3,2,,,,,1.58,8.45,1.12,9.3,355,7.4,14.8,05:37,139.4,18:23,137.3,11:57,2.4,,,137.0,中潮,2.1
2026-03-21,三次郎丸,飯岡港,outer_boso,不明,0,1,0,,,,,1.58,8.45,1.12,9.3,355,7.4,14.8,05:37,139.4,18:23,137.3,11:57,2.4,,,137.0,中潮,2.1
2026-03-20,三次郎丸,飯岡港,outer_boso,ヒラメ,0,3,1,,,,,2.08,8.05,1.16,11.1,55,12.2,15.1,05:15,137.4,17:38,142,11:22,12.3,23:40,31,129.7,大潮,1.1
2026-03-20,三次郎丸,飯岡港,outer_boso,マダイ,0,7,3,,,,,2.08,8.05,1.16,11.1,55,12.2,15.1,05:15,137.4,17:38,142,11:22,12.3,23:40,31,129.7,大潮,1.1
2026-03-12,三次郎丸,飯岡港,outer_boso,マダイ,6,15,10,,,,,2.12,10.4,1.56,9.8,357,7.3,15.2,07:54,109.7,,,17:13,39.3,,,70.4,小潮,22.6
2026-03-11,三次郎丸,飯岡港,outer_boso,ヒラメ,1,5,3,,,,,2.12,8.85,1.66,9.8,1,6.8,15.1,07:36,116.5,,,01:31,78.8,15:29,35.8,80.7,小潮,21.6
2026-03-25,太幸丸,飯岡港,outer_boso,不明,16,46,31,,,,,1.36,7.8,1.32,6.5,143,13.8,14.7,07:15,130.2,23:20,96.7,01:27,84.6,15:07,13.4,116.8,小潮,6.1
2026-03-24,太幸丸,飯岡港,outer_boso,不明,10,42,26,,,,,1.56,7.6,1.16,8.7,341,10.3,14.8,06:49,135.8,21:14,104.5,01:05,72.2,14:05,3.7,132.1,中潮,5.1
2026-03-23,太幸丸,飯岡港,outer_boso,ヒラメ,1,5,3,,,,,1.24,7.35,0.88,5.7,258,13.3,14.9,06:24,139,20:04,116.9,00:39,58.4,13:16,-2.2,141.2,中潮,4.1
2026-03-22,太幸丸,飯岡港,outer_boso,マダイ,0,1,0,,,,,1.16,9.75,1.02,5.2,227,13.8,14.8,06:00,140.1,19:10,128.6,00:10,44.1,12:35,-2.7,142.8,中潮,3.1
2026-03-22,太幸丸,飯岡港,outer_boso,ヒラメ,0,4,2,,,,,1.16,9.75,1.02,5.2,227,13.8,14.8,06:00,140.1,19:10,128.6,00:10,44.1,12:35,-2.7,142.8,中潮,3.1
2026-03-21,太幸丸,飯岡港,outer_boso,不明,12,41,26,,,,,1.58,8.45,1.12,9.3,355,7.4,14.8,05:37,139.4,18:23,137.3,11:57,2.4,,,137.0,中潮,2.1
2026-03-21,太幸丸,飯岡港,outer_boso,アジ,2,11,6,,,,,1.58,8.45,1.12,9.3,355,7.4,14.8,05:37,139.4,18:23,137.3,11:57,2.4,,,137.0,中潮,2.1
2026-03-25,幸丸,飯岡港,outer_boso,マダイ,1,28,14,,,,,1.36,7.8,1.32,6.5,143,13.8,14.7,07:15,130.2,23:20,96.7,01:27,84.6,15:07,13.4,116.8,小潮,6.1
2026-03-25,幸丸,飯岡港,outer_boso,フグ,,,,,,,,1.36,7.8,1.32,6.5,143,13.8,14.7,07:15,130.2,23:20,96.7,01:27,84.6,15:07,13.4,116.8,小潮,6.1
2026-03-25,幸丸,飯岡港,outer_boso,マダイ,2,26,14,,,,,1.36,7.8,1.32,6.5,143,13.8,14.7,07:15,130.2,23:20,96.7,01:27,84.6,15:07,13.4,116.8,小潮,6.1
2026-03-25,幸丸,飯岡港,outer_boso,ヒラメ,2,10,6,,,,,1.36,7.8,1.32,6.5,143,13.8,14.7,07:15,130.2,23:20,96.7,01:27,84.6,15:07,13.4,116.8,小潮,6.1
2026-03-25,幸丸,飯岡港,outer_boso,ヒラメ,2,11,6,,,,,1.36,7.8,1.32,6.5,143,13.8,14.7,07:15,130.2,23:20,96.7,01:27,84.6,15:07,13.4,116.8,小潮,6.1
2026-03-24,幸丸,飯岡港,outer_boso,マダイ,0,8,4,,,,,1.56,7.6,1.16,8.7,341,10.3,14.8,06:49,135.8,21:14,104.5,01:05,72.2,14:05,3.7,132.1,中潮,5.1
2026-03-24,幸丸,飯岡港,outer_boso,マダイ,0,17,8,,,,,1.56,7.6,1.16,8.7,341,10.3,14.8,06:49,135.8,21:14,104.5,01:05,72.2,14:05,3.7,132.1,中潮,5.1
2026-03-24,幸丸,飯岡港,outer_boso,ヒラメ,1,6,3,,,,,1.56,7.6,1.16,8.7,341,10.3,14.8,06:49,135.8,21:14,104.5,01:05,72.2,14:05,3.7,132.1,中潮,5.1
2026-03-23,幸丸,飯岡港,outer_boso,マダイ,2,20,11,,,,,1.24,7.35,0.88,5.7,258,13.3,14.9,06:24,139,20:04,116.9,00:39,58.4,13:16,-2.2,141.2,中潮,4.1
2026-03-23,幸丸,飯岡港,outer_boso,マダイ,0,11,5,,,,,1.24,7.35,0.88,5.7,258,13.3,14.9,06:24,139,20:04,116.9,00:39,58.4,13:16,-2.2,141.2,中潮,4.1
2026-03-23,幸丸,飯岡港,outer_boso,ヒラメ,7,12,9,,,,,1.24,7.35,0.88,5.7,258,13.3,14.9,06:24,139,20:04,116.9,00:39,58.4,13:16,-2.2,141.2,中潮,4.1
2026-03-22,幸丸,飯岡港,outer_boso,マダイ,2,19,10,,,,,1.16,9.75,1.02,5.2,227,13.8,14.8,06:00,140.1,19:10,128.6,00:10,44.1,12:35,-2.7,142.8,中潮,3.1
2026-03-22,幸丸,飯岡港,outer_boso,マダイ,1,13,7,,,,,1.16,9.75,1.02,5.2,227,13.8,14.8,06:00,140.1,19:10,128.6,00:10,44.1,12:35,-2.7,142.8,中潮,3.1
2026-03-22,幸丸,飯岡港,outer_boso,マダイ,0,12,6,,,,,1.16,9.75,1.02,5.2,227,13.8,14.8,06:00,140.1,19:10,128.6,00:10,44.1,12:35,-2.7,142.8,中潮,3.1
2026-03-22,幸丸,飯岡港,outer_boso,ヒラメ,0,2,1,,,,,1.16,9.75,1.02,5.2,227,13.8,14.8,06:00,140.1,19:10,128.6,00:10,44.1,12:35,-2.7,142.8,中潮,3.1
2026-03-22,幸丸,飯岡港,outer_boso,ヒラメ,0,3,1,,,,,1.16,9.75,1.02,5.2,227,13.8,14.8,06:00,140.1,19:10,128.6,00:10,44.1,12:35,-2.7,142.8,中潮,3.1
2026-03-21,幸丸,飯岡港,outer_boso,マダイ,1,16,8,,,,,1.58,8.45,1.12,9.3,355,7.4,14.8,05:37,139.4,18:23,137.3,11:57,2.4,,,137.0,中潮,2.1
2026-03-21,幸丸,飯岡港,outer_boso,マダイ,0,13,6,,,,,1.58,8.45,1.12,9.3,355,7.4,14.8,05:37,139.4,18:23,137.3,11:57,2.4,,,137.0,中潮,2.1
2026-03-21,幸丸,飯岡港,outer_boso,マダイ,0,11,5,,,,,1.58,8.45,1.12,9.3,355,7.4,14.8,05:37,139.4,18:23,137.3,11:57,2.4,,,137.0,中潮,2.1
2026-03-21,幸丸,飯岡港,outer_boso,マダイ,0,9,4,,,,,1.58,8.45,1.12,9.3,355,7.4,14.8,05:37,139.4,18:23,137.3,11:57,2.4,,,137.0,中潮,2.1
2026-03-21,幸丸,飯岡港,outer_boso,ヒラメ,0,3,1,,,,,1.58,8.45,1.12,9.3,355,7.4,14.8,05:37,139.4,18:23,137.3,11:57,2.4,,,137.0,中潮,2.1
2026-03-25,梅花丸,飯岡港,outer_boso,マダイ,0,9,4,,,,,1.36,7.8,1.32,6.5,143,13.8,14.7,07:15,130.2,23:20,96.7,01:27,84.6,15:07,13.4,116.8,小潮,6.1
2026-03-23,梅花丸,飯岡港,outer_boso,マダイ,0,8,4,,,,,1.24,7.35,0.88,5.7,258,13.3,14.9,06:24,139,20:04,116.9,00:39,58.4,13:16,-2.2,141.2,中潮,4.1
2026-03-23,梅花丸,飯岡港,outer_boso,マダイ,0,5,2,,,,,1.24,7.35,0.88,5.7,258,13.3,14.9,06:24,139,20:04,116.9,00:39,58.4,13:16,-2.2,141.2,中潮,4.1
2026-03-22,梅花丸,飯岡港,outer_boso,マダイ,0,15,7,,,,,1.16,9.75,1.02,5.2,227,13.8,14.8,06:00,140.1,19:10,128.6,00:10,44.1,12:35,-2.7,142.8,中潮,3.1
2026-03-22,梅花丸,飯岡港,outer_boso,マダイ,0,17,8,,,,,1.16,9.75,1.02,5.2,227,13.8,14.8,06:00,140.1,19:10,128.6,00:10,44.1,12:35,-2.7,142.8,中潮,3.1
2026-03-21,梅花丸,飯岡港,outer_boso,マダイ,0,7,3,,,,,1.58,8.45,1.12,9.3,355,7.4,14.8,05:37,139.4,18:23,137.3,11:57,2.4,,,137.0,中潮,2.1
2026-03-21,梅花丸,飯岡港,outer_boso,マダイ,0,9,4,,,,,1.58,8.45,1.12,9.3,355,7.4,14.8,05:37,139.4,18:23,137.3,11:57,2.4,,,137.0,中潮,2.1
2026-03-20,梅花丸,飯岡港,outer_boso,マダイ,0,3,1,,,,,2.08,8.05,1.16,11.1,55,12.2,15.1,05:15,137.4,17:38,142,11:22,12.3,23:40,31,129.7,大潮,1.1
2026-03-24,福よし丸,鴨居大室港,tokyo_bay,タチウオ,0,3,1,,,,,0.64,5.55,0.5,5.2,8,9.5,14.0,07:22,175.6,21:32,142.8,01:40,86.1,14:33,18.8,156.8,中潮,5.1
2026-03-24,福よし丸,鴨居大室港,tokyo_bay,アジ,9,23,16,,,,,0.64,5.55,0.5,5.2,8,9.5,14.0,07:22,175.6,21:32,142.8,01:40,86.1,14:33,18.8,156.8,中潮,5.1
2026-03-22,福よし丸,鴨居大室港,tokyo_bay,タチウオ,5,15,10,,,,,0.26,4.95,0.16,3.8,357,6.6,14.0,06:49,185.4,19:45,180.5,00:55,51.8,13:18,8.4,177.0,中潮,3.1
2026-03-22,福よし丸,鴨居大室港,tokyo_bay,アジ,20,31,25,,,,,0.26,4.95,0.16,3.8,357,6.6,14.0,06:49,185.4,19:45,180.5,00:55,51.8,13:18,8.4,177.0,中潮,3.1
2026-03-24,釣船 五郎丸,鴨居大室港,tokyo_bay,アジ,20,63,41,,,,,0.64,5.55,0.5,5.2,8,9.5,14.0,07:22,175.6,21:32,142.8,01:40,86.1,14:33,18.8,156.8,中潮,5.1
2026-03-23,釣船 五郎丸,鴨居大室港,tokyo_bay,アジ,13,28,20,,,,,0.32,4.7,0.22,2.0,304,11.1,14.1,07:06,181.4,20:32,162.6,01:19,68.7,13:53,10.2,171.2,中潮,4.1
2026-03-23,釣船 五郎丸,鴨居大室港,tokyo_bay,タチウオ,2,8,5,,,,,0.32,4.7,0.22,2.0,304,11.1,14.1,07:06,181.4,20:32,162.6,01:19,68.7,13:53,10.2,171.2,中潮,4.1
2026-03-23,釣船 五郎丸,鴨居大室港,tokyo_bay,タチウオ,3,3,3,,,,,0.32,4.7,0.22,2.0,304,11.1,14.1,07:06,181.4,20:32,162.6,01:19,68.7,13:53,10.2,171.2,中潮,4.1
2026-03-22,釣船 五郎丸,鴨居大室港,tokyo_bay,アジ,10,51,30,,,,,0.26,4.95,0.16,3.8,357,6.6,14.0,06:49,185.4,19:45,180.5,00:55,51.8,13:18,8.4,177.0,中潮,3.1
2026-03-22,釣船 五郎丸,鴨居大室港,tokyo_bay,アジ,7,23,15,,,,,0.26,4.95,0.16,3.8,357,6.6,14.0,06:49,185.4,19:45,180.5,00:55,51.8,13:18,8.4,177.0,中潮,3.1
2026-03-22,釣船 五郎丸,鴨居大室港,tokyo_bay,タチウオ,1,1,1,,,,,0.26,4.95,0.16,3.8,357,6.6,14.0,06:49,185.4,19:45,180.5,00:55,51.8,13:18,8.4,177.0,中潮,3.1
2026-03-22,釣船 五郎丸,鴨居大室港,tokyo_bay,タチウオ,0,4,2,,,,,0.26,4.95,0.16,3.8,357,6.6,14.0,06:49,185.4,19:45,180.5,00:55,51.8,13:18,8.4,177.0,中潮,3.1
2026-03-21,釣船 五郎丸,鴨居大室港,tokyo_bay,アジ,8,45,26,,,,,0.48,4.4,0.32,7.2,12,5.3,14.1,06:30,187.9,19:02,193.6,00:28,37.1,12:44,12.8,180.8,中潮,2.1
2026-03-21,釣船 五郎丸,鴨居大室港,tokyo_bay,アジ,7,26,16,,,,,0.48,4.4,0.32,7.2,12,5.3,14.1,06:30,187.9,19:02,193.6,00:28,37.1,12:44,12.8,180.8,中潮,2.1
2026-03-21,釣船 五郎丸,鴨居大室港,tokyo_bay,タチウオ,2,8,5,,,,,0.48,4.4,0.32,7.2,12,5.3,14.1,06:30,187.9,19:02,193.6,00:28,37.1,12:44,12.8,180.8,中潮,2.1
2026-03-21,釣船 五郎丸,鴨居大室港,tokyo_bay,タチウオ,0,5,2,,,,,0.48,4.4,0.32,7.2,12,5.3,14.1,06:30,187.9,19:02,193.6,00:28,37.1,12:44,12.8,180.8,中潮,2.1
2026-03-20,釣船 五郎丸,鴨居大室港,tokyo_bay,アジ,10,41,25,,,,,0.56,6.05,0.42,4.7,29,10.9,14.1,06:09,189,18:22,200.2,12:11,22.1,,,178.1,大潮,1.1
2026-03-20,釣船 五郎丸,鴨居大室港,tokyo_bay,アジ,10,30,20,,,,,0.56,6.05,0.42,4.7,29,10.9,14.1,06:09,189,18:22,200.2,12:11,22.1,,,178.1,大潮,1.1
2026-03-22,ARCADIA SALTWATER SERVICE,鹿島市新浜,ibaraki,マダイ,,,,,,,,1.08,10.7,0.94,3.0,55,9.4,15.4,05:19,134.2,18:33,120.6,12:02,4.8,23:56,62.1,129.4,中潮,3.1
2026-03-22,ARCADIA SALTWATER SERVICE,鹿島市新浜,ibaraki,ヒラメ,3,3,3,,,,,1.08,10.7,0.94,3.0,55,9.4,15.4,05:19,134.2,18:33,120.6,12:02,4.8,23:56,62.1,129.4,中潮,3.1
2026-03-20,ARCADIA SALTWATER SERVICE,鹿島市新浜,ibaraki,不明,1,1,1,,,,,1.7,9.15,1.18,6.0,53,9.7,15.6,04:42,126.7,17:00,130.5,10:51,19.4,23:04,34.8,111.1,大潮,1.1
2026-03-20,ARCADIA SALTWATER SERVICE,鹿島市新浜,ibaraki,ワラサ,5,5,5,,,,,1.7,9.15,1.18,6.0,53,9.7,15.6,04:42,126.7,17:00,130.5,10:51,19.4,23:04,34.8,111.1,大潮,1.1
2026-02-21,ARCADIA SALTWATER SERVICE,鹿島市新浜,ibaraki,不明,,,,,,,,1.32,10.7,1.26,2.7,332,5.3,14.1,06:12,128.9,18:24,121.6,12:23,30,,,98.9,中潮,3.6
2026-02-05,ARCADIA SALTWATER SERVICE,鹿島市新浜,ibaraki,ワラサ,20,20,20,,,,,0.88,11.55,0.84,1.2,287,1.4,12.8,06:23,122.1,17:51,124.9,12:03,50.8,,,74.1,中潮,17.3
2026-02-05,ARCADIA SALTWATER SERVICE,鹿島市新浜,ibaraki,ワラサ,4,4,4,,,,,0.88,11.55,0.84,1.2,287,1.4,12.8,06:23,122.1,17:51,124.9,12:03,50.8,,,74.1,中潮,17.3
2026-02-05,ARCADIA SALTWATER SERVICE,鹿島市新浜,ibaraki,不明,1,1,1,,,,,0.88,11.55,0.84,1.2,287,1.4,12.8,06:23,122.1,17:51,124.9,12:03,50.8,,,74.1,中潮,17.3
2026-02-05,ARCADIA SALTWATER SERVICE,鹿島市新浜,ibaraki,マゴチ,1,1,1,,,,,0.88,11.55,0.84,1.2,287,1.4,12.8,06:23,122.1,17:51,124.9,12:03,50.8,,,74.1,中潮,17.3
2026-03-25,大春丸,鹿島港,ibaraki,マダイ,0,4,2,,,,,1.1,8.2,0.82,2.1,137,11.1,15.2,06:26,130.2,23:02,91.1,00:32,84.4,14:33,14.2,116.0,小潮,6.1
2026-03-23,大春丸,鹿島港,ibaraki,マダイ,0,7,3,,,,,0.86,10.05,0.78,1.4,278,8.5,15.4,05:40,135.7,19:28,110.4,12:44,4,,,131.7,中潮,4.1
2026-03-21,大春丸,鹿島港,ibaraki,マダイ,0,6,3,,,,,1.52,9.15,1.16,4.5,339,3.6,15.5,05:00,130.9,17:45,127.5,11:25,10.2,23:31,48.4,120.7,中潮,2.1
2026-03-18,大春丸,鹿島港,ibaraki,マダイ,0,4,2,,,,,1.94,11.4,1.9,4.5,57,10.0,15.6,04:10,117.8,15:33,124.9,09:48,44.8,22:05,14.3,110.6,大潮,28.6
2026-03-25,幸栄丸,鹿島港,ibaraki,マハタ,0,4,2,,,,,1.1,8.2,0.82,2.1,137,11.1,15.2,06:26,130.2,23:02,91.1,00:32,84.4,14:33,14.2,116.0,小潮,6.1
2026-03-25,幸栄丸,鹿島港,ibaraki,ヒラメ,0,9,4,,,,,1.1,8.2,0.82,2.1,137,11.1,15.2,06:26,130.2,23:02,91.1,00:32,84.4,14:33,14.2,116.0,小潮,6.1
2026-03-25,幸栄丸,鹿島港,ibaraki,マハタ,2,6,4,,,,,1.1,8.2,0.82,2.1,137,11.1,15.2,06:26,130.2,23:02,91.1,00:32,84.4,14:33,14.2,116.0,小潮,6.1
2026-03-25,幸栄丸,鹿島港,ibaraki,不明,0,2,1,,,,,1.1,8.2,0.82,2.1,137,11.1,15.2,06:26,130.2,23:02,91.1,00:32,84.4,14:33,14.2,116.0,小潮,6.1
2026-03-25,幸栄丸,鹿島港,ibaraki,ワラサ,0,2,1,,,,,1.1,8.2,0.82,2.1,137,11.1,15.2,06:26,130.2,23:02,91.1,00:32,84.4,14:33,14.2,116.0,小潮,6.1
2026-03-23,幸栄丸,鹿島港,ibaraki,マダイ,0,4,2,,,,,0.86,10.05,0.78,1.4,278,8.5,15.4,05:40,135.7,19:28,110.4,12:44,4,,,131.7,中潮,4.1
2026-03-23,幸栄丸,鹿島港,ibaraki,マハタ,0,1,0,,,,,0.86,10.05,0.78,1.4,278,8.5,15.4,05:40,135.7,19:28,110.4,12:44,4,,,131.7,中潮,4.1
2026-03-23,幸栄丸,鹿島港,ibaraki,ヒラメ,2,9,5,,,,,0.86,10.05,0.78,1.4,278,8.5,15.4,05:40,135.7,19:28,110.4,12:44,4,,,131.7,中潮,4.1
2026-03-22,幸栄丸,鹿島港,ibaraki,マダイ,0,4,2,,,,,1.08,10.7,0.94,3.0,55,9.4,15.4,05:19,134.2,18:33,120.6,12:02,4.8,23:56,62.1,129.4,中潮,3.1
2026-03-22,幸栄丸,鹿島港,ibaraki,ヒラメ,0,10,5,,,,,1.08,10.7,0.94,3.0,55,9.4,15.4,05:19,134.2,18:33,120.6,12:02,4.8,23:56,62.1,129.4,中潮,3.1
2026-03-22,幸栄丸,鹿島港,ibaraki,マハタ,0,2,1,,,,,1.08,10.7,0.94,3.0,55,9.4,15.4,05:19,134.2,18:33,120.6,12:02,4.8,23:56,62.1,129.4,中潮,3.1
2026-03-22,幸栄丸,鹿島港,ibaraki,ワラサ,1,6,3,,,,,1.08,10.7,0.94,3.0,55,9.4,15.4,05:19,134.2,18:33,120.6,12:02,4.8,23:56,62.1,129.4,中潮,3.1
2026-03-21,幸栄丸,鹿島港,ibaraki,マダイ,0,5,2,,,,,1.52,9.15,1.16,4.5,339,3.6,15.5,05:00,130.9,17:45,127.5,11:25,10.2,23:31,48.4,120.7,中潮,2.1
2026-03-21,幸栄丸,鹿島港,ibaraki,不明,0,4,2,,,,,1.52,9.15,1.16,4.5,339,3.6,15.5,05:00,130.9,17:45,127.5,11:25,10.2,23:31,48.4,120.7,中潮,2.1
2026-03-21,幸栄丸,鹿島港,ibaraki,ヒラメ,0,7,3,,,,,1.52,9.15,1.16,4.5,339,3.6,15.5,05:00,130.9,17:45,127.5,11:25,10.2,23:31,48.4,120.7,中潮,2.1
2026-03-21,幸栄丸,鹿島港,ibaraki,マハタ,0,2,1,,,,,1.52,9.15,1.16,4.5,339,3.6,15.5,05:00,130.9,17:45,127.5,11:25,10.2,23:31,48.4,120.7,中潮,2.1
2026-03-21,幸栄丸,鹿島港,ibaraki,ヒラメ,0,5,2,,,,,1.52,9.15,1.16,4.5,339,3.6,15.5,05:00,130.9,17:45,127.5,11:25,10.2,23:31,48.4,120.7,中潮,2.1
2026-03-21,幸栄丸,鹿島港,ibaraki,不明,0,6,3,,,,,1.52,9.15,1.16,4.5,339,3.6,15.5,05:00,130.9,17:45,127.5,11:25,10.2,23:31,48.4,120.7,中潮,2.1
2026-03-21,幸栄丸,鹿島港,ibaraki,マダイ,0,3,1,,,,,1.52,9.15,1.16,4.5,339,3.6,15.5,05:00,130.9,17:45,127.5,11:25,10.2,23:31,48.4,120.7,中潮,2.1
2026-03-20,幸栄丸,鹿島港,ibaraki,マダイ,0,5,2,,,,,1.7,9.15,1.18,6.0,53,9.7,15.6,04:42,126.7,17:00,130.5,10:51,19.4,23:04,34.8,111.1,大潮,1.1
2026-03-20,幸栄丸,鹿島港,ibaraki,不明,0,5,2,,,,,1.7,9.15,1.18,6.0,53,9.7,15.6,04:42,126.7,17:00,130.5,10:51,19.4,23:04,34.8,111.1,大潮,1.1
2026-03-20,幸栄丸,鹿島港,ibaraki,ヒラメ,0,3,1,,,,,1.7,9.15,1.18,6.0,53,9.7,15.6,04:42,126.7,17:00,130.5,10:51,19.4,23:04,34.8,111.1,大潮,1.1
2026-03-20,幸栄丸,鹿島港,ibaraki,マハタ,0,2,1,,,,,1.7,9.15,1.18,6.0,53,9.7,15.6,04:42,126.7,17:00,130.5,10:51,19.4,23:04,34.8,111.1,大潮,1.1
2026-03-20,幸栄丸,鹿島港,ibaraki,ヒラメ,0,5,2,,,,,1.7,9.15,1.18,6.0,53,9.7,15.6,04:42,126.7,17:00,130.5,10:51,19.4,23:04,34.8,111.1,大潮,1.1
2026-03-20,幸栄丸,鹿島港,ibaraki,不明,0,3,1,,,,,1.7,9.15,1.18,6.0,53,9.7,15.6,04:42,126.7,17:00,130.5,10:51,19.4,23:04,34.8,111.1,大潮,1.1
2026-03-20,幸栄丸,鹿島港,ibaraki,ヒラメ,0,1,0,,,,,1.7,9.15,1.18,6.0,53,9.7,15.6,04:42,126.7,17:00,130.5,10:51,19.4,23:04,34.8,111.1,大潮,1.1
2026-03-20,幸栄丸,鹿島港,ibaraki,マダイ,0,6,3,,,,,1.7,9.15,1.18,6.0,53,9.7,15.6,04:42,126.7,17:00,130.5,10:51,19.4,23:04,34.8,111.1,大潮,1.1
2026-03-25,第三幸栄丸,鹿島港,ibaraki,マハタ,0,4,2,,,,,1.1,8.2,0.82,2.1,137,11.1,15.2,06:26,130.2,23:02,91.1,00:32,84.4,14:33,14.2,116.0,小潮,6.1
2026-03-25,第三幸栄丸,鹿島港,ibaraki,ヒラメ,0,9,4,,,,,1.1,8.2,0.82,2.1,137,11.1,15.2,06:26,130.2,23:02,91.1,00:32,84.4,14:33,14.2,116.0,小潮,6.1
2026-03-25,第三幸栄丸,鹿島港,ibaraki,マハタ,2,6,4,,,,,1.1,8.2,0.82,2.1,137,11.1,15.2,06:26,130.2,23:02,91.1,00:32,84.4,14:33,14.2,116.0,小潮,6.1
2026-03-25,第三幸栄丸,鹿島港,ibaraki,不明,0,2,1,,,,,1.1,8.2,0.82,2.1,137,11.1,15.2,06:26,130.2,23:02,91.1,00:32,84.4,14:33,14.2,116.0,小潮,6.1
2026-03-25,第三幸栄丸,鹿島港,ibaraki,ワラサ,0,2,1,,,,,1.1,8.2,0.82,2.1,137,11.1,15.2,06:26,130.2,23:02,91.1,00:32,84.4,14:33,14.2,116.0,小潮,6.1
2026-03-23,第三幸栄丸,鹿島港,ibaraki,マダイ,0,4,2,,,,,0.86,10.05,0.78,1.4,278,8.5,15.4,05:40,135.7,19:28,110.4,12:44,4,,,131.7,中潮,4.1
2026-03-23,第三幸栄丸,鹿島港,ibaraki,マハタ,0,1,0,,,,,0.86,10.05,0.78,1.4,278,8.5,15.4,05:40,135.7,19:28,110.4,12:44,4,,,131.7,中潮,4.1
2026-03-23,第三幸栄丸,鹿島港,ibaraki,ヒラメ,2,9,5,,,,,0.86,10.05,0.78,1.4,278,8.5,15.4,05:40,135.7,19:28,110.4,12:44,4,,,131.7,中潮,4.1
2026-03-22,第三幸栄丸,鹿島港,ibaraki,マダイ,0,4,2,,,,,1.08,10.7,0.94,3.0,55,9.4,15.4,05:19,134.2,18:33,120.6,12:02,4.8,23:56,62.1,129.4,中潮,3.1
2026-03-22,第三幸栄丸,鹿島港,ibaraki,ヒラメ,0,10,5,,,,,1.08,10.7,0.94,3.0,55,9.4,15.4,05:19,134.2,18:33,120.6,12:02,4.8,23:56,62.1,129.4,中潮,3.1
2026-03-22,第三幸栄丸,鹿島港,ibaraki,マハタ,0,2,1,,,,,1.08,10.7,0.94,3.0,55,9.4,15.4,05:19,134.2,18:33,120.6,12:02,4.8,23:56,62.1,129.4,中潮,3.1
2026-03-22,第三幸栄丸,鹿島港,ibaraki,ワラサ,1,6,3,,,,,1.08,10.7,0.94,3.0,55,9.4,15.4,05:19,134.2,18:33,120.6,12:02,4.8,23:56,62.1,129.4,中潮,3.1
2026-03-21,第三幸栄丸,鹿島港,ibaraki,マダイ,0,5,2,,,,,1.52,9.15,1.16,4.5,339,3.6,15.5,05:00,130.9,17:45,127.5,11:25,10.2,23:31,48.4,120.7,中潮,2.1
2026-03-21,第三幸栄丸,鹿島港,ibaraki,不明,0,4,2,,,,,1.52,9.15,1.16,4.5,339,3.6,15.5,05:00,130.9,17:45,127.5,11:25,10.2,23:31,48.4,120.7,中潮,2.1
2026-03-21,第三幸栄丸,鹿島港,ibaraki,ヒラメ,0,7,3,,,,,1.52,9.15,1.16,4.5,339,3.6,15.5,05:00,130.9,17:45,127.5,11:25,10.2,23:31,48.4,120.7,中潮,2.1
2026-03-21,第三幸栄丸,鹿島港,ibaraki,マハタ,0,2,1,,,,,1.52,9.15,1.16,4.5,339,3.6,15.5,05:00,130.9,17:45,127.5,11:25,10.2,23:31,48.4,120.7,中潮,2.1
2026-03-21,第三幸栄丸,鹿島港,ibaraki,ヒラメ,0,5,2,,,,,1.52,9.15,1.16,4.5,339,3.6,15.5,05:00,130.9,17:45,127.5,11:25,10.2,23:31,48.4,120.7,中潮,2.1
2026-03-21,第三幸栄丸,鹿島港,ibaraki,不明,0,6,3,,,,,1.52,9.15,1.16,4.5,339,3.6,15.5,05:00,130.9,17:45,127.5,11:25,10.2,23:31,48.4,120.7,中潮,2.1
2026-03-21,第三幸栄丸,鹿島港,ibaraki,マダイ,0,3,1,,,,,1.52,9.15,1.16,4.5,339,3.6,15.5,05:00,130.9,17:45,127.5,11:25,10.2,23:31,48.4,120.7,中潮,2.1
2026-03-20,第三幸栄丸,鹿島港,ibaraki,マダイ,0,5,2,,,,,1.7,9.15,1.18,6.0,53,9.7,15.6,04:42,126.7,17:00,130.5,10:51,19.4,23:04,34.8,111.1,大潮,1.1
2026-03-20,第三幸栄丸,鹿島港,ibaraki,不明,0,5,2,,,,,1.7,9.15,1.18,6.0,53,9.7,15.6,04:42,126.7,17:00,130.5,10:51,19.4,23:04,34.8,111.1,大潮,1.1
2026-03-20,第三幸栄丸,鹿島港,ibaraki,ヒラメ,0,3,1,,,,,1.7,9.15,1.18,6.0,53,9.7,15.6,04:42,126.7,17:00,130.5,10:51,19.4,23:04,34.8,111.1,大潮,1.1
2026-03-20,第三幸栄丸,鹿島港,ibaraki,マハタ,0,2,1,,,,,1.7,9.15,1.18,6.0,53,9.7,15.6,04:42,126.7,17:00,130.5,10:51,19.4,23:04,34.8,111.1,大潮,1.1
2026-03-20,第三幸栄丸,鹿島港,ibaraki,ヒラメ,0,5,2,,,,,1.7,9.15,1.18,6.0,53,9.7,15.6,04:42,126.7,17:00,130.5,10:51,19.4,23:04,34.8,111.1,大潮,1.1
2026-03-20,第三幸栄丸,鹿島港,ibaraki,不明,0,3,1,,,,,1.7,9.15,1.18,6.0,53,9.7,15.6,04:42,126.7,17:00,130.5,10:51,19.4,23:04,34.8,111.1,大潮,1.1
2026-03-20,第三幸栄丸,鹿島港,ibaraki,ヒラメ,0,1,0,,,,,1.7,9.15,1.18,6.0,53,9.7,15.6,04:42,126.7,17:00,130.5,10:51,19.4,23:04,34.8,111.1,大潮,1.1
2026-03-20,第三幸栄丸,鹿島港,ibaraki,マダイ,0,6,3,,,,,1.7,9.15,1.18,6.0,53,9.7,15.6,04:42,126.7,17:00,130.5,10:51,19.4,23:04,34.8,111.1,大潮,1.1
2026-03-22,豊丸,鹿島港,ibaraki,フグ,5,9,7,,,,,1.08,10.7,0.94,3.0,55,9.4,15.4,05:19,134.2,18:33,120.6,12:02,4.8,23:56,62.1,129.4,中潮,3.1
2026-03-21,豊丸,鹿島港,ibaraki,フグ,0,5,2,,,,,1.52,9.15,1.16,4.5,339,3.6,15.5,05:00,130.9,17:45,127.5,11:25,10.2,23:31,48.4,120.7,中潮,2.1
2026-02-22,豊丸,鹿島港,ibaraki,ヤリイカ,0,4,2,,,,,1.04,9.4,0.92,1.7,237,3.5,14.4,06:30,131,19:15,111.5,00:23,40.7,13:04,25.4,105.6,中潮,4.6
2026-02-21,豊丸,鹿島港,ibaraki,ヤリイカ,0,10,5,,,,,1.32,10.7,1.26,2.7,332,5.3,14.1,06:12,128.9,18:24,121.6,12:23,30,,,98.9,中潮,3.6
2026-02-21,豊丸,鹿島港,ibaraki,フグ,1,6,3,,,,,1.32,10.7,1.26,2.7,332,5.3,14.1,06:12,128.9,18:24,121.6,12:23,30,,,98.9,中潮,3.6
2026-02-15,豊丸,鹿島港,ibaraki,ヤリイカ,5,15,10,,,,,0.62,9.5,0.38,1.1,293,3.6,13.6,04:30,112.8,14:06,114.8,09:17,83.8,21:33,0.5,114.3,中潮,27.3
2026-03-25,大正丸,久里浜,tokyo_bay,マダイ,1,8,4,,,,,0.36,6.45,0.3,2.2,1,11.3,14.2,07:38,166.9,23:09,127.7,01:56,102.9,15:25,33.2,133.7,小潮,6.1
2026-03-22,三浦丸,外川,outer_boso,ヒラメ,1,4,2,,,,,1.16,9.75,1.02,5.2,227,13.8,14.8,06:00,140.1,19:10,128.6,00:10,44.1,12:35,-2.7,142.8,中潮,3.1
2026-03-24,三浦丸,外川,outer_boso,ヒラメ,0,4,2,,,,,1.56,7.6,1.16,8.7,341,10.3,14.8,06:49,135.8,21:14,104.5,01:05,72.2,14:05,3.7,132.1,中潮,5.1
2026-03-25,三浦丸,外川,outer_boso,ヒラメ,2,7,4,,,,,1.36,7.8,1.32,6.5,143,13.8,14.7,07:15,130.2,23:20,96.7,01:27,84.6,15:07,13.4,116.8,小潮,6.1
2026-01-28,孝進丸,外川,outer_boso,カサゴ,4,4,4,,,,,1.58,6.7,0.84,10.2,4,6.9,17.5,02:10,97.3,10:25,126.4,03:14,97.1,19:07,22.6,103.8,長潮,9.3
2026-03-22,瀬戸丸,松輪,sagami_bay,マルイカ,60,60,60,,,,,0.56,9.3,0.46,5.3,17,10.8,15.9,06:22,149.7,19:24,139.8,00:31,55.9,12:54,20.1,129.6,中潮,3.1
2026-03-22,瀬戸丸,松輪,sagami_bay,マダイ,6,6,6,,,,,0.56,9.3,0.46,5.3,17,10.8,15.9,06:22,149.7,19:24,139.8,00:31,55.9,12:54,20.1,129.6,中潮,3.1
2026-03-15,飯岡丸,腰越,sagami_bay,ヤリイカ,7,16,11,,,,,1.52,10.05,1.5,6.1,42,10.1,15.4,04:08,132.4,14:18,123.1,09:32,96,21:22,27.2,105.2,中潮,25.6
