date,query,page,clicks,impressions,ctr,position
2026-05-10,マルイカ 釣果 関東,https://funatsuri-yoso.com/fish/maruika.html,0,4,0,7.5
2026-05-10,真鯛 船釣り 関東,https://funatsuri-yoso.com/fish/madai.html,0,1,0,11
2026-05-10,関東 船釣り 釣果,https://funatsuri-yoso.com/,0,1,0,10
2026-05-11,アジ 関東 釣果,https://funatsuri-yoso.com/fish/aji.html,0,1,0,8
2026-05-11,ヤリイカ 釣果 関東,https://funatsuri-yoso.com/fish/yariika.html,0,7,0,10.57
2026-05-11,真鯛 船釣り 関東,https://funatsuri-yoso.com/fish/madai.html,0,3,0,10.33
2026-05-11,関東 アジ,https://funatsuri-yoso.com/fish/aji.html,0,1,0,12
2026-05-11,関東沖釣り 情報,https://funatsuri-yoso.com/,0,1,0,86
2026-05-12,アジ 釣果 関東,https://funatsuri-yoso.com/fish/aji.html,1,2,0.5,9.5
2026-05-12,アナゴ釣り 関東,https://funatsuri-yoso.com/fish/anago.html,0,2,0,11
2026-05-12,ムギイカ釣果,https://funatsuri-yoso.com/fish/mugiika.html,0,1,0,8
2026-05-12,ヤリイカ 釣果 関東,https://funatsuri-yoso.com/fish/yariika.html,0,1,0,11
2026-05-12,関東 アジ,https://funatsuri-yoso.com/fish/aji.html,0,1,0,11
2026-05-12,鹿島船宿,https://funatsuri-yoso.com/fish_area/hanadai-kashima.html,0,1,0,19
2026-05-13,アジ 関東 釣果,https://funatsuri-yoso.com/fish/aji.html,0,1,0,8
2026-05-13,アナゴ釣り 関東,https://funatsuri-yoso.com/fish/anago.html,0,1,0,1
2026-05-13,ムギイカ 釣果,https://funatsuri-yoso.com/fish/mugiika.html,0,1,0,8
2026-05-13,ヤリイカ 釣果 関東,https://funatsuri-yoso.com/fish/yariika.html,0,1,0,10
2026-05-13,勘次郎丸 釣果,https://funatsuri-yoso.com/ship/kanjiro-maru.html,0,1,0,8
2026-05-13,幸丸 飯岡,https://funatsuri-yoso.com/ship/ko-maru.html,0,2,0,7
2026-05-13,関東 釣果 最新 2026,https://funatsuri-yoso.com/,0,1,0,14
2026-05-13,飯岡 幸丸,https://funatsuri-yoso.com/ship/ko-maru.html,1,3,0.333333,6.33
2026-05-13,飯岡 幸丸 釣果,https://funatsuri-yoso.com/ship/ko-maru.html,0,3,0,9.33
2026-05-13,飯岡幸丸,https://funatsuri-yoso.com/ship/ko-maru.html,0,4,0,6.5
2026-05-14,lookers 幸丸,https://funatsuri-yoso.com/ship/ko-maru.html,0,5,0,15.6
2026-05-14,アジ 釣果 関東,https://funatsuri-yoso.com/fish/aji.html,0,2,0,7.5
2026-05-14,アジ 関東 釣果,https://funatsuri-yoso.com/fish/aji.html,0,3,0,4.67
2026-05-14,マルイカ 船宿,https://funatsuri-yoso.com/fish/maruika.html,0,1,0,29
2026-05-14,ムギイカ 釣果,https://funatsuri-yoso.com/fish/mugiika.html,0,2,0,8
2026-05-14,ヤリイカ 釣果 関東,https://funatsuri-yoso.com/fish/yariika.html,1,6,0.166667,8.5
2026-05-14,ヤリイカ釣り 関東,https://funatsuri-yoso.com/fish/yariika.html,0,1,0,10
2026-05-14,三次郎丸 飯岡,https://funatsuri-yoso.com/ship/sanjiro-maru.html,0,1,0,10
2026-05-14,勘次郎丸,https://funatsuri-yoso.com/ship/kanjiro-maru.html,0,8,0,11.12
2026-05-14,勘次郎丸 金谷,https://funatsuri-yoso.com/ship/kanjiro-maru.html,0,1,0,11
2026-05-14,勘次郎丸 釣果,https://funatsuri-yoso.com/ship/kanjiro-maru.html,0,1,0,8
2026-05-14,勘次郎丸釣果,https://funatsuri-yoso.com/ship/kanjiro-maru.html,0,2,0,8
2026-05-14,大貫丸 釣果,https://funatsuri-yoso.com/ship/onuki-maru.html,0,1,0,10
2026-05-14,天津港 釣果,https://funatsuri-yoso.com/area/amatsu.html,0,4,0,8
2026-05-14,幸丸,https://funatsuri-yoso.com/ship/ko-maru.html,0,4,0,38.75
2026-05-14,幸丸 飯岡,https://funatsuri-yoso.com/ship/ko-maru.html,0,5,0,7.8
2026-05-14,弘漁丸,https://funatsuri-yoso.com/ship/koryo-maru.html,0,4,0,36.25
2026-05-14,松輪アジ,https://funatsuri-yoso.com/fish_area/aji-matsuwa-ena.html,0,1,0,10
2026-05-14,片貝 釣り船 釣果,https://funatsuri-yoso.com/fish_area/isaki-katakai.html,0,1,0,30
2026-05-14,金沢八景 イシモチ 釣果,https://funatsuri-yoso.com/fish_area/ishimochi-kanazawa-hakkei.html,0,1,0,11
2026-05-14,金谷勘次郎丸,https://funatsuri-yoso.com/ship/kanjiro-maru.html,0,1,0,11
2026-05-14,関東 アジ 釣果,https://funatsuri-yoso.com/fish/aji.html,0,2,0,8.5
2026-05-14,関東 船釣り 釣果,https://funatsuri-yoso.com/,0,1,0,22
2026-05-14,関東釣り情報,https://funatsuri-yoso.com/,0,1,0,19
2026-05-14,飯岡 幸丸,https://funatsuri-yoso.com/ship/ko-maru.html,0,5,0,6.8
2026-05-14,飯岡 幸丸 釣果,https://funatsuri-yoso.com/ship/ko-maru.html,0,3,0,8
2026-05-14,飯岡 釣り船,https://funatsuri-yoso.com/ship/ko-maru.html,0,3,0,71
2026-05-14,飯岡幸丸,https://funatsuri-yoso.com/ship/ko-maru.html,0,23,0,6.91
2026-05-15,つね丸 佐島,https://funatsuri-yoso.com/ship/tsune-maru.html,0,1,0,10
2026-05-15,アジ 釣果 関東,https://funatsuri-yoso.com/fish/aji.html,0,5,0,9.6
2026-05-15,アジ 関東 釣果,https://funatsuri-yoso.com/fish/aji.html,0,3,0,7.67
2026-05-15,アナゴ釣り 関東,https://funatsuri-yoso.com/fish/anago.html,0,1,0,12
2026-05-15,マルイカ 釣果 関東,https://funatsuri-yoso.com/fish/maruika.html,0,2,0,8.5
2026-05-15,ヤリイカ 釣果 関東,https://funatsuri-yoso.com/fish/yariika.html,0,4,0,9.5
2026-05-15,ヤリイカ釣り 関東,https://funatsuri-yoso.com/fish/yariika.html,0,4,0,9.25
2026-05-15,久慈港 釣果,https://funatsuri-yoso.com/area/hitachi-kuji.html,0,2,0,12
2026-05-15,勘次郎,https://funatsuri-yoso.com/ship/kanjiro-maru.html,0,1,0,12
2026-05-15,勘次郎 丸 釣果,https://funatsuri-yoso.com/ship/kanjiro-maru.html,0,1,0,7
2026-05-15,勘次郎丸,https://funatsuri-yoso.com/ship/kanjiro-maru.html,0,37,0,11.57
2026-05-15,勘次郎丸 金谷,https://funatsuri-yoso.com/ship/kanjiro-maru.html,0,1,0,11
2026-05-15,勘次郎丸 釣果,https://funatsuri-yoso.com/ship/kanjiro-maru.html,0,6,0,9.17
2026-05-15,勘次郎丸釣果,https://funatsuri-yoso.com/ship/kanjiro-maru.html,0,3,0,10.33
2026-05-15,幸丸 飯岡,https://funatsuri-yoso.com/ship/ko-maru.html,0,11,0,7.27
2026-05-15,沖釣り情報,https://funatsuri-yoso.com/,0,1,0,71
2026-05-15,金沢八景 イシモチ 釣果,https://funatsuri-yoso.com/fish_area/ishimochi-kanazawa-hakkei.html,0,1,0,12
2026-05-15,関東 アジ 釣果,https://funatsuri-yoso.com/fish/aji.html,0,3,0,7
2026-05-15,須原屋 釣果,https://funatsuri-yoso.com/ship/suharaya.html,0,2,0,12.5
2026-05-15,飯岡 幸丸,https://funatsuri-yoso.com/ship/ko-maru.html,0,7,0,6.14
2026-05-15,飯岡 幸丸 釣果,https://funatsuri-yoso.com/ship/ko-maru.html,0,2,0,9.5
2026-05-15,飯岡幸丸,https://funatsuri-yoso.com/ship/ko-maru.html,0,14,0,7.21
2026-05-16,アジ 関東 釣果,https://funatsuri-yoso.com/fish/aji.html,0,2,0,8.5
2026-05-16,タチウオ 釣果,https://funatsuri-yoso.com/fish/tachiuo.html,0,2,0,23.5
2026-05-16,ヒラメ 釣果,https://funatsuri-yoso.com/fish/hirame.html,0,1,0,11
2026-05-16,マルイカ 釣果 関東,https://funatsuri-yoso.com/fish/maruika.html,0,2,0,8.5
2026-05-16,ムギイカ 釣果,https://funatsuri-yoso.com/fish/mugiika.html,0,1,0,10
2026-05-16,ヤリイカ 釣果 関東,https://funatsuri-yoso.com/fish/yariika.html,0,1,0,11
2026-05-16,久慈港 釣果,https://funatsuri-yoso.com/area/hitachi-kuji.html,0,1,0,12
2026-05-16,入田浜 ワラサ 釣果,https://funatsuri-yoso.com/fish/warasa.html,0,1,0,11
2026-05-16,勘次郎,https://funatsuri-yoso.com/ship/kanjiro-maru.html,0,4,0,9.25
2026-05-16,勘次郎 丸 釣果,https://funatsuri-yoso.com/ship/kanjiro-maru.html,0,2,0,7
2026-05-16,勘次郎丸,https://funatsuri-yoso.com/ship/kanjiro-maru.html,0,36,0,11.33
2026-05-16,勘次郎丸 アジ,https://funatsuri-yoso.com/ship/kanjiro-maru.html,0,1,0,33
2026-05-16,勘次郎丸 金谷,https://funatsuri-yoso.com/ship/kanjiro-maru.html,0,2,0,12
2026-05-16,勘次郎丸 釣果,https://funatsuri-yoso.com/ship/kanjiro-maru.html,0,5,0,9.6
2026-05-16,勘次郎丸釣果,https://funatsuri-yoso.com/ship/kanjiro-maru.html,0,3,0,7.67
2026-05-16,大洗 船宿,https://funatsuri-yoso.com/fish_area/inada-oarai.html,0,1,0,20
2026-05-16,天津港 釣果,https://funatsuri-yoso.com/area/amatsu.html,0,1,0,13
2026-05-16,幸 丸,https://funatsuri-yoso.com/ship/ko-maru.html,0,2,0,37
2026-05-16,幸丸 釣果,https://funatsuri-yoso.com/ship/ko-maru.html,0,1,0,14
2026-05-16,幸丸 飯岡,https://funatsuri-yoso.com/ship/ko-maru.html,0,10,0,8.4
2026-05-16,打木屋 アジ 釣果,https://funatsuri-yoso.com/fish/aji.html,0,1,0,39
2026-05-16,金谷 勘次郎丸,https://funatsuri-yoso.com/ship/kanjiro-maru.html,0,1,0,10
2026-05-16,金谷港 勘次郎 丸 釣果,https://funatsuri-yoso.com/ship/kanjiro-maru.html,0,1,0,7
2026-05-16,関東 アジ 釣果,https://funatsuri-yoso.com/fish/aji.html,0,2,0,9.5
2026-05-16,関東ヒラメ釣果,https://funatsuri-yoso.com/fish/hirame.html,0,2,0,7.5
2026-05-16,須原屋 釣果,https://funatsuri-yoso.com/ship/suharaya.html,0,3,0,12.33
2026-05-16,飯岡 幸丸,https://funatsuri-yoso.com/ship/ko-maru.html,0,12,0,7.58
2026-05-16,飯岡 幸丸 釣果,https://funatsuri-yoso.com/ship/ko-maru.html,0,3,0,9.67
2026-05-16,飯岡幸丸,https://funatsuri-yoso.com/ship/ko-maru.html,0,35,0,7.54
2026-05-16,飯岡幸丸釣果,https://funatsuri-yoso.com/ship/ko-maru.html,0,1,0,10
2026-05-17,アジ 関東 釣果,https://funatsuri-yoso.com/fish/aji.html,0,1,0,8
2026-05-17,アナゴ釣り 関東,https://funatsuri-yoso.com/fish/anago.html,0,1,0,16
2026-05-17,タチウオ 釣果,https://funatsuri-yoso.com/fish/tachiuo.html,0,1,0,23
2026-05-17,ハナダイ 旬,https://funatsuri-yoso.com/fish_area/hanadai-hiratsuka.html,0,1,0,13
2026-05-17,ヤリイカ 釣果 関東,https://funatsuri-yoso.com/fish/yariika.html,0,1,0,11
2026-05-17,久慈港 釣果,https://funatsuri-yoso.com/area/hitachi-kuji.html,0,1,0,11
2026-05-17,久里浜 船宿,https://funatsuri-yoso.com/area/kurihama-oki.html,0,1,0,10
2026-05-17,勘次郎,https://funatsuri-yoso.com/ship/kanjiro-maru.html,0,3,0,12
2026-05-17,勘次郎 丸 釣果,https://funatsuri-yoso.com/ship/kanjiro-maru.html,0,2,0,9
2026-05-17,勘次郎丸,https://funatsuri-yoso.com/ship/kanjiro-maru.html,0,18,0,11.5
2026-05-17,勘次郎丸 釣果,https://funatsuri-yoso.com/ship/kanjiro-maru.html,0,11,0,10.36
2026-05-17,勘次郎丸釣果,https://funatsuri-yoso.com/ship/kanjiro-maru.html,0,6,0,9.67
2026-05-17,大原 シマアジ,https://funatsuri-yoso.com/fish_area/shima-aji-ohara.html,0,3,0,18.33
2026-05-17,木更津 タチウオ テンヤ 船宿,https://funatsuri-yoso.com/fish/tachiuo.html,0,1,0,10
2026-05-17,福よし丸 釣果,https://funatsuri-yoso.com/area/shimoura-oki.html,0,1,0,11
2026-05-17,葉山 釣果,https://funatsuri-yoso.com/area/hayama-oki.html,0,1,0,30
2026-05-17,金谷 勘次郎丸,https://funatsuri-yoso.com/ship/kanjiro-maru.html,0,3,0,11
2026-05-17,金谷勘次郎丸,https://funatsuri-yoso.com/ship/kanjiro-maru.html,0,3,0,10.67
2026-05-17,関東 アジ 釣果,https://funatsuri-yoso.com/fish/aji.html,0,2,0,8
2026-05-17,須原屋 釣果,https://funatsuri-yoso.com/ship/suharaya.html,0,4,0,11.5
2026-05-17,飯岡 幸丸,https://funatsuri-yoso.com/ship/ko-maru.html,0,2,0,7
2026-05-17,飯岡 幸丸 釣果,https://funatsuri-yoso.com/ship/ko-maru.html,0,2,0,9.5
2026-05-17,飯岡幸丸,https://funatsuri-yoso.com/ship/ko-maru.html,0,19,0,7.53
2026-05-18,アジ 関東 釣果,https://funatsuri-yoso.com/fish/aji.html,0,1,0,8
2026-05-18,イサキ釣り 潮回り,https://funatsuri-yoso.com/fish_area/isaki-aihama.html,0,1,0,11
2026-05-18,カイワリ 釣り 神奈川,https://funatsuri-yoso.com/fish_area/kaiwari-hiratsuka.html,0,1,0,10
2026-05-18,シマアジ 船宿,https://funatsuri-yoso.com/fish_area/shima-aji-ohara.html,0,1,0,18
2026-05-18,ショウサイフグ 旬,https://funatsuri-yoso.com/fish_area/shousaifugu-%E9%B9%BF%E5%B6%8B%E6%97%A7%E6%B8%AF.html,0,1,0,13
2026-05-18,タチウオ 釣果,https://funatsuri-yoso.com/fish/tachiuo.html,0,2,0,23
2026-05-18,マダコ 釣果,https://funatsuri-yoso.com/fish/madako.html,0,1,0,14
2026-05-18,マルイカ 釣果 関東,https://funatsuri-yoso.com/fish/maruika.html,0,1,0,9
2026-05-18,ムギイカ 時期,https://funatsuri-yoso.com/fish_area/mugiika-toda-shizuoka.html,0,2,0,11
2026-05-18,ムギイカ釣果,https://funatsuri-yoso.com/fish/mugiika.html,0,1,0,11
2026-05-18,ヤリイカ 釣果 関東,https://funatsuri-yoso.com/fish/yariika.html,0,2,0,11
2026-05-18,ヤリイカ釣り 関東,https://funatsuri-yoso.com/fish/yariika.html,0,1,0,12
2026-05-18,久慈港 釣果,https://funatsuri-yoso.com/area/hitachi-kuji.html,0,1,0,11
2026-05-18,勘次郎 丸 釣果,https://funatsuri-yoso.com/ship/kanjiro-maru.html,0,2,0,8.5
2026-05-18,勘次郎丸 釣果,https://funatsuri-yoso.com/ship/kanjiro-maru.html,0,1,0,12
2026-05-18,勘次郎丸釣果,https://funatsuri-yoso.com/ship/kanjiro-maru.html,0,4,0,9.5
2026-05-18,大貫丸,https://funatsuri-yoso.com/ship/onuki-maru.html,0,1,0,23
2026-05-18,大貫丸 予約,https://funatsuri-yoso.com/ship/onuki-maru.html,0,1,0,8
2026-05-18,大貫港 釣果,https://funatsuri-yoso.com/ship/onuki-maru.html,0,1,0,45
2026-05-18,天津港 釣果,https://funatsuri-yoso.com/area/amatsu.html,0,1,0,9
2026-05-18,富岡沖,https://funatsuri-yoso.com/area/tomioka-oki.html,0,1,0,9
2026-05-18,小田原 釣果,https://funatsuri-yoso.com/area/odawara-shinko.html,0,1,0,46
2026-05-18,御前崎 釣果 アジ,https://funatsuri-yoso.com/fish_area/aji-omaezaki.html,0,1,0,10
2026-05-18,焼津 港 釣り,https://funatsuri-yoso.com/area/yaizu.html,0,1,0,82
2026-05-18,片貝 船宿,https://funatsuri-yoso.com/fish_area/hata-katakai.html,0,1,0,15
2026-05-18,網代 港,https://funatsuri-yoso.com/area/ajiro-port.html,0,1,0,61
2026-05-18,静浦漁港 釣果 2026,https://funatsuri-yoso.com/area/shizuura.html,0,1,0,36
2026-05-18,須原屋 釣り船,https://funatsuri-yoso.com/ship/suharaya.html,0,1,0,22
2026-05-18,須原屋 釣果,https://funatsuri-yoso.com/ship/suharaya.html,0,1,0,11
2026-05-18,飯岡 幸丸,https://funatsuri-yoso.com/ship/ko-maru.html,0,7,0,7.57
2026-05-18,飯岡幸。,https://funatsuri-yoso.com/ship/ko-maru.html,0,1,0,11
2026-05-18,飯岡幸丸,https://funatsuri-yoso.com/ship/ko-maru.html,0,20,0,7.3
2026-05-19,ひろの丸,https://funatsuri-yoso.com/ship/hirono-maru.html,0,5,0,7.8
2026-05-19,アジ 関東 釣果,https://funatsuri-yoso.com/fish/aji.html,0,1,0,8
2026-05-19,ヒラメ 船釣り 関東,https://funatsuri-yoso.com/fish/hirame.html,0,1,0,9
2026-05-19,ムギイカ釣果,https://funatsuri-yoso.com/fish/mugiika.html,0,2,0,9
2026-05-19,三里浜 釣り,https://funatsuri-yoso.com/area/kurihama-oki.html,0,1,0,38
2026-05-19,伝五郎丸,https://funatsuri-yoso.com/ship/chowari-01191.html,0,1,0,8
2026-05-19,優光丸 釣果,https://funatsuri-yoso.com/ship/yuko-maru-iioka.html,0,1,0,10
2026-05-19,勘次郎 丸 釣果,https://funatsuri-yoso.com/ship/kanjiro-maru.html,0,2,0,10
2026-05-19,勘次郎丸,https://funatsuri-yoso.com/ship/kanjiro-maru.html,1,1,1,21
2026-05-19,勘次郎丸 釣果,https://funatsuri-yoso.com/ship/kanjiro-maru.html,0,4,0,11.25
2026-05-19,勘次郎丸釣果,https://funatsuri-yoso.com/ship/kanjiro-maru.html,0,2,0,11.5
2026-05-19,品川 釣り,https://funatsuri-yoso.com/area/shinagawa-bori.html,0,1,0,48
2026-05-19,大原 シマアジ,https://funatsuri-yoso.com/fish_area/shima-aji-ohara.html,0,1,0,20
2026-05-19,大原 船釣り,https://funatsuri-yoso.com/area/oohara-oki.html,0,1,0,47
2026-05-19,大原船宿,https://funatsuri-yoso.com/fish_area/shima-aji-ohara.html,0,1,0,34
2026-05-19,大貫丸 予約,https://funatsuri-yoso.com/ship/onuki-maru.html,0,1,0,7
2026-05-19,大貫丸 予約 状況,https://funatsuri-yoso.com/ship/onuki-maru.html,0,1,0,11
2026-05-19,太刀魚 関東,https://funatsuri-yoso.com/fish/tachiuo.html,0,1,0,24
2026-05-19,幸丸 予約,https://funatsuri-yoso.com/ship/ko-maru.html,0,1,0,11
2026-05-19,正海丸,https://funatsuri-yoso.com/ship/chowari-01696.html,0,2,0,8.5
2026-05-19,正海丸 釣果,https://funatsuri-yoso.com/ship/chowari-01696.html,0,1,0,6
2026-05-19,浦安 船宿,https://funatsuri-yoso.com/area/urayasu-bay.html,0,1,0,48
2026-05-19,真鯛 船釣り 関東,https://funatsuri-yoso.com/fish/madai.html,0,1,0,10
2026-05-19,真鶴 アジ,https://funatsuri-yoso.com/fish_area/aji-manazuru-port.html,0,1,0,10
2026-05-19,走水 船宿,https://funatsuri-yoso.com/area/hashirimizu-oki.html,0,1,0,27
2026-05-19,関東 アジ,https://funatsuri-yoso.com/fish/aji.html,0,1,0,11
2026-05-19,関東 釣果 最新 2026,https://funatsuri-yoso.com/,0,2,0,16.5
2026-05-19,飯岡 優光丸,https://funatsuri-yoso.com/ship/yuko-maru-iioka.html,0,7,0,8.71
2026-05-19,飯岡 幸丸,https://funatsuri-yoso.com/ship/ko-maru.html,0,1,0,8
2026-05-19,飯岡優光丸,https://funatsuri-yoso.com/ship/yuko-maru-iioka.html,0,1,0,8
2026-05-19,飯岡幸。,https://funatsuri-yoso.com/ship/ko-maru.html,0,1,0,11
2026-05-19,飯岡幸丸,https://funatsuri-yoso.com/ship/ko-maru.html,0,10,0,8
2026-05-19,飯岡釣り船,https://funatsuri-yoso.com/area/iioka-oki.html,0,1,0,62
2026-05-19,鴨居沖,https://funatsuri-yoso.com/area/kamoi-oki.html,0,1,0,6
2026-05-19,鹿島 フグ,https://funatsuri-yoso.com/fish_area/fugu-kashima-port.html,0,1,0,11
2026-05-19,鹿島 フグ 釣果,https://funatsuri-yoso.com/fish_area/fugu-kashima-port.html,0,1,0,9
2026-05-20,なる銀丸,https://funatsuri-yoso.com/ship/chowari-00332.html,0,1,0,38
2026-05-20,ひろの丸,https://funatsuri-yoso.com/ship/hirono-maru.html,0,11,0,7.64
2026-05-20,アジ 釣果 関東,https://funatsuri-yoso.com/fish/aji.html,0,1,0,11
2026-05-20,アジ 関東 釣果,https://funatsuri-yoso.com/fish/aji.html,0,1,0,8
2026-05-20,シマアジ 時期,https://funatsuri-yoso.com/fish_area/shima-aji-ito-shi.html,0,1,0,48
2026-05-20,ショウサイフグ 旬,https://funatsuri-yoso.com/fish_area/shousaifugu-iioka.html,0,2,0,12.5
2026-05-20,ムギイカ 釣果,https://funatsuri-yoso.com/fish/mugiika.html,0,2,0,7.5
2026-05-20,ヤリイカ 釣果 関東,https://funatsuri-yoso.com/fish/yariika.html,0,3,0,9
2026-05-20,下田 サーフ ブリ 釣果,https://funatsuri-yoso.com/fish_area/buri-shimoda.html,0,1,0,8
2026-05-20,伊東村正丸,https://funatsuri-yoso.com/ship/chowari-00751.html,0,1,0,8
2026-05-20,伝五郎丸,https://funatsuri-yoso.com/ship/chowari-01191.html,0,11,0,7.18
2026-05-20,優 光 丸 釣果,https://funatsuri-yoso.com/ship/yuko-maru-iioka.html,0,1,0,12
2026-05-20,光 三 丸 釣果,https://funatsuri-yoso.com/ship/kozo-maru.html,0,1,0,10
2026-05-20,光三丸 釣果,https://funatsuri-yoso.com/ship/kozo-maru.html,0,8,0,9.25
2026-05-20,勝浦 釣果,https://funatsuri-yoso.com/area/katsuura.html,0,1,0,34
2026-05-20,千住大橋 釣り,https://funatsuri-yoso.com/area/senju-ohashi.html,0,1,0,16
2026-05-20,呑川 釣り,https://funatsuri-yoso.com/area/nomigawa.html,0,1,0,1
2026-05-20,大原 トラフグ,https://funatsuri-yoso.com/fish_area/torafugu-ohara.html,0,1,0,18
2026-05-20,大原船宿,https://funatsuri-yoso.com/fish_area/kanko-ohara.html,0,2,0,44.5
2026-05-20,大原船宿,https://funatsuri-yoso.com/fish_area/mebaru-ohara.html,0,1,0,64
2026-05-20,大原船宿,https://funatsuri-yoso.com/fish_area/torafugu-ohara.html,0,1,0,32
2026-05-20,大貫沖,https://funatsuri-yoso.com/area/onuki-oki.html,0,1,0,1
2026-05-20,天津港 釣果,https://funatsuri-yoso.com/area/amatsu.html,0,2,0,10
2026-05-20,孝徳丸,https://funatsuri-yoso.com/ship/kotoku-maru.html,0,3,0,10.33
2026-05-20,恒丸,https://funatsuri-yoso.com/ship/ko-maru-oiso.html,0,2,0,8.5
2026-05-20,新徳丸,https://funatsuri-yoso.com/ship/chowari-01192.html,0,2,0,9
2026-05-20,明広丸,https://funatsuri-yoso.com/ship/akihiro-maru.html,0,1,0,8
2026-05-20,木更津 富津 タチウオ テンヤ 船宿,https://funatsuri-yoso.com/fish/tachiuo.html,0,1,0,12
2026-05-20,正海丸,https://funatsuri-yoso.com/ship/chowari-01696.html,0,11,0,9.55
2026-05-20,正海丸 三浦,https://funatsuri-yoso.com/ship/chowari-01696.html,0,3,0,8.33
2026-05-20,正海丸 釣果,https://funatsuri-yoso.com/ship/chowari-01696.html,0,2,0,8
2026-05-20,正海丸釣果,https://funatsuri-yoso.com/ship/chowari-01696.html,0,1,0,5
2026-05-20,沼津 ムギイカ 釣果,https://funatsuri-yoso.com/fish_area/mugiika-enoura.html,0,1,0,19
2026-05-20,沼津 釣果 アジ,https://funatsuri-yoso.com/fish_area/aji-enoura.html,0,1,0,11
2026-05-20,洲崎沖,https://funatsuri-yoso.com/area/sunosaki-oki.html,0,1,0,4
2026-05-20,海 桜 丸 由比,https://funatsuri-yoso.com/ship/kaio-maru.html,0,1,0,8
2026-05-20,神奈川県,https://funatsuri-yoso.com/fish_area/buri-matsuwa-ena.html,0,1,0,4
2026-05-20,第三かりゆし丸,https://funatsuri-yoso.com/ship/chowari-01680.html,0,2,0,7.5
2026-05-20,葉山沖 釣果,https://funatsuri-yoso.com/area/hayama-oki.html,1,1,1,19
2026-05-20,走水 タチウオ 船宿,https://funatsuri-yoso.com/area/hashirimizu-oki.html,0,1,0,44
2026-05-20,超栄丸,https://funatsuri-yoso.com/ship/choei-maru-fukuda.html,0,5,0,6.6
2026-05-20,超栄丸 福田,https://funatsuri-yoso.com/ship/choei-maru-fukuda.html,0,1,0,5
2026-05-20,関東 アジ,https://funatsuri-yoso.com/fish/aji.html,0,1,0,9
2026-05-20,関東 アジ 釣果,https://funatsuri-yoso.com/fish/aji.html,0,1,0,8
2026-05-20,関東ヒラメ釣果,https://funatsuri-yoso.com/fish/hirame.html,0,2,0,7
2026-05-20,関東沖釣り情報,https://funatsuri-yoso.com/,0,1,0,56
2026-05-20,隆光丸,https://funatsuri-yoso.com/ship/ryuko-maru-oohara.html,0,1,0,10
2026-05-20,須原屋 釣り,https://funatsuri-yoso.com/ship/suharaya.html,0,1,0,30
2026-05-20,飯岡 優光丸,https://funatsuri-yoso.com/ship/yuko-maru-iioka.html,0,2,0,9
2026-05-20,飯岡 幸丸,https://funatsuri-yoso.com/ship/ko-maru.html,0,1,0,7
2026-05-20,飯岡 幸丸 釣果,https://funatsuri-yoso.com/ship/ko-maru.html,0,1,0,9
2026-05-20,飯岡 釣り,https://funatsuri-yoso.com/fish_area/hirame-iioka.html,0,1,0,47
2026-05-20,飯岡優光丸,https://funatsuri-yoso.com/ship/yuko-maru-iioka.html,0,1,0,9
2026-05-20,飯岡幸丸,https://funatsuri-yoso.com/ship/ko-maru.html,0,7,0,7.86
2026-05-20,飯岡釣果,https://funatsuri-yoso.com/fish_area/hirame-iioka.html,0,1,0,17
2026-05-20,鹿島 フグ 釣果,https://funatsuri-yoso.com/fish_area/fugu-kashima-port.html,0,1,0,8
2026-05-20,鹿島 船釣り,https://funatsuri-yoso.com/area/kashima-oki.html,0,1,0,50
2026-05-20,鹿島船宿,https://funatsuri-yoso.com/fish_area/aji-kashima-port.html,0,1,0,21
2026-05-20,鹿島釣り船,https://funatsuri-yoso.com/area/kashima-kita-oki.html,0,1,0,72
2026-05-20,鹿島釣り船,https://funatsuri-yoso.com/area/kashima-minami-oki.html,0,1,0,75
2026-05-21,seekers 釣華丸,https://funatsuri-yoso.com/ship/chowari-01315.html,0,3,0,13.33
2026-05-21,ひろの丸,https://funatsuri-yoso.com/ship/hirono-maru.html,0,4,0,8.25
2026-05-21,中ノ瀬 釣り,https://funatsuri-yoso.com/area/nakanose.html,0,1,0,1
2026-05-21,久慈港 釣果,https://funatsuri-yoso.com/area/hitachi-kuji.html,0,2,0,15.5
2026-05-21,伝五郎丸,https://funatsuri-yoso.com/ship/chowari-01191.html,0,13,0,8.62
2026-05-21,伝五郎丸 釣果情報,https://funatsuri-yoso.com/ship/chowari-01191.html,0,1,0,9
2026-05-21,佐島 アオリイカ,https://funatsuri-yoso.com/fish_area/aoriika-sajima.html,0,4,0,6.75
2026-05-21,健清丸,https://funatsuri-yoso.com/ship/chowari-00740.html,0,2,0,8
2026-05-21,優光丸,https://funatsuri-yoso.com/ship/yuko-maru-iioka.html,0,1,0,26
2026-05-21,光 三 丸 釣果,https://funatsuri-yoso.com/ship/kozo-maru.html,0,5,0,8.2
2026-05-21,光三丸 釣果,https://funatsuri-yoso.com/ship/kozo-maru.html,0,11,0,8.73
2026-05-21,勝浦 イカ 釣果,https://funatsuri-yoso.com/fish_area/yariika-katsuura.html,0,1,0,43
2026-05-21,呑川 釣り,https://funatsuri-yoso.com/area/nomigawa.html,0,1,0,1
2026-05-21,城ヶ島 釣果,https://funatsuri-yoso.com/area/jogashima-oki.html,0,1,0,37
2026-05-21,大原 隆光丸,https://funatsuri-yoso.com/ship/ryuko-maru-oohara.html,1,3,0.333333,8
2026-05-21,大貫 丸,https://funatsuri-yoso.com/ship/onuki-maru.html,0,1,0,25
2026-05-21,大貫丸,https://funatsuri-yoso.com/ship/onuki-maru.html,0,1,0,33
2026-05-21,大貫丸 釣果,https://funatsuri-yoso.com/ship/onuki-maru.html,0,1,0,15
2026-05-21,天津港 釣果,https://funatsuri-yoso.com/area/amatsu.html,0,4,0,10.5
2026-05-21,孝徳丸 片貝,https://funatsuri-yoso.com/ship/kotoku-maru.html,0,2,0,9.5
2026-05-21,安田丸 シマアジ タックル,https://funatsuri-yoso.com/fish_area/shima-aji-aihama.html,0,1,0,36
2026-05-21,安菜丸,https://funatsuri-yoso.com/ship/chowari-01369.html,0,3,0,10
2026-05-21,平塚 釣果,https://funatsuri-yoso.com/fish_area/kanko-hiratsuka.html,0,2,0,24
2026-05-21,幸丸,https://funatsuri-yoso.com/ship/ko-maru.html,0,2,0,39
2026-05-21,幸丸 釣果,https://funatsuri-yoso.com/ship/ko-maru.html,0,1,0,7
2026-05-21,幸辰丸,https://funatsuri-yoso.com/ship/kotatsu-maru.html,0,2,0,7
2026-05-21,弘漁丸,https://funatsuri-yoso.com/ship/koryo-maru.html,0,3,0,19.33
2026-05-21,戸又港 釣り,https://funatsuri-yoso.com/area/tomata.html,0,1,0,9
2026-05-21,新徳丸,https://funatsuri-yoso.com/ship/chowari-01192.html,0,1,0,8
2026-05-21,日立 釣り,https://funatsuri-yoso.com/ship/onuki-maru.html,0,1,0,20
2026-05-21,正海丸,https://funatsuri-yoso.com/ship/chowari-01696.html,0,7,0,9.86
2026-05-21,正海丸 三浦,https://funatsuri-yoso.com/ship/chowari-01696.html,0,9,0,8.67
2026-05-21,正海丸 釣果,https://funatsuri-yoso.com/ship/chowari-01696.html,0,1,0,4
2026-05-21,正海丸釣果,https://funatsuri-yoso.com/ship/chowari-01696.html,0,2,0,5.5
2026-05-21,海 桜 丸 由比,https://funatsuri-yoso.com/ship/kaio-maru.html,0,6,0,8.17
2026-05-21,海桜丸 由比,https://funatsuri-yoso.com/ship/kaio-maru.html,0,1,0,9
2026-05-21,第三かりゆし丸,https://funatsuri-yoso.com/ship/chowari-01680.html,0,3,0,7.33
2026-05-21,船宿 須原屋,https://funatsuri-yoso.com/ship/suharaya.html,0,3,0,21.33
2026-05-21,茅ヶ崎 船宿,https://funatsuri-yoso.com/area/chigasaki.html,0,1,0,11
2026-05-21,超栄丸,https://funatsuri-yoso.com/ship/choei-maru-fukuda.html,0,8,0,7
2026-05-21,超栄丸 福田,https://funatsuri-yoso.com/ship/choei-maru-fukuda.html,0,9,0,6.89
2026-05-21,酒匂海岸 釣果,https://funatsuri-yoso.com/,0,2,0,37
2026-05-21,釣華,https://funatsuri-yoso.com/ship/chowari-01315.html,0,2,0,40
2026-05-21,長井港 アオリイカ,https://funatsuri-yoso.com/fish_area/aoriika-nagai.html,0,1,0,1
2026-05-21,関東 イサキ釣り,https://funatsuri-yoso.com/fish/isaki.html,0,1,0,10
2026-05-21,関東 釣果 最新 2026,https://funatsuri-yoso.com/,0,2,0,15.5
2026-05-21,隆光丸,https://funatsuri-yoso.com/ship/ryuko-maru-oohara.html,0,6,0,10
2026-05-21,隆光丸 大原,https://funatsuri-yoso.com/ship/ryuko-maru-oohara.html,0,2,0,8
2026-05-21,飯岡 優光丸,https://funatsuri-yoso.com/ship/yuko-maru-iioka.html,0,2,0,10
2026-05-21,飯岡 幸丸 釣果,https://funatsuri-yoso.com/ship/ko-maru.html,0,2,0,8.5
2026-05-21,飯岡 漁港 ヒラメ ポイント,https://funatsuri-yoso.com/fish_area/hirame-iioka.html,0,1,0,32
2026-05-21,鹿島 ふぐ,https://funatsuri-yoso.com/fish_area/fugu-kashima-port.html,0,2,0,18
2026-05-21,鹿島 フグ釣り,https://funatsuri-yoso.com/fish_area/fugu-kashima-port.html,0,1,0,8
2026-05-21,黒川丸 久里浜,https://funatsuri-yoso.com/ship/chowari-00457.html,0,1,0,25
2026-05-21,黒川丸久里浜,https://funatsuri-yoso.com/ship/chowari-00457.html,0,1,0,25
2026-05-21,黒川本家 久里浜,https://funatsuri-yoso.com/ship/chowari-00457.html,0,2,0,14
2026-05-22,かりゆし丸 平塚,https://funatsuri-yoso.com/ship/chowari-01680.html,0,1,0,12
2026-05-22,みつぞう丸 釣果,https://funatsuri-yoso.com/ship/kozo-maru.html,0,3,0,11.33
2026-05-22,みつぞう丸の釣果,https://funatsuri-yoso.com/ship/kozo-maru.html,0,1,0,11
2026-05-22,イサキ釣り 潮回り,https://funatsuri-yoso.com/fish_area/isaki-sunza-marina.html,0,1,0,21
2026-05-22,マルイカ 釣果,https://funatsuri-yoso.com/fish/maruika.html,0,1,0,4
2026-05-22,ムギイカ 釣果,https://funatsuri-yoso.com/fish/mugiika.html,0,1,0,9
2026-05-22,ヤリイカ 釣果 関東,https://funatsuri-yoso.com/fish/yariika.html,0,1,0,5
2026-05-22,久里浜 イサキ,https://funatsuri-yoso.com/fish_area/isaki-kuryo.html,0,1,0,59
2026-05-22,久里浜黒川本家,https://funatsuri-yoso.com/ship/chowari-00457.html,0,2,0,16
2026-05-22,伝五郎丸,https://funatsuri-yoso.com/ship/chowari-01191.html,0,3,0,9.33
2026-05-22,健清丸,https://funatsuri-yoso.com/ship/chowari-00740.html,0,3,0,6.33
2026-05-22,光 三 丸,https://funatsuri-yoso.com/ship/kozo-maru.html,0,1,0,14
2026-05-22,光 三 丸 釣果,https://funatsuri-yoso.com/ship/kozo-maru.html,0,9,0,7.89
2026-05-22,光三丸 釣果,https://funatsuri-yoso.com/ship/kozo-maru.html,0,28,0,7.96
2026-05-22,利永丸,https://funatsuri-yoso.com/ship/rieiei-maru.html,0,2,0,14
2026-05-22,勝浦 ヤリイカ 釣果,https://funatsuri-yoso.com/fish_area/yariika-katsuura.html,0,1,0,55
2026-05-22,大原 隆光丸,https://funatsuri-yoso.com/ship/ryuko-maru-oohara.html,0,1,0,8
2026-05-22,大貫丸 予約 状況,https://funatsuri-yoso.com/ship/onuki-maru.html,0,1,0,11
2026-05-22,天津港 釣果,https://funatsuri-yoso.com/area/amatsu.html,0,5,0,8.6
2026-05-22,孝徳丸,https://funatsuri-yoso.com/ship/kotoku-maru.html,0,1,0,11
2026-05-22,安菜丸,https://funatsuri-yoso.com/ship/chowari-01369.html,0,1,0,10
2026-05-22,幸辰丸,https://funatsuri-yoso.com/ship/kotatsu-maru.html,0,2,0,10
2026-05-22,恒丸 釣果,https://funatsuri-yoso.com/ship/ko-maru-oiso.html,0,2,0,11
2026-05-22,正海丸,https://funatsuri-yoso.com/ship/chowari-01696.html,0,9,0,10.11
2026-05-22,正海丸釣果,https://funatsuri-yoso.com/ship/chowari-01696.html,0,1,0,9
2026-05-22,沼津ムギイカ釣果,https://funatsuri-yoso.com/fish_area/mugiika-enoura.html,0,1,0,16
2026-05-22,海 桜 丸 由比,https://funatsuri-yoso.com/ship/kaio-maru.html,0,2,0,7
2026-05-22,海桜丸 由比,https://funatsuri-yoso.com/ship/kaio-maru.html,0,1,0,9
2026-05-22,清勝丸 飯岡,https://funatsuri-yoso.com/ship/seisho-maru.html,0,1,0,10
2026-05-22,第三かりゆし丸,https://funatsuri-yoso.com/ship/chowari-01680.html,0,6,0,6.83
2026-05-22,網代港 釣果,https://funatsuri-yoso.com/fish_area/kintoki-ajiro-port.html,0,1,0,18
2026-05-22,船釣り 釣果情報,https://funatsuri-yoso.com/,0,1,0,40
2026-05-22,茅ヶ崎 船宿,https://funatsuri-yoso.com/area/chigasaki.html,0,1,0,11
2026-05-22,超栄丸,https://funatsuri-yoso.com/ship/choei-maru-fukuda.html,0,12,0,7
2026-05-22,超栄丸 福田,https://funatsuri-yoso.com/ship/choei-maru-fukuda.html,0,5,0,7.4
2026-05-22,関東 アジ 釣果,https://funatsuri-yoso.com/fish/aji.html,0,3,0,10
2026-05-22,関東 ヒラメ 釣り船,https://funatsuri-yoso.com/fish/hirame.html,0,1,0,11
2026-05-22,関東ヒラメ釣果,https://funatsuri-yoso.com/fish/hirame.html,0,1,0,7
2026-05-22,隆光丸,https://funatsuri-yoso.com/ship/ryuko-maru-oohara.html,0,8,0,10
2026-05-22,飯岡 幸丸 釣果,https://funatsuri-yoso.com/ship/ko-maru.html,0,2,0,7.5
2026-05-22,飯岡優光丸,https://funatsuri-yoso.com/ship/yuko-maru-iioka.html,0,1,0,8
2026-05-22,飯岡幸丸,https://funatsuri-yoso.com/ship/ko-maru.html,0,1,0,8
2026-05-22,飯岡港 ヒラメ 最新釣果,https://funatsuri-yoso.com/fish_area/hirame-iioka.html,0,1,0,15
2026-05-22,飯岡漁港 釣果,https://funatsuri-yoso.com/fish_area/hirame-iioka.html,0,1,0,22
2026-05-22,黒川本家 久里浜,https://funatsuri-yoso.com/ship/chowari-00457.html,0,1,0,9
2026-05-23,かりゆし丸,https://funatsuri-yoso.com/ship/chowari-01680.html,0,1,0,17
2026-05-23,みつぞう丸 釣果,https://funatsuri-yoso.com/ship/kozo-maru.html,0,3,0,11.67
2026-05-23,みつぞう丸の釣果,https://funatsuri-yoso.com/ship/kozo-maru.html,0,3,0,12
2026-05-23,アジ 釣果 関東,https://funatsuri-yoso.com/fish/aji.html,0,1,0,11
2026-05-23,アジ 関東 釣果,https://funatsuri-yoso.com/fish/aji.html,0,2,0,10
2026-05-23,アナゴ釣り 関東,https://funatsuri-yoso.com/fish/anago.html,0,1,0,12
2026-05-23,ハナダイ 旬,https://funatsuri-yoso.com/fish_area/hanadai-kuryo.html,0,1,0,14
2026-05-23,ヒラメ 船釣り 関東,https://funatsuri-yoso.com/fish/hirame.html,0,1,0,9
2026-05-23,マルイカ 釣果,https://funatsuri-yoso.com/fish/maruika.html,0,2,0,3.5
2026-05-23,マルイカ釣果,https://funatsuri-yoso.com/fish/maruika.html,0,1,0,35
2026-05-23,ムギイカ釣果,https://funatsuri-yoso.com/fish/mugiika.html,0,1,0,11
2026-05-23,ヤリイカ 釣果 関東,https://funatsuri-yoso.com/fish/yariika.html,0,2,0,10
2026-05-23,伝五郎丸,https://funatsuri-yoso.com/ship/chowari-01191.html,0,1,0,9
2026-05-23,健清丸,https://funatsuri-yoso.com/ship/chowari-00740.html,0,6,0,7.5
2026-05-23,光 三 丸 釣果,https://funatsuri-yoso.com/ship/kozo-maru.html,0,4,0,9.75
2026-05-23,光三丸,https://funatsuri-yoso.com/ship/kozo-maru.html,0,1,0,9
2026-05-23,光三丸 釣果,https://funatsuri-yoso.com/ship/kozo-maru.html,0,23,0,8.83
2026-05-23,利永丸,https://funatsuri-yoso.com/ship/rieiei-maru.html,0,1,0,10
2026-05-23,大原 隆光丸,https://funatsuri-yoso.com/ship/ryuko-maru-oohara.html,0,1,0,7
2026-05-23,大貫丸,https://funatsuri-yoso.com/ship/onuki-maru.html,0,1,0,23
2026-05-23,大貫丸 予約 状況,https://funatsuri-yoso.com/ship/onuki-maru.html,0,1,0,7
2026-05-23,天津港 釣果,https://funatsuri-yoso.com/area/amatsu.html,0,1,0,11
2026-05-23,孝徳丸,https://funatsuri-yoso.com/ship/kotoku-maru.html,0,1,0,12
2026-05-23,幸 丸,https://funatsuri-yoso.com/ship/ko-maru.html,0,2,0,40.5
2026-05-23,幸丸 予約,https://funatsuri-yoso.com/ship/ko-maru.html,0,2,0,10
2026-05-23,幸辰丸,https://funatsuri-yoso.com/ship/kotatsu-maru.html,0,1,0,10
2026-05-23,恒丸 釣果,https://funatsuri-yoso.com/ship/ko-maru-oiso.html,0,1,0,11
2026-05-23,明広丸,https://funatsuri-yoso.com/ship/akihiro-maru.html,0,3,0,8.67
2026-05-23,村 正 丸 釣果,https://funatsuri-yoso.com/ship/chowari-00751.html,0,2,0,13
2026-05-23,村正丸 釣果,https://funatsuri-yoso.com/ship/chowari-00751.html,0,3,0,10
2026-05-23,正海丸,https://funatsuri-yoso.com/ship/chowari-01696.html,0,18,0,9.56
2026-05-23,海 桜 丸 由比,https://funatsuri-yoso.com/ship/kaio-maru.html,0,1,0,11
2026-05-23,海桜丸 由比,https://funatsuri-yoso.com/ship/kaio-maru.html,0,1,0,7
2026-05-23,清勝丸 飯岡,https://funatsuri-yoso.com/ship/seisho-maru.html,0,1,0,10
2026-05-23,焼津 太刀魚 釣果,https://funatsuri-yoso.com/fish_area/tachiuo-yaizu-ogawa.html,0,1,0,10
2026-05-23,第三かりゆし丸,https://funatsuri-yoso.com/ship/chowari-01680.html,0,11,0,7.64
2026-05-23,網代 船宿,https://funatsuri-yoso.com/area/ajiro.html,0,1,0,19
2026-05-23,葛西 釣り船,https://funatsuri-yoso.com/ship/suharaya.html,0,1,0,34
2026-05-23,超栄丸,https://funatsuri-yoso.com/ship/choei-maru-fukuda.html,0,2,0,9
2026-05-23,超栄丸 福田,https://funatsuri-yoso.com/ship/choei-maru-fukuda.html,0,2,0,6.5
2026-05-23,隆光丸,https://funatsuri-yoso.com/ship/ryuko-maru-oohara.html,0,1,0,8
2026-05-23,飯岡 幸丸 釣果,https://funatsuri-yoso.com/ship/ko-maru.html,0,2,0,7.5
2026-05-23,飯岡幸丸,https://funatsuri-yoso.com/ship/ko-maru.html,0,2,0,7
2026-05-23,飯岡幸丸釣果,https://funatsuri-yoso.com/ship/ko-maru.html,0,1,0,8
2026-05-23,黒川本家 久里浜,https://funatsuri-yoso.com/ship/chowari-00457.html,0,3,0,13.33
2026-05-24,みつぞう丸 釣果,https://funatsuri-yoso.com/ship/kozo-maru.html,0,3,0,11.67
2026-05-24,アジ 釣り 関東,https://funatsuri-yoso.com/fish/aji.html,0,1,0,14
2026-05-24,アジ 釣果 関東,https://funatsuri-yoso.com/fish/aji.html,0,1,0,8
2026-05-24,アジ 関東 釣果,https://funatsuri-yoso.com/fish/aji.html,0,1,0,8
2026-05-24,アナゴ 釣果,https://funatsuri-yoso.com/fish/anago.html,0,1,0,6
2026-05-24,ヒラメ 船釣り 関東,https://funatsuri-yoso.com/fish/hirame.html,0,1,0,6
2026-05-24,マルイカ 釣果,https://funatsuri-yoso.com/fish/maruika.html,2,4,0.5,6.25
2026-05-24,マルイカ 釣果 関東,https://funatsuri-yoso.com/fish/maruika.html,0,3,0,8.33
2026-05-24,マルイカ釣果,https://funatsuri-yoso.com/fish/maruika.html,0,2,0,14.5
2026-05-24,ヤリイカ 釣果 関東,https://funatsuri-yoso.com/fish/yariika.html,0,2,0,10.5
2026-05-24,ヤリイカ釣り 関東,https://funatsuri-yoso.com/fish/yariika.html,0,1,0,10
2026-05-24,久慈港 釣果,https://funatsuri-yoso.com/area/hitachi-kuji.html,0,1,0,16
2026-05-24,今アジが釣れる場所 関東 堤防,https://funatsuri-yoso.com/fish/aji.html,0,1,0,30
2026-05-24,健清丸,https://funatsuri-yoso.com/ship/chowari-00740.html,0,2,0,8.5
2026-05-24,光 三 丸 釣果,https://funatsuri-yoso.com/ship/kozo-maru.html,0,3,0,9.33
2026-05-24,光三丸 釣果,https://funatsuri-yoso.com/ship/kozo-maru.html,0,9,0,8.22
2026-05-24,大原 隆光丸,https://funatsuri-yoso.com/ship/ryuko-maru-oohara.html,0,1,0,7
2026-05-24,大幸丸,https://funatsuri-yoso.com/ship/ko-maru.html,0,1,0,30
2026-05-24,大貫丸 予約 状況,https://funatsuri-yoso.com/ship/onuki-maru.html,0,1,0,10
2026-05-24,天津港 釣果,https://funatsuri-yoso.com/area/amatsu.html,0,1,0,9
2026-05-24,天津漁港 釣果,https://funatsuri-yoso.com/area/amatsu.html,0,1,0,7
2026-05-24,山天丸 釣果,https://funatsuri-yoso.com/ship/yamaten-maru.html,0,2,0,11.5
2026-05-24,幸丸 飯岡,https://funatsuri-yoso.com/ship/ko-maru.html,0,1,0,8
2026-05-24,成 銀 丸,https://funatsuri-yoso.com/ship/chowari-00332.html,0,1,0,78
2026-05-24,新徳丸,https://funatsuri-yoso.com/ship/chowari-01192.html,0,1,0,8
2026-05-24,明広丸,https://funatsuri-yoso.com/ship/akihiro-maru.html,0,2,0,9.5
2026-05-24,村正丸,https://funatsuri-yoso.com/ship/chowari-00751.html,0,2,0,8.5
2026-05-24,村正丸 釣果,https://funatsuri-yoso.com/ship/chowari-00751.html,0,2,0,10
2026-05-24,正海丸,https://funatsuri-yoso.com/ship/chowari-01696.html,0,2,0,8.5
2026-05-24,沖釣り 関東,https://funatsuri-yoso.com/,0,2,0,40.5
2026-05-24,海 桜 丸 由比,https://funatsuri-yoso.com/ship/kaio-maru.html,0,2,0,9.5
2026-05-24,焼津 太刀魚 釣果,https://funatsuri-yoso.com/fish_area/tachiuo-yaizu-ogawa.html,0,1,0,11
2026-05-24,船釣り,https://funatsuri-yoso.com/area/hitachi-kuji.html,0,1,0,4
2026-05-24,長井港 アオリイカ,https://funatsuri-yoso.com/area/nagai-shinjuku.html,0,1,0,24
2026-05-24,関東 アジ 釣果,https://funatsuri-yoso.com/fish/aji.html,0,2,0,9
2026-05-24,関東 船 釣り 釣果,https://funatsuri-yoso.com/,0,1,0,15
2026-05-24,関東ヒラメ釣果,https://funatsuri-yoso.com/fish/hirame.html,0,1,0,9
2026-05-24,隆光丸,https://funatsuri-yoso.com/ship/ryuko-maru-oohara.html,0,1,0,8
2026-05-24,隆光丸 大原,https://funatsuri-yoso.com/ship/ryuko-maru-oohara.html,0,2,0,8
2026-05-24,飯岡 幸丸,https://funatsuri-yoso.com/ship/ko-maru.html,0,3,0,9.33
2026-05-24,飯岡 幸丸 釣果,https://funatsuri-yoso.com/ship/ko-maru.html,0,5,0,8.6
2026-05-24,飯岡幸丸,https://funatsuri-yoso.com/ship/ko-maru.html,0,5,0,8.2
2026-05-25,あまさけや丸 釣果,https://funatsuri-yoso.com/ship/amasakeya-maru.html,0,1,0,22
2026-05-25,アジ 関東 釣果,https://funatsuri-yoso.com/fish/aji.html,0,2,0,9.5
2026-05-25,ハナダイ 旬,https://funatsuri-yoso.com/fish_area/hanadai-kuryo.html,0,2,0,12
2026-05-25,ヒラメ 船釣り 関東,https://funatsuri-yoso.com/fish/hirame.html,0,1,0,10
2026-05-25,マルイカ 釣果,https://funatsuri-yoso.com/fish/maruika.html,0,2,0,14
2026-05-25,マルイカ 釣果 関東,https://funatsuri-yoso.com/fish/maruika.html,0,2,0,7.5
2026-05-25,マルイカ釣果,https://funatsuri-yoso.com/fish/maruika.html,0,2,0,27
2026-05-25,ヤリイカ 釣果 関東,https://funatsuri-yoso.com/fish/yariika.html,0,3,0,10.33
2026-05-25,久慈港 釣果,https://funatsuri-yoso.com/area/hitachi-kuji.html,0,1,0,15
2026-05-25,久料漁港,https://funatsuri-yoso.com/fish_area/hata-kuryo.html,0,1,0,12
2026-05-25,健清丸,https://funatsuri-yoso.com/ship/chowari-00740.html,0,6,0,7.17
2026-05-25,大洗 こうせい まる,https://funatsuri-yoso.com/ship/chowari-00740.html,0,1,0,45
2026-05-25,大洗 こうせいまる,https://funatsuri-yoso.com/ship/chowari-00740.html,0,1,0,21
2026-05-25,大洗こうせいまる,https://funatsuri-yoso.com/ship/chowari-00740.html,0,1,0,46
2026-05-25,安良里 漁港 釣り,https://funatsuri-yoso.com/fish_area/kaiwari-arari.html,0,1,0,53
2026-05-25,山天丸 釣果,https://funatsuri-yoso.com/ship/yamaten-maru.html,0,4,0,11.5
2026-05-25,幸丸,https://funatsuri-yoso.com/ship/ko-maru.html,0,1,0,33
2026-05-25,幸丸 釣果,https://funatsuri-yoso.com/ship/ko-maru.html,0,1,0,9
2026-05-25,幸丸 飯岡,https://funatsuri-yoso.com/ship/ko-maru.html,0,4,0,8.25
2026-05-25,焼津 太刀魚 釣果,https://funatsuri-yoso.com/fish_area/tachiuo-yaizu-ogawa.html,0,1,0,10
2026-05-25,長井新宿漁港,https://funatsuri-yoso.com/area/nagai-shinjuku.html,0,2,0,10.5
2026-05-25,関東 アジ,https://funatsuri-yoso.com/fish/aji.html,0,1,0,17
2026-05-25,関東 アジ 釣果,https://funatsuri-yoso.com/fish/aji.html,0,1,0,9
2026-05-25,関東 船釣り 釣果,https://funatsuri-yoso.com/,0,1,0,9
2026-05-25,関東 釣り情報,https://funatsuri-yoso.com/,0,1,0,20
2026-05-25,須原屋 釣り,https://funatsuri-yoso.com/ship/suharaya.html,0,1,0,42
2026-05-25,飯岡 幸丸,https://funatsuri-yoso.com/ship/ko-maru.html,0,4,0,8.25
2026-05-25,飯岡 幸丸 釣果,https://funatsuri-yoso.com/ship/ko-maru.html,0,4,0,9
2026-05-25,飯岡幸。,https://funatsuri-yoso.com/ship/ko-maru.html,0,1,0,10
2026-05-25,飯岡幸丸,https://funatsuri-yoso.com/ship/ko-maru.html,0,5,0,8
2026-05-25,飯岡幸丸釣果,https://funatsuri-yoso.com/ship/ko-maru.html,0,1,0,6
2026-05-26,かりゆし丸 釣果,https://funatsuri-yoso.com/ship/daisan-kariyushi-maru.html,0,1,0,11
2026-05-26,ゆうせい丸 釣果,https://funatsuri-yoso.com/ship/yusei-maru-katase.html,0,1,0,8
2026-05-26,アジ 釣り 関東,https://funatsuri-yoso.com/fish/aji.html,0,1,0,13
2026-05-26,アジ 釣果 関東,https://funatsuri-yoso.com/fish/aji.html,0,2,0,9.5
2026-05-26,アジ 関東 釣果,https://funatsuri-yoso.com/fish/aji.html,0,2,0,7.5
2026-05-26,アジング 関東,https://funatsuri-yoso.com/fish/aji.html,0,1,0,15
2026-05-26,アジ釣り 関東,https://funatsuri-yoso.com/fish/aji.html,0,2,0,10.5
2026-05-26,カイワリ 釣り 神奈川,https://funatsuri-yoso.com/fish_area/kaiwari-hiratsuka.html,0,1,0,10
2026-05-26,タチウオ 釣果,https://funatsuri-yoso.com/fish/tachiuo.html,0,1,0,23
2026-05-26,マルイカ釣果,https://funatsuri-yoso.com/fish/maruika.html,0,1,0,36
2026-05-26,ヤリイカ 釣果 関東,https://funatsuri-yoso.com/fish/yariika.html,0,1,0,10
2026-05-26,久慈港 釣果,https://funatsuri-yoso.com/area/hitachi-kuji.html,0,1,0,16
2026-05-26,伊勝丸 釣果,https://funatsuri-yoso.com/ship/ikatsu-maru.html,0,3,0,8.67
2026-05-26,伝五郎丸,https://funatsuri-yoso.com/ship/dengoro-maru.html,0,3,0,15.33
2026-05-26,伝五郎丸釣果,https://funatsuri-yoso.com/ship/dengoro-maru.html,0,2,0,11
2026-05-26,佐島海楽園 釣り,https://funatsuri-yoso.com/ship/sashima-kairakuen.html,0,1,0,9
2026-05-26,哲夫丸 釣果,https://funatsuri-yoso.com/ship/tetsuo-maru.html,0,1,0,9
2026-05-26,大洗港 釣果,https://funatsuri-yoso.com/area/oarai.html,0,1,0,25
2026-05-26,大貫丸,https://funatsuri-yoso.com/ship/onuki-maru.html,0,2,0,25.5
2026-05-26,大貫丸 ブログ,https://funatsuri-yoso.com/ship/onuki-maru.html,0,1,0,31
2026-05-26,天津港 釣果,https://funatsuri-yoso.com/area/amatsu.html,0,1,0,12
2026-05-26,山天丸 釣果,https://funatsuri-yoso.com/ship/yamaten-maru.html,0,3,0,11
2026-05-26,幸丸,https://funatsuri-yoso.com/ship/ko-maru.html,0,1,0,42
2026-05-26,幸丸 予約,https://funatsuri-yoso.com/ship/ko-maru.html,0,1,0,11
2026-05-26,幸丸 飯岡,https://funatsuri-yoso.com/ship/ko-maru.html,0,10,0,7.7
2026-05-26,日立丸,https://funatsuri-yoso.com/ship/hitachi-maru.html,0,1,0,8
2026-05-26,正八丸,https://funatsuri-yoso.com/ship/shohachi-maru.html,0,1,0,28
2026-05-26,深田正夫丸,https://funatsuri-yoso.com/ship/fukada-masao-maru.html,0,2,0,11
2026-05-26,片貝 釣り船,https://funatsuri-yoso.com/fish_area/isaki-katakai.html,0,1,0,47
2026-05-26,片貝釣り船,https://funatsuri-yoso.com/fish_area/isaki-katakai.html,0,1,0,54
2026-05-26,第三かりゆし丸,https://funatsuri-yoso.com/ship/daisan-kariyushi-maru.html,0,4,0,5.5
2026-05-26,鈴喜丸,https://funatsuri-yoso.com/ship/suzuki-maru-ajiro.html,0,2,0,9.5
2026-05-26,鈴喜丸 網代,https://funatsuri-yoso.com/ship/suzuki-maru-ajiro.html,0,1,0,8
2026-05-26,長井新宿港,https://funatsuri-yoso.com/area/nagai-shinjuku.html,0,2,0,10
2026-05-26,須原屋 船宿,https://funatsuri-yoso.com/ship/suharaya.html,1,1,1,36
2026-05-26,飯岡 幸丸,https://funatsuri-yoso.com/ship/ko-maru.html,0,4,0,9.5
2026-05-26,飯岡 幸丸 釣果,https://funatsuri-yoso.com/ship/ko-maru.html,0,2,0,7.5
2026-05-26,飯岡幸丸,https://funatsuri-yoso.com/ship/ko-maru.html,0,9,0,8.56
2026-05-26,鹿島 船宿,https://funatsuri-yoso.com/fish_area/hanadai-kashima.html,0,1,0,23
2026-05-27,ことぶき丸,https://funatsuri-yoso.com/ship/kotobuki-maru.html,0,2,0,17
2026-05-27,ち が さき 丸 釣果,https://funatsuri-yoso.com/ship/chigasaki-maru.html,0,1,0,14
2026-05-27,なる銀丸 釣果,https://funatsuri-yoso.com/ship/narigin-maru.html,0,1,0,24
2026-05-27,アジ 釣果 関東,https://funatsuri-yoso.com/fish/aji.html,0,1,0,10
2026-05-27,アジ釣果,https://funatsuri-yoso.com/fish/aji.html,1,1,1,4
2026-05-27,タチウオ 釣果,https://funatsuri-yoso.com/fish/tachiuo.html,0,1,0,22
2026-05-27,ヒラメ 船釣り 関東,https://funatsuri-yoso.com/fish/hirame.html,0,1,0,8
2026-05-27,ヤリイカ 釣果 関東,https://funatsuri-yoso.com/fish/yariika.html,0,2,0,10.5
2026-05-27,久寿丸,https://funatsuri-yoso.com/ship/kyuju-maru.html,0,1,0,30
2026-05-27,久慈港 釣果,https://funatsuri-yoso.com/area/hitachi-kuji.html,0,1,0,14
2026-05-27,今 何が釣れる,https://funatsuri-yoso.com/,0,1,0,21
2026-05-27,伝五郎丸,https://funatsuri-yoso.com/ship/dengoro-maru.html,0,1,0,10
2026-05-27,伝五郎丸釣果,https://funatsuri-yoso.com/ship/dengoro-maru.html,0,2,0,11
2026-05-27,勝美丸 小田原,https://funatsuri-yoso.com/ship/katsumi-maru.html,0,2,0,10.5
2026-05-27,哲夫丸,https://funatsuri-yoso.com/ship/tetsuo-maru.html,0,1,0,8
2026-05-27,哲夫丸 釣果,https://funatsuri-yoso.com/ship/tetsuo-maru.html,0,1,0,10
2026-05-27,大貫丸 予約 状況,https://funatsuri-yoso.com/ship/onuki-maru.html,0,3,0,10
2026-05-27,山天丸 釣果,https://funatsuri-yoso.com/ship/yamaten-maru.html,0,8,0,11.38
2026-05-27,弁天丸 釣果,https://funatsuri-yoso.com/ship/benten-maru.html,0,2,0,8
2026-05-27,日立丸 釣果,https://funatsuri-yoso.com/ship/hitachi-maru.html,0,1,0,11
2026-05-27,木更津 タチウオ テンヤ 船宿,https://funatsuri-yoso.com/fish/tachiuo.html,0,1,0,9
2026-05-27,第三かりゆし丸,https://funatsuri-yoso.com/ship/daisan-kariyushi-maru.html,0,2,0,7.5
2026-05-27,網代鈴喜丸,https://funatsuri-yoso.com/ship/suzuki-maru-ajiro.html,0,2,0,10
2026-05-27,義心丸 釣果,https://funatsuri-yoso.com/ship/gishin-maru.html,0,1,0,9
2026-05-27,茅ヶ崎丸 釣果,https://funatsuri-yoso.com/ship/chigasaki-maru.html,0,1,0,20
2026-05-27,釣り船鶴,https://funatsuri-yoso.com/ship/tsuribune-tsuru.html,0,2,0,7.5
2026-05-27,鈴喜丸,https://funatsuri-yoso.com/ship/suzuki-maru-ajiro.html,0,4,0,9.25
2026-05-27,鈴喜丸 網代,https://funatsuri-yoso.com/ship/suzuki-maru-ajiro.html,0,1,0,9
2026-05-27,長井新宿港,https://funatsuri-yoso.com/area/nagai-shinjuku.html,0,3,0,10
2026-05-27,関東 アジ 釣果,https://funatsuri-yoso.com/fish/aji.html,0,1,0,10
2026-05-27,飯岡港 釣り船,https://funatsuri-yoso.com/ship/ko-maru.html,0,1,0,37
2026-05-27,鹿島 利喜丸,https://funatsuri-yoso.com/ship/riki-maru.html,0,1,0,25
2026-05-27,鹿島利喜丸,https://funatsuri-yoso.com/ship/riki-maru.html,0,1,0,18
2026-05-27,黒川本家 久里浜,https://funatsuri-yoso.com/ship/kurokawa-honke-kurihama.html,0,1,0,20
2026-05-28,seekers 釣華丸,https://funatsuri-yoso.com/ship/tsurihana-maru-seekers.html,0,4,0,22.5
2026-05-28,ちがさき丸 釣果,https://funatsuri-yoso.com/ship/chigasaki-maru.html,0,1,0,14
2026-05-28,つり船房丸,https://funatsuri-yoso.com/ship/bo-maru.html,0,4,0,27.75
2026-05-28,まさおまる,https://funatsuri-yoso.com/ship/fukada-masao-maru.html,0,5,0,13.4
2026-05-28,ゆうせい丸 釣果,https://funatsuri-yoso.com/ship/yusei-maru-katase.html,0,1,0,9
2026-05-28,アジ 釣果 関東,https://funatsuri-yoso.com/fish/aji.html,0,1,0,11
2026-05-28,アジ 関東 釣果,https://funatsuri-yoso.com/fish/aji.html,0,2,0,8
2026-05-28,アップタイドクルージング,https://funatsuri-yoso.com/ship/uptide-cruise.html,0,1,0,16
2026-05-28,カサゴの旬はいつ,https://funatsuri-yoso.com/fish_area/kasago-toda-shizuoka.html,0,1,0,8
2026-05-28,タチウオ 釣果,https://funatsuri-yoso.com/fish/tachiuo.html,0,1,0,23
2026-05-28,ヒラメ 船釣り 関東,https://funatsuri-yoso.com/fish/hirame.html,0,1,0,10
2026-05-28,ビシアジ 船宿,https://funatsuri-yoso.com/fish/bishi-aji.html,0,1,0,5
2026-05-28,マルイカ 釣果,https://funatsuri-yoso.com/fish/maruika.html,0,2,0,10
2026-05-28,マルイカ 釣果 関東,https://funatsuri-yoso.com/fish/maruika.html,0,1,0,8
2026-05-28,マルイカ釣果,https://funatsuri-yoso.com/fish/maruika.html,0,1,0,35
2026-05-28,ムギイカ 釣果,https://funatsuri-yoso.com/fish/mugiika.html,0,1,0,11
2026-05-28,ヤリイカ 釣果 関東,https://funatsuri-yoso.com/fish/yariika.html,0,1,0,4
2026-05-28,久寿丸,https://funatsuri-yoso.com/ship/kyuju-maru.html,0,3,0,29
2026-05-28,久慈港 釣果,https://funatsuri-yoso.com/area/hitachi-kuji.html,0,1,0,16
2026-05-28,伝五郎丸,https://funatsuri-yoso.com/ship/dengoro-maru.html,0,2,0,10
2026-05-28,佐島海楽園 レビュー,https://funatsuri-yoso.com/ship/sashima-kairakuen.html,0,1,0,21
2026-05-28,佐島港・海楽園,https://funatsuri-yoso.com/ship/sashima-kairakuen.html,0,2,0,14
2026-05-28,勝美丸 小田原,https://funatsuri-yoso.com/ship/katsumi-maru.html,0,3,0,11.33
2026-05-28,勝美丸 釣果,https://funatsuri-yoso.com/ship/katsumi-maru.html,0,1,0,12
2026-05-28,哲夫丸,https://funatsuri-yoso.com/ship/tetsuo-maru.html,0,3,0,11
2026-05-28,大貫 丸,https://funatsuri-yoso.com/ship/onuki-maru.html,0,3,0,38
2026-05-28,天津港 釣果,https://funatsuri-yoso.com/area/amatsu.html,0,1,0,11
2026-05-28,山天丸 釣果,https://funatsuri-yoso.com/ship/yamaten-maru.html,0,12,0,11.25
2026-05-28,平塚 釣果,https://funatsuri-yoso.com/fish_area/onikasago-hiratsuka.html,0,2,0,28.5
2026-05-28,弁天丸 釣果,https://funatsuri-yoso.com/ship/benten-maru.html,0,6,0,7.33
2026-05-28,御宿 喜久丸,https://funatsuri-yoso.com/ship/kikyu-maru.html,0,1,0,29
2026-05-28,日立丸,https://funatsuri-yoso.com/ship/hitachi-maru.html,0,1,0,34
2026-05-28,日立丸 釣果,https://funatsuri-yoso.com/ship/hitachi-maru.html,0,1,0,13
2026-05-28,木更津 タチウオ テンヤ 船宿,https://funatsuri-yoso.com/fish/tachiuo.html,0,2,0,9
2026-05-28,木更津 富津 タチウオ テンヤ 船宿,https://funatsuri-yoso.com/fish/tachiuo.html,0,1,0,11
2026-05-28,木更津港 タチウオ テンヤ 船宿,https://funatsuri-yoso.com/fish/tachiuo.html,0,1,0,10
2026-05-28,東京湾 マルイカ,https://funatsuri-yoso.com/fish/maruika.html,0,1,0,6
2026-05-28,植田丸,https://funatsuri-yoso.com/ship/ueda-maru.html,0,3,0,28.33
2026-05-28,沼津 江浦港 伊勝丸,https://funatsuri-yoso.com/ship/ikatsu-maru.html,0,4,0,24.75
2026-05-28,清栄丸,https://funatsuri-yoso.com/ship/seiei-maru.html,0,2,0,22.5
2026-05-28,焼津 太刀魚 釣果,https://funatsuri-yoso.com/fish_area/tachiuo-yaizu-ogawa.html,0,1,0,11
2026-05-28,第三かりゆし丸,https://funatsuri-yoso.com/ship/daisan-kariyushi-maru.html,0,6,0,6.67
2026-05-28,第十五祥運丸,https://funatsuri-yoso.com/ship/chowari-01241.html,0,4,0,12.75
2026-05-28,網代鈴喜丸,https://funatsuri-yoso.com/ship/suzuki-maru-ajiro.html,0,2,0,10
2026-05-28,船宿 須原屋,https://funatsuri-yoso.com/ship/suharaya.html,0,2,0,27
2026-05-28,茅ヶ崎船宿,https://funatsuri-yoso.com/area/chigasaki.html,0,1,0,13
2026-05-28,釣 華 丸 料金,https://funatsuri-yoso.com/ship/tsurihana-maru-seekers.html,0,1,0,18
2026-05-28,釣り 速報 関東,https://funatsuri-yoso.com/,0,1,0,18
2026-05-28,釣り船鶴,https://funatsuri-yoso.com/ship/tsuribune-tsuru.html,0,2,0,8
2026-05-28,釣果情報,https://funatsuri-yoso.com/,0,1,0,59
2026-05-28,長井新宿港,https://funatsuri-yoso.com/area/nagai-shinjuku.html,0,3,0,10
2026-05-29,はやぶさ丸,https://funatsuri-yoso.com/ship/hayabusa-maru-shiba.html,0,1,0,31
2026-05-29,アジ 釣果,https://funatsuri-yoso.com/fish/aji.html,0,1,0,11
2026-05-29,アジ 釣果 関東,https://funatsuri-yoso.com/fish/aji.html,0,1,0,10
2026-05-29,アジ 関東 釣果,https://funatsuri-yoso.com/fish/aji.html,0,2,0,8
2026-05-29,シマアジ 釣り 関東,https://funatsuri-yoso.com/fish/shima-aji.html,0,2,0,12
2026-05-29,タチウオ 釣果,https://funatsuri-yoso.com/fish/tachiuo.html,0,2,0,15.5
2026-05-29,ハナダイ 旬,https://funatsuri-yoso.com/fish_area/hanadai-kuryo.html,0,2,0,11.5
2026-05-29,ヒラメ 船釣り 関東,https://funatsuri-yoso.com/fish/hirame.html,0,1,0,9
2026-05-29,ブルードラゴン 大洗,https://funatsuri-yoso.com/ship/blue-dragon.html,0,1,0,8
2026-05-29,マルイカ 釣果 関東,https://funatsuri-yoso.com/fish/maruika.html,0,1,0,10
2026-05-29,マルイカ釣果,https://funatsuri-yoso.com/fish/maruika.html,0,1,0,37
2026-05-29,ヤリイカ 釣果 関東,https://funatsuri-yoso.com/fish/yariika.html,0,2,0,10.5
2026-05-29,仁徳丸 料金,https://funatsuri-yoso.com/ship/nintoku-maru.html,0,1,0,12
2026-05-29,伝五郎丸,https://funatsuri-yoso.com/ship/dengoro-maru.html,0,2,0,13.5
2026-05-29,佐島海楽園 レビュー,https://funatsuri-yoso.com/ship/sashima-kairakuen.html,0,1,0,20
2026-05-29,入田浜 ワラサ 釣果,https://funatsuri-yoso.com/fish/warasa.html,0,2,0,8
2026-05-29,勝美丸 小田原,https://funatsuri-yoso.com/ship/katsumi-maru.html,0,1,0,11
2026-05-29,哲夫丸,https://funatsuri-yoso.com/ship/tetsuo-maru.html,0,1,0,8
2026-05-29,哲夫丸 釣果,https://funatsuri-yoso.com/ship/tetsuo-maru.html,0,1,0,10
2026-05-29,喜久丸 釣果,https://funatsuri-yoso.com/ship/kikyu-maru.html,0,1,0,18
2026-05-29,大貫丸 予約 状況,https://funatsuri-yoso.com/ship/onuki-maru.html,0,1,0,11
2026-05-29,天津港 釣果,https://funatsuri-yoso.com/area/amatsu.html,0,2,0,11
2026-05-29,天津漁港,https://funatsuri-yoso.com/area/amatsu.html,0,1,0,46
2026-05-29,山天丸,https://funatsuri-yoso.com/ship/yamaten-maru.html,0,1,0,12
2026-05-29,山天丸 釣果,https://funatsuri-yoso.com/ship/yamaten-maru.html,0,10,0,11.1
2026-05-29,弁天丸 釣果,https://funatsuri-yoso.com/ship/benten-maru.html,0,5,0,7.8
2026-05-29,新徳丸 釣果,https://funatsuri-yoso.com/ship/shintoku-maru.html,0,1,0,7
2026-05-29,日立 丸,https://funatsuri-yoso.com/ship/hitachi-maru.html,0,1,0,44
2026-05-29,日立丸,https://funatsuri-yoso.com/ship/hitachi-maru.html,0,3,0,31.67
2026-05-29,木更津 タチウオ テンヤ 船宿,https://funatsuri-yoso.com/fish/tachiuo.html,0,1,0,8
2026-05-29,木更津 君津 タチウオ テンヤ 船宿,https://funatsuri-yoso.com/fish/tachiuo.html,0,1,0,11
2026-05-29,沼津 真鯛 釣果,https://funatsuri-yoso.com/fish_area/madai-enoura.html,0,1,0,12
2026-05-29,沼津 秀丸 出船 時間,https://funatsuri-yoso.com/fish/maruika.html,0,1,0,28
2026-05-29,焼津 太刀魚 釣果,https://funatsuri-yoso.com/fish_area/tachiuo-yaizu-ogawa.html,0,1,0,12
2026-05-29,第三かりゆし丸,https://funatsuri-yoso.com/ship/daisan-kariyushi-maru.html,0,4,0,6.75
2026-05-29,興栄丸,https://funatsuri-yoso.com/ship/koei-maru-yaizu.html,0,2,0,5.5
2026-05-29,興栄丸 焼津,https://funatsuri-yoso.com/ship/koei-maru-yaizu.html,0,1,0,6
2026-05-29,茅ヶ崎 船宿,https://funatsuri-yoso.com/area/chigasaki.html,0,1,0,11
2026-05-29,豆や 釣果,https://funatsuri-yoso.com/ship/funayado-mameya.html,0,1,0,10
2026-05-29,那珂湊つれたか丸,https://funatsuri-yoso.com/ship/daini-tsuretaka-maru.html,0,1,0,19
2026-05-29,釣り 速報,https://funatsuri-yoso.com/,0,1,0,37
2026-05-29,釣り船鶴,https://funatsuri-yoso.com/ship/tsuribune-tsuru.html,0,1,0,8
2026-05-29,鈴喜丸,https://funatsuri-yoso.com/ship/suzuki-maru-ajiro.html,0,1,0,17
2026-05-29,鈴喜丸 網代,https://funatsuri-yoso.com/ship/suzuki-maru-ajiro.html,0,1,0,9
2026-05-29,長井新宿港,https://funatsuri-yoso.com/area/nagai-shinjuku.html,0,2,0,11
2026-05-29,関東 アジ 釣果,https://funatsuri-yoso.com/fish/aji.html,0,1,0,8
2026-05-29,関東 船釣り 釣果,https://funatsuri-yoso.com/fish/aji.html,0,1,0,9
2026-05-30,アジ 釣果 関東,https://funatsuri-yoso.com/fish/aji.html,0,1,0,10
2026-05-30,シマアジ 船釣り 関東,https://funatsuri-yoso.com/fish/shima-aji.html,0,1,0,8
2026-05-30,タチウオ 釣果,https://funatsuri-yoso.com/fish/tachiuo.html,0,2,0,20.5
2026-05-30,ハナダイ 旬,https://funatsuri-yoso.com/fish/hanadai.html,0,1,0,11
2026-05-30,ヒラメ 船釣り 関東,https://funatsuri-yoso.com/fish/hirame.html,0,2,0,11
2026-05-30,マルイカ 釣果,https://funatsuri-yoso.com/fish/maruika.html,0,2,0,12
2026-05-30,マルイカ釣果,https://funatsuri-yoso.com/fish/maruika.html,0,1,0,12
2026-05-30,ヤリイカ 釣果 関東,https://funatsuri-yoso.com/fish/yariika.html,0,4,0,11.5
2026-05-30,三喜丸 釣果 情報,https://funatsuri-yoso.com/ship/miki-maru-tsuribuneten.html,0,1,0,11
2026-05-30,下田 シマアジ 船,https://funatsuri-yoso.com/fish_area/shima-aji-shimoda.html,0,1,0,16
2026-05-30,仁徳丸,https://funatsuri-yoso.com/ship/nintoku-maru.html,0,14,0,6
2026-05-30,仁徳丸釣果,https://funatsuri-yoso.com/ship/nintoku-maru.html,0,1,0,8
2026-05-30,佐島 釣果,https://funatsuri-yoso.com/area/sajima.html,0,1,0,9
2026-05-30,佐衛美丸,https://funatsuri-yoso.com/ship/saemi-maru.html,0,1,0,7
2026-05-30,佐衛美丸 釣果,https://funatsuri-yoso.com/ship/saemi-maru.html,0,1,0,11
2026-05-30,君津港 タチウオ テンヤ 船宿,https://funatsuri-yoso.com/fish/tachiuo.html,0,3,0,7.67
2026-05-30,哲夫丸 釣果,https://funatsuri-yoso.com/ship/tetsuo-maru.html,0,1,0,10
2026-05-30,大原 イサキ 釣果,https://funatsuri-yoso.com/fish_area/isaki-ohara.html,0,1,0,15
2026-05-30,大原船宿,https://funatsuri-yoso.com/area/ohara.html,0,1,0,30
2026-05-30,大洗 釣り 釣果,https://funatsuri-yoso.com/area/oarai.html,0,2,0,12.5
2026-05-30,大洗港 釣り可能エリア,https://funatsuri-yoso.com/area/oarai.html,0,1,0,6
2026-05-30,大洗港 釣果,https://funatsuri-yoso.com/area/oarai.html,0,1,0,9
2026-05-30,大洗港釣果,https://funatsuri-yoso.com/area/oarai.html,0,1,0,11
2026-05-30,天津港 釣り,https://funatsuri-yoso.com/area/amatsu.html,0,2,0,8
2026-05-30,広島屋 釣果,https://funatsuri-yoso.com/ship/hiroshimaya.html,1,1,1,15
2026-05-30,弁天丸 釣果,https://funatsuri-yoso.com/ship/benten-maru.html,0,5,0,8.4
2026-05-30,新徳丸 釣果,https://funatsuri-yoso.com/ship/shintoku-maru.html,0,1,0,7
2026-05-30,木更津 タチウオ テンヤ 船宿,https://funatsuri-yoso.com/fish/tachiuo.html,0,1,0,9
2026-05-30,木更津 君津 タチウオ テンヤ 船宿,https://funatsuri-yoso.com/fish/tachiuo.html,0,1,0,11
2026-05-30,焼津 太刀魚 釣果,https://funatsuri-yoso.com/fish_area/tachiuo-yaizu-ogawa.html,0,1,0,11
2026-05-30,焼津こうえいまる,https://funatsuri-yoso.com/ship/koei-maru-yaizu.html,0,1,0,9
2026-05-30,片貝 船宿,https://funatsuri-yoso.com/area/katakai.html,0,1,0,16
2026-05-30,興栄丸,https://funatsuri-yoso.com/ship/koei-maru-yaizu.html,0,2,0,9
2026-05-30,茅ヶ崎 船宿,https://funatsuri-yoso.com/area/chigasaki.html,0,1,0,11
2026-05-30,金沢八景 小柴丸 釣果,https://funatsuri-yoso.com/ship/koshiba-maru.html,0,1,0,8
2026-05-30,釣り船鶴,https://funatsuri-yoso.com/ship/tsuribune-tsuru.html,0,2,0,8
2026-05-30,鈴喜丸 網代,https://funatsuri-yoso.com/ship/suzuki-maru-ajiro.html,0,1,0,9
2026-05-30,関東 アオリイカ,https://funatsuri-yoso.com/fish/aoriika.html,0,1,0,12
2026-05-30,関東 アジ 釣果,https://funatsuri-yoso.com/fish/aji.html,0,2,0,9
2026-05-30,飯岡 漁港 釣果,https://funatsuri-yoso.com/area/iioka.html,0,1,0,21
2026-05-31,かめだや 釣果,https://funatsuri-yoso.com/ship/kamedaya.html,0,1,0,17
2026-05-31,ち が さき 丸 釣果,https://funatsuri-yoso.com/ship/chigasaki-maru.html,0,1,0,13
2026-05-31,やまてん丸 釣果,https://funatsuri-yoso.com/ship/yamaten-maru.html,0,1,0,14
2026-05-31,アオリイカ 釣果 関東,https://funatsuri-yoso.com/fish/aoriika.html,0,1,0,7
2026-05-31,アジ 関東 釣果,https://funatsuri-yoso.com/fish/aji.html,0,1,0,9
2026-05-31,アジ釣り 関東,https://funatsuri-yoso.com/fish/aji.html,0,1,0,8
2026-05-31,カレイ釣り 関東,https://funatsuri-yoso.com/fish/karei.html,0,2,0,6.5
2026-05-31,シマアジ 釣り 関東,https://funatsuri-yoso.com/fish/shima-aji.html,0,1,0,10
2026-05-31,タチウオ 釣果,https://funatsuri-yoso.com/fish/tachiuo.html,0,1,0,20
2026-05-31,ヒラメ釣り 関東,https://funatsuri-yoso.com/fish/hirame.html,0,1,0,11
2026-05-31,ブルードラゴン 大洗,https://funatsuri-yoso.com/ship/blue-dragon.html,0,1,0,10
2026-05-31,マルイカ 釣果,https://funatsuri-yoso.com/fish/maruika.html,0,3,0,10
2026-05-31,マルイカ 釣果 関東,https://funatsuri-yoso.com/fish/maruika.html,0,1,0,4
2026-05-31,マルイカ釣果,https://funatsuri-yoso.com/fish/maruika.html,0,1,0,10
2026-05-31,ムギイカ 釣果,https://funatsuri-yoso.com/fish/mugiika.html,0,2,0,9
2026-05-31,ムギイカ釣果,https://funatsuri-yoso.com/fish/mugiika.html,0,1,0,6
2026-05-31,三喜丸 釣果 情報,https://funatsuri-yoso.com/ship/miki-maru-tsuribuneten.html,0,1,0,10
2026-05-31,仁徳丸,https://funatsuri-yoso.com/ship/nintoku-maru.html,0,65,0,6.17
2026-05-31,仁徳丸釣果,https://funatsuri-yoso.com/ship/nintoku-maru.html,0,5,0,8.6
2026-05-31,佐衛美丸,https://funatsuri-yoso.com/ship/saemi-maru.html,1,1,1,22
2026-05-31,勝島運河 釣り,https://funatsuri-yoso.com/fish_area/hirame-samezu-katsushima.html,0,1,0,31
2026-05-31,大 松丸,https://funatsuri-yoso.com/ship/omatsu-maru.html,0,1,0,39
2026-05-31,大 松丸 の 釣果,https://funatsuri-yoso.com/ship/omatsu-maru.html,0,1,0,16
2026-05-31,大原,https://funatsuri-yoso.com/area/ohara.html,0,1,0,27
2026-05-31,大原 つる丸,https://funatsuri-yoso.com/area/ohara.html,0,1,0,7
2026-05-31,大洗ブルードラゴン,https://funatsuri-yoso.com/ship/blue-dragon.html,0,1,0,10
2026-05-31,小柴丸 釣果,https://funatsuri-yoso.com/ship/koshiba-maru.html,0,5,0,7.8
2026-05-31,山天丸,https://funatsuri-yoso.com/ship/yamaten-maru.html,0,2,0,8.5
2026-05-31,弁天丸 釣果,https://funatsuri-yoso.com/ship/benten-maru.html,0,5,0,8
2026-05-31,日立丸 釣果,https://funatsuri-yoso.com/ship/hitachi-maru.html,0,2,0,10.5
2026-05-31,木更津 タチウオ テンヤ 船宿,https://funatsuri-yoso.com/fish/tachiuo.html,0,2,0,8.5
2026-05-31,木更津港 タチウオ テンヤ 船宿,https://funatsuri-yoso.com/fish/tachiuo.html,0,1,0,12
2026-05-31,梅花丸 釣果,https://funatsuri-yoso.com/ship/baika-maru.html,0,1,0,7
2026-05-31,梅花丸釣果,https://funatsuri-yoso.com/ship/baika-maru.html,0,2,0,8
2026-05-31,江戸川放水路 釣果,https://funatsuri-yoso.com/fish_area/seabass-edogawa.html,0,1,0,16
2026-05-31,波崎 アカムツ,https://funatsuri-yoso.com/fish_area/akamutsu-hasaki.html,0,1,0,15
2026-05-31,焼津 興栄丸,https://funatsuri-yoso.com/ship/koei-maru-yaizu.html,0,2,0,9
2026-05-31,興栄丸,https://funatsuri-yoso.com/ship/koei-maru-yaizu.html,0,2,0,9.5
2026-05-31,茅ヶ崎 船宿,https://funatsuri-yoso.com/area/chigasaki.html,0,4,0,15.25
2026-05-31,豆や 釣果,https://funatsuri-yoso.com/ship/funayado-mameya.html,0,1,0,10
2026-05-31,関東 アオリイカ 釣果,https://funatsuri-yoso.com/fish/aoriika.html,0,1,0,7
2026-05-31,関東ヒラメ釣果,https://funatsuri-yoso.com/fish/hirame.html,0,2,0,4
2026-05-31,飯岡漁港 釣果,https://funatsuri-yoso.com/area/iioka.html,0,1,0,10
